eth_sent,eth_received,num_sent_txs,num_received_txs,total_txs,address
0.0013039922332225,0.0,1,0,1,0xd81981bf341e29e33408a276ed89e57804da84e5
0.007272729610484799,0.0218948772332225,81,4,85,0x0036e709d27a53a5ab6aefc5103e16c4e1766704
0.0162,0.0,2,0,2,0x5815ecadec9950e3289a40e8a5440bde455af37c
0.049670043000000004,0.0,6,0,6,0x17f1a51da68d27c94d2a51d92b27b5bd4718b986
0.0,0.0,0,11205,11205,0xdac17f958d2ee523a2206206994597c13d831ec7
0.0,0.0053587296104847994,0,2,2,0x135e56888f5e2cb57cfa348ff06ed04cc394e1f2
0.0,0.001914,0,1,1,0x0a9e3d1d466eddcac60a3a627e71d853ae1d8e4f
