eth_sent,eth_received,num_sent_txs,num_received_txs,total_txs,in_degree,out_degree,sent_received_ratio,address,account_age_days,avg_time_diff_hours,avg_tx_value,std_dev_tx_value
1.5e-10,0.0,2,0,2,0,1,0.00015000000000000001,0xf0b1904dd4a2141a89d9cfde096491292797535e,0.0002777777777777778,0.006666666666666667,7.5e-11,1.0606601717798214e-10
0.0083384985213029,0.0,1,0,1,0,1,8338.4985213029,0x813d2584420f3a552a3538d02781d5e8d463ec85,0.0,0.0,0.0083384985213029,0.0
0.0002481066481148,0.0,1,0,1,0,1,248.1066481148,0x8919a6720438e6056c1fef5d9c83d7221f5de884,0.0,0.0,0.0002481066481148,0.0
0.1477499484043129,0.0,1,0,1,0,1,147749.94840431292,0xd3cd3a6f09451e1ad845701ba5ee0dcfaa573c88,0.0,0.0,0.1477499484043129,0.0
0.0,0.15633655372373062,0,4,4,4,0,0.0,0x0000675df9c2aa9e4147804d07d319fd75950000,0.02625,0.21,0.039084138430932655,0.0725473635184227
