eth_sent,eth_received,num_sent_txs,num_received_txs,total_txs,address
1.5e-10,0.0,2,0,2,0xf0b1904dd4a2141a89d9cfde096491292797535e
0.0083384985213029,0.0,1,0,1,0x813d2584420f3a552a3538d02781d5e8d463ec85
0.0002481066481148,0.0,1,0,1,0x8919a6720438e6056c1fef5d9c83d7221f5de884
0.1477499484043129,0.0,1,0,1,0xd3cd3a6f09451e1ad845701ba5ee0dcfaa573c88
0.0,0.15633655372373062,0,4,4,0x0000675df9c2aa9e4147804d07d319fd75950000
