eth_sent,eth_received,num_sent_txs,num_received_txs,total_txs,address
0.0,0.161453513212306,164,3,167,0x03a8343d0a6c070c36d5218679418d9443882858
0.049670043000000004,0.0,6,0,6,0x17f1a51da68d27c94d2a51d92b27b5bd4718b986
0.0,0.045279158,0,9,9,0x002729c28f4f72bc58db32afcd97658aa1ac53af
