eth_sent,eth_received,num_sent_txs,num_received_txs,total_txs,in_degree,out_degree,sent_received_ratio,address,account_age_days,avg_time_diff_hours,avg_tx_value,std_dev_tx_value
0.0,0.161453513212306,164,3,167,2,35,0.0,0x03a8343d0a6c070c36d5218679418d9443882858,117.99625,17.059698795180722,0.0009667875042653054,0.009609188805766996
0.049670043000000004,0.0,6,0,6,0,2,49670.043000000005,0x17f1a51da68d27c94d2a51d92b27b5bd4718b986,6.430416666666667,30.866000000000003,0.0082783405,0.004129212440650917
0.0,0.045279158,0,9,9,2,0,0.0,0x002729c28f4f72bc58db32afcd97658aa1ac53af,5.714027777777778,17.142083333333332,0.005031017555555555,0.005582980785630717
