eth_sent,eth_received,num_sent_txs,num_received_txs,total_txs,address
0.061,0.0,1,0,1,0xc10333c4b9b2103d9d3c0d2f478fe5e9f8536511
0.0,0.0,1,0,1,0xc1011aaa335f736d7587d0e36c3bc0d51beab511
0.06081014252226698,0.061,4,2,6,0x0104a1a96d812a7e5dceea74af03376208aba0c6
0.0,0.000441987185551172,0,2,2,0xb23172f9b38765f066adf42e85f25ae6b017d3d4
0.0,0.0003556254603,0,1,1,0x6332be2e6e358b4a336d41b39ae698e891b88ad6
0.0,0.1821127616468135,0,3,3,0x5e6ebb042acf1f09c0ba5f4a8638ccd9f1cdf409
