eth_sent,eth_received,num_sent_txs,num_received_txs,total_txs,address
0.30000000000000004,0.0,3,0,3,0xdbc0513ae340a4b12df945c9d5b5a3fe8b9e9642
0.299820932553729,0.30000000000000004,3,3,6,0x010c48b0fcba62686c371c0076dbd3ef2d3bf139
1.94138112748276,391.76333283389295,5,23,28,0xbea9f7fd27f4ee20066f18def0bc586ec221055a
