eth_sent,eth_received,num_sent_txs,num_received_txs,total_txs,address,account_age_days,avg_time_diff_hours,avg_tx_value,std_dev_tx_value
129.65836502,0.0,259,0,259,0x4976a4a02f38326660d17bf34b431dc6e2eb2327,1395.5531365740742,129.81889642549527,0.500611447953668,1.5680482408800984
0.0022500000000000003,0.003795,5,1,6,0x0280c6a52f7d1049ad7a13103100b7b4efa0cc67,183.3098611111111,879.8873333333333,0.0010075,0.0015731616255172257
0.0,0.0022500000000000003,0,2,2,0x3f856bc6dc8363740f31fc8141f36d39a4031190,145.96694444444444,3503.2066666666665,0.0011250000000000001,0.0012374368670764581
0.0,0.0,0,1,1,0x83ff0d70bf7ea1955920c136d8a2915bca5a53b6,0.0,0.0,0.0,0.0
0.0,0.0,0,3,3,0x062e691c2054de82f28008a8ccc6d7a1c8ce060d,802.3822222222223,9628.586666666666,0.0,0.0
0.0,0.0,0,39,39,0x33fd426905f149f8376e227d0c9d3340aad17af1,97.27069444444444,61.43412280701754,0.0,0.0
