eth_sent,eth_received,num_sent_txs,num_received_txs,total_txs,address,account_age_days,avg_time_diff_hours,avg_tx_value,std_dev_tx_value
3.2672992500000007,0.0,38,0,38,0x32143a02fb6484d18c79fa0401c9bf760dd3de68,483.2084722222222,313.43252252252256,0.08598155921052633,0.22066229801549647
0.054983868452410996,0.05513516,8,8,16,0x02e7afec84903926a6bfc647a7ff347ceb821e31,12.038611111111111,19.261777777777777,0.006882439278275687,0.0038861075412423567
3.08701536,0.0,33,0,33,0xe6f79f8b46b30f293cfbde50ef787d2fe0610782,475.7633333333333,356.8225,0.09354592,0.20774435591040105
1.3291159499999998,0.0,40,0,40,0xdf1553a2130cbafa70a35e68efc6ccf67f0a278c,492.76472222222225,303.23982905982905,0.03322789875,0.02100522870831319
2.3699296800000003,0.0,38,0,38,0x60f9e80d0d40b2958ac39006635de782096866c3,490.9509722222222,318.4546846846847,0.06236657052631577,0.17512565178587014
1.30061826,0.0,25,0,25,0x91a0a3043f68986043d7083c4d85b558b21f0a7b,479.9613888888889,479.9613888888889,0.052024730400000004,0.07268708368747707
3.3743457000000006,0.0,26,0,26,0xa9bd318a4ca1747e6068d100e18711b529386e29,489.9775,470.3784,0.12978252692307693,0.22919760746747692
0.0,15.664700689096794,0,342,342,0xa26148ae51fa8e787df319c04137602cc018b521,126.59041666666667,8.90958944281525,0.04580321838917191,0.07843889172723464
