eth_sent,eth_received,num_sent_txs,num_received_txs,total_txs,address
129.65836502,0.0,259,0,259,0x4976a4a02f38326660d17bf34b431dc6e2eb2327
0.0022500000000000003,0.003795,5,1,6,0x0280c6a52f7d1049ad7a13103100b7b4efa0cc67
0.0,0.0022500000000000003,0,2,2,0x3f856bc6dc8363740f31fc8141f36d39a4031190
0.0,0.0,0,1,1,0x83ff0d70bf7ea1955920c136d8a2915bca5a53b6
0.0,0.0,0,3,3,0x062e691c2054de82f28008a8ccc6d7a1c8ce060d
0.0,0.0,0,39,39,0x33fd426905f149f8376e227d0c9d3340aad17af1
