eth_sent,eth_received,num_sent_txs,num_received_txs,total_txs,address
3.2672992500000007,0.0,38,0,38,0x32143a02fb6484d18c79fa0401c9bf760dd3de68
0.054983868452410996,0.05513516,8,8,16,0x02e7afec84903926a6bfc647a7ff347ceb821e31
3.08701536,0.0,33,0,33,0xe6f79f8b46b30f293cfbde50ef787d2fe0610782
1.3291159499999998,0.0,40,0,40,0xdf1553a2130cbafa70a35e68efc6ccf67f0a278c
2.3699296800000003,0.0,38,0,38,0x60f9e80d0d40b2958ac39006635de782096866c3
1.30061826,0.0,25,0,25,0x91a0a3043f68986043d7083c4d85b558b21f0a7b
3.3743457000000006,0.0,26,0,26,0xa9bd318a4ca1747e6068d100e18711b529386e29
0.0,15.664700689096794,0,342,342,0xa26148ae51fa8e787df319c04137602cc018b521
