eth_sent,eth_received,num_sent_txs,num_received_txs,total_txs,address
0.0139922461842392,0.0,3,0,3,0xc4ec333afaba3de82b508f605d41906d378ee9ca
0.017925111909909898,0.0191330261842392,7,5,12,0x03b33174c57e6f4b3c2ee610a2e095a1918d379a
0.005140779999999999,0.0,2,0,2,0x3a3027e23fe1686aeb3def668745a791c636e2cc
0.0,71.69771557070139,0,931,931,0x0000000000001ff3684f28c67538d4d072c22734
0.0,0.0,0,11205,11205,0xdac17f958d2ee523a2206206994597c13d831ec7
0.0,0.0128399996777574,0,3,3,0xa9d9bc010cd5b0d8f15867b10f3f43f56222b65d
