eth_sent,eth_received,num_sent_txs,num_received_txs,total_txs,in_degree,out_degree,sent_received_ratio,address,account_age_days,avg_time_diff_hours,avg_tx_value,std_dev_tx_value
0.0139922461842392,0.0,3,0,3,0,1,13992.2461842392,0xc4ec333afaba3de82b508f605d41906d378ee9ca,7.153472222222222,85.84166666666667,0.004664082061413066,0.002114003400779474
0.017925111909909898,0.0191330261842392,7,5,12,2,3,0.9368186150322564,0x03b33174c57e6f4b3c2ee610a2e095a1918d379a,24.230138888888888,52.86575757575758,0.0030881781745124254,0.0022048110896211964
0.005140779999999999,0.0,2,0,2,0,1,5140.78,0x3a3027e23fe1686aeb3def668745a791c636e2cc,2.5661111111111112,61.586666666666666,0.0025703899999999997,0.0002534694967841299
0.0,71.69771557070139,0,931,931,67,0,0.0,0x0000000000001ff3684f28c67538d4d072c22734,301.1926388888889,7.772713261648746,0.07701150974296604,1.0450143511542198
0.0,0.0,0,11205,11205,394,0,0.0,0xdac17f958d2ee523a2206206994597c13d831ec7,1959.5113425925927,4.197453786346146,0.0,0.0
0.0,0.0128399996777574,0,3,3,1,0,0.0,0xa9d9bc010cd5b0d8f15867b10f3f43f56222b65d,18.528194444444445,222.33833333333334,0.0042799998925858,0.0024712553196977
