eth_sent,eth_received,num_sent_txs,num_received_txs,total_txs,address
261.08561597000005,0.0,308,0,308,0xdfd5293d8e347dfe59e90efd55b2956a1343963d
2.9594767466202194,2.9601915500000002,21,22,43,0x03dad9bc6436ebdb898698ae01e0e1d92744d98a
294.24562943,0.0,240,0,240,0x9696f59e4d72e237be84ffd425dcad154bf96976
129.65836502,0.0,259,0,259,0x4976a4a02f38326660d17bf34b431dc6e2eb2327
754.93533307,0.0,221,0,221,0x56eddb7aa87536c09ccc2793473599fd21a8b17f
380.81854021000004,0.0,320,0,320,0x21a31ee1afc51d94c2efccaa2092ad1028285549
1180.83604998,16032.761666857281,297,237,534,0x28c6c06298d514db089934071355e5743bf21d60
107.05818586,5.750710136326422,11,42,53,0xb8001c3ec9aa1985f6c747e25c28324e4a361ec1
