eth_sent,eth_received,num_sent_txs,num_received_txs,total_txs,address
0.0208,0.0148809260312137,5,3,8,0x0450ddbcfc2f71f170177efd73cbb57842e39808
5.474328274967189,0.0223410433506435,28,5,33,0xd2674da94285660c9b2353131bef2d8211369a4b
0.0223410433506435,0.0344822305010463,6,11,17,0xcfc186d74af233e5e1052fffaea6f817d984406d
0.0,30.700020239009493,0,57,57,0x0439e60f02a8900a951603950d8d4527f400c3f1
