eth_sent,eth_received,num_sent_txs,num_received_txs,total_txs,address,account_age_days,avg_time_diff_hours,avg_tx_value,std_dev_tx_value
0.0208,0.0148809260312137,5,3,8,0x0450ddbcfc2f71f170177efd73cbb57842e39808,0.9484722222222223,3.251904761904762,0.0044601157539017125,0.002589655420405223
5.474328274967189,0.0223410433506435,28,5,33,0xd2674da94285660c9b2353131bef2d8211369a4b,405.04,303.78,0.1665657369187222,0.2852243295707698
0.0223410433506435,0.0344822305010463,6,11,17,0xcfc186d74af233e5e1052fffaea6f817d984406d,160.7302777777778,241.09541666666667,0.0033425455206876355,0.0034946817316188874
0.0,30.700020239009493,0,57,57,0x0439e60f02a8900a951603950d8d4527f400c3f1,676.9351388888889,290.1150595238095,0.5385968462984121,2.6703759747378006
