eth_sent,eth_received,num_sent_txs,num_received_txs,total_txs,in_degree,out_degree,sent_received_ratio,address,account_age_days,avg_time_diff_hours,avg_tx_value,std_dev_tx_value
0.0577534165949119,0.00423607,7,1,8,1,2,13.630508014951818,0x04b6ce362c6674303f5488aba6fe4e0945b320bc,63.532916666666665,217.82714285714286,0.007748685824363988,0.020259263706098752
129.65836502,0.0,259,0,259,0,66,129658365.02,0x4976a4a02f38326660d17bf34b431dc6e2eb2327,1395.5531365740742,129.81889642549527,0.500611447953668,1.5680482408800984
0.0,0.0,0,11205,11205,394,0,0.0,0xdac17f958d2ee523a2206206994597c13d831ec7,1959.5113425925927,4.197453786346146,0.0,0.0
0.0,0.0577534165949119,0,1,1,1,0,0.0,0xb141dd62bdaecd5981cc070753d54f7c89cb4adc,0.0,0.0,0.0577534165949119,0.0
