eth_sent,eth_received,num_sent_txs,num_received_txs,total_txs,address
0.0577534165949119,0.00423607,7,1,8,0x04b6ce362c6674303f5488aba6fe4e0945b320bc
129.65836502,0.0,259,0,259,0x4976a4a02f38326660d17bf34b431dc6e2eb2327
0.0,0.0,0,11205,11205,0xdac17f958d2ee523a2206206994597c13d831ec7
0.0,0.0577534165949119,0,1,1,0xb141dd62bdaecd5981cc070753d54f7c89cb4adc
