eth_sent,eth_received,num_sent_txs,num_received_txs,total_txs,address
0.0010612629494541,0.0,1,0,1,0x6f76c76ad53b41f7bc1ab5f72e61fc1df561d1ff
0.005550516627000001,0.006155046710673601,4,5,9,0x052f285235441f4117a3a3a9a96125688b447f03
0.0050937837612195,0.0,4,0,4,0xe1966408e3ea62ecdceffd396262110b2239797f
0.0,0.057100682259,0,7,7,0xe09ad398e1deee1f18fec1255c58d3dff57068a3
