eth_sent,eth_received,num_sent_txs,num_received_txs,total_txs,address
382.3806886357,0.9444430823469055,292,6,298,0x267be1c1d684f78cb4f6a176c4911b741e4ffdc0
0.11482778199450931,0.14558,21,6,27,0x05489b0bb391f9f5758d9965a7b17a18d96fdf23
0.0,285.76097099438874,0,879,879,0x881d40237659c251811cec9c364ef91dc08d300c
0.0,0.0,0,5741,5741,0xa0b86991c6218b36c1d19d4a2e9eb0ce3606eb48
0.0,383.1798895123511,0,2075,2075,0x66a9893cc07d91d95644aedd05d03f95e1dba8af
0.0,0.0,0,3,3,0xa882606494d86804b5514e07e6bd2d6a6ee6d68a
0.0,0.0,0,8,8,0x317dd5ab50c6948f6486b9ed65c4ba1eb678a529
