eth_sent,eth_received,num_sent_txs,num_received_txs,total_txs,address,account_age_days,avg_time_diff_hours,avg_tx_value,std_dev_tx_value
754.93533307,0.0,221,0,221,0x56eddb7aa87536c09ccc2793473599fd21a8b17f,1513.7317476851852,165.1343724747475,3.415996982217195,31.648237211748274
0.0,0.005501,20,2,22,0x0577ec3fdc8287972b47b12753fabeaa2684f778,6.968333333333334,7.963809523809524,0.00025004545454545456,0.0011725938068788935
1e-06,0.0,1,0,1,0xc1136dc6a30d13cd41f0ecb452393a4a183cd975,0.0,0.0,1e-06,0.0
0.0,0.0,0,11205,11205,0xdac17f958d2ee523a2206206994597c13d831ec7,1959.5113425925927,4.197453786346146,0.0,0.0
