eth_sent,eth_received,num_sent_txs,num_received_txs,total_txs,address,account_age_days,avg_time_diff_hours,avg_tx_value,std_dev_tx_value
382.3806886357,0.9444430823469055,292,6,298,0x267be1c1d684f78cb4f6a176c4911b741e4ffdc0,2954.578622685185,238.75382809577255,1.2863259453625733,7.159234666486514
0.11482778199450931,0.14558,21,6,27,0x05489b0bb391f9f5758d9965a7b17a18d96fdf23,3.6255555555555556,3.7831884057971017,0.009644732666463308,0.028091120617068064
0.0,285.76097099438874,0,879,879,0x881d40237659c251811cec9c364ef91dc08d300c,1672.187210648148,45.708989812705646,0.3250978054543672,3.087918266149857
0.0,0.0,0,5741,5741,0xa0b86991c6218b36c1d19d4a2e9eb0ce3606eb48,1915.7207175925926,8.009982094463803,0.0,0.0
0.0,383.1798895123511,0,2075,2075,0x66a9893cc07d91d95644aedd05d03f95e1dba8af,180.97180555555556,2.094177113468338,0.18466500699390412,0.7855244123210863
0.0,0.0,0,3,3,0xa882606494d86804b5514e07e6bd2d6a6ee6d68a,299.3747222222222,3592.4966666666664,0.0,0.0
0.0,0.0,0,8,8,0x317dd5ab50c6948f6486b9ed65c4ba1eb678a529,0.4438888888888889,1.5219047619047619,0.0,0.0
