eth_sent,eth_received,num_sent_txs,num_received_txs,total_txs,address
754.93533307,0.0,221,0,221,0x56eddb7aa87536c09ccc2793473599fd21a8b17f
0.0,0.005501,20,2,22,0x0577ec3fdc8287972b47b12753fabeaa2684f778
1e-06,0.0,1,0,1,0xc1136dc6a30d13cd41f0ecb452393a4a183cd975
0.0,0.0,0,11205,11205,0xdac17f958d2ee523a2206206994597c13d831ec7
