eth_sent,eth_received,num_sent_txs,num_received_txs,total_txs,address
0.00016,0.0,1,0,1,0x2438b0e2571abc65f09144a7b755ac653bc5e1b8
0.0002442361009809,0.00032,3,2,5,0x076cd7b864f7a870b7be498fdf97d6fca02d7547
0.00016,0.0,1,0,1,0x0e075a1acfee82b0101bb37c3bc73f4903f68808
0.0,0.0,0,18,18,0x68749665ff8d2d112fa859aa293f07a622782f38
0.0,0.0054501793455968015,0,22,22,0xc4cbab6f25aacd8cadc432abb91b85698bf9b43e
