eth_sent,eth_received,num_sent_txs,num_received_txs,total_txs,in_degree,out_degree,sent_received_ratio,address,account_age_days,avg_time_diff_hours,avg_tx_value,std_dev_tx_value
0.00016,0.0,1,0,1,0,1,160.00000000000003,0x2438b0e2571abc65f09144a7b755ac653bc5e1b8,0.0,0.0,0.00016,0.0
0.0002442361009809,0.00032,3,2,5,2,2,0.760860127666355,0x076cd7b864f7a870b7be498fdf97d6fca02d7547,67.52652777777777,405.1591666666667,0.00011284722019618001,0.00010860340405844414
0.00016,0.0,1,0,1,0,1,160.00000000000003,0x0e075a1acfee82b0101bb37c3bc73f4903f68808,0.0,0.0,0.00016,0.0
0.0,0.0,0,18,18,6,0,0.0,0x68749665ff8d2d112fa859aa293f07a622782f38,568.9404166666667,803.21,0.0,0.0
0.0,0.0054501793455968015,0,22,22,22,0,0.0,0xc4cbab6f25aacd8cadc432abb91b85698bf9b43e,0.004583333333333333,0.005238095238095238,0.0002477354247998545,1.216885152517588e-05
