eth_sent,eth_received,num_sent_txs,num_received_txs,total_txs,in_degree,out_degree,sent_received_ratio,address,account_age_days,avg_time_diff_hours,avg_tx_value,std_dev_tx_value
0.0013004671634480568,0.0009536118858531,10,1,11,1,5,1.3622993624114361,0x077ad070b3997d66b47f3018b16f6417d94506e2,156.29541666666665,375.109,0.00020491627720919608,0.00036266763396259314
30.349568201292694,0.0567308016996215,279,13,292,7,80,534.9657033983319,0xf70da97812cb96acdf810712aa562db8dfa3dbef,541.1308333333334,44.6293470790378,0.10413116096915177,0.4757862062565904
0.0,0.025000000000000005,0,12,12,12,0,0.0,0xeb9bf100225c214efc3e7c651ebbadcf85177607,43.149166666666666,94.14363636363636,0.0020833333333333337,0.003056091780313047
0.0,383.1798895123511,0,2075,2075,101,0,0.0,0x66a9893cc07d91d95644aedd05d03f95e1dba8af,180.97180555555556,2.094177113468338,0.18466500699390412,0.7855244123210863
0.0,0.0,0,5741,5741,312,0,0.0,0xa0b86991c6218b36c1d19d4a2e9eb0ce3606eb48,1915.7207175925926,8.009982094463803,0.0,0.0
0.0,0.0,0,175,175,65,0,0.0,0x2260fac5e5542a773aa44fbcfedf7c193bc2c599,1034.01,142.62206896551726,0.0,0.0
0.0,0.0,0,11205,11205,394,0,0.0,0xdac17f958d2ee523a2206206994597c13d831ec7,1959.5113425925927,4.197453786346146,0.0,0.0
