eth_sent,eth_received,num_sent_txs,num_received_txs,total_txs,address,account_age_days,avg_time_diff_hours,avg_tx_value,std_dev_tx_value
0.009549698838770207,0.007441202236689,11,8,19,0x084adf1396eded165d2d0ad6e2afa35f3891ce2c,46.396388888888886,101.22848484848485,0.0008942579513399583,0.0023415732214248047
0.007441202236689,0.0,1,0,1,0x33e7c4ab42dd8abcc16ea984a3e394999ec33b2f,0.0,0.0,0.007441202236689,0.0
0.0,0.00196933439573,0,1,1,0x2159f0e2284828c1ad52badf80a349a121922746,0.0,0.0,0.00196933439573,0.0
0.0,0.00425,0,27,27,0xfe5fc40c15c67983694642f9a8711241157fdb0a,9.8925,9.131538461538462,0.00015740740740740743,3.849001794597505e-05
0.0,0.00108075907411042,0,25,25,0x565e79f526245cae4a8c130ad95c7a2778f3ab4b,0.018472222222222223,0.018472222222222223,4.323036296441681e-05,3.3743733084283035e-06
0.0,0.007390110421005,0,1,1,0x58ec65bd68f7f0fed746fa6c4f49cfa4b23e31fc,0.0,0.0,0.007390110421005,0.0
