eth_sent,eth_received,num_sent_txs,num_received_txs,total_txs,address
0.03157229129638789,0.0,49,0,49,0x91604f590d66ace8975eed6bd16cf55647d1c499
0.0,0.009062449273075396,50,21,71,0x08e0ffb968a860749399657d1f8e833c47fa3b01
0.0,0.0,0,5741,5741,0xa0b86991c6218b36c1d19d4a2e9eb0ce3606eb48
0.0,0.0,0,402,402,0x87870bca3f3fd6335c3f4ce8392d69350b4fa4e2
0.0,71.69771557070139,0,931,931,0x0000000000001ff3684f28c67538d4d072c22734
0.0,0.0,0,175,175,0x2260fac5e5542a773aa44fbcfedf7c193bc2c599
0.0,2.0507535713664744,0,59,59,0x6131b5fae19ea4f9d964eac0408e4408b66337b5
