eth_sent,eth_received,num_sent_txs,num_received_txs,total_txs,in_degree,out_degree,sent_received_ratio,address,account_age_days,avg_time_diff_hours,avg_tx_value,std_dev_tx_value
0.03157229129638789,0.0,49,0,49,0,7,31572.29129638789,0x91604f590d66ace8975eed6bd16cf55647d1c499,224.30569444444444,112.15284722222222,0.0006443324754364876,0.0011201717351252555
0.0,0.009062449273075396,50,21,71,1,5,0.0,0x08e0ffb968a860749399657d1f8e833c47fa3b01,9.04375,3.100714285714286,0.00012764013060669572,0.0003115054626940746
0.0,0.0,0,5741,5741,312,0,0.0,0xa0b86991c6218b36c1d19d4a2e9eb0ce3606eb48,1915.7207175925926,8.009982094463803,0.0,0.0
0.0,0.0,0,402,402,18,0,0.0,0x87870bca3f3fd6335c3f4ce8392d69350b4fa4e2,554.8348611111111,33.207073981712384,0.0,0.0
0.0,71.69771557070139,0,931,931,67,0,0.0,0x0000000000001ff3684f28c67538d4d072c22734,301.1926388888889,7.772713261648746,0.07701150974296604,1.0450143511542198
0.0,0.0,0,175,175,65,0,0.0,0x2260fac5e5542a773aa44fbcfedf7c193bc2c599,1034.01,142.62206896551726,0.0,0.0
0.0,2.0507535713664744,0,59,59,24,0,0.0,0x6131b5fae19ea4f9d964eac0408e4408b66337b5,818.1318055555555,338.5372988505747,0.034758535107906344,0.18294636579592943
