eth_sent,eth_received,num_sent_txs,num_received_txs,total_txs,address
12.03110131376005,529.607187402371,136,175,311,0x9642b23ed1e01df1092b92641051881a322f5d4e
0.0111,0.04644,54,2,56,0x088cbfb51e7dd13d6134df004c7929033d8774c8
0.001,0.0,1,0,1,0x16c34babf2b7c8e5794c871171d06dacef4b5946
0.0,0.0111,0,1,1,0x93592c6ff6b9830653633cc36fafbd757ba42ffa
0.0,0.0,0,5741,5741,0xa0b86991c6218b36c1d19d4a2e9eb0ce3606eb48
0.0,0.0,0,22,22,0xbebc44782c7db0a1a60cb6fe97d0b483032ff1c7
0.0,0.0,0,11205,11205,0xdac17f958d2ee523a2206206994597c13d831ec7
0.0,0.0,0,207,207,0x6b175474e89094c44da98b954eedeac495271d0f
0.0,0.0734823,0,52,52,0x45312ea0eff7e09c83cbe249fa1d7598c4c8cd4e
