eth_sent,eth_received,num_sent_txs,num_received_txs,total_txs,address
0.009549698838770207,0.007441202236689,11,8,19,0x084adf1396eded165d2d0ad6e2afa35f3891ce2c
0.007441202236689,0.0,1,0,1,0x33e7c4ab42dd8abcc16ea984a3e394999ec33b2f
0.0,0.00196933439573,0,1,1,0x2159f0e2284828c1ad52badf80a349a121922746
0.0,0.00425,0,27,27,0xfe5fc40c15c67983694642f9a8711241157fdb0a
0.0,0.00108075907411042,0,25,25,0x565e79f526245cae4a8c130ad95c7a2778f3ab4b
0.0,0.007390110421005,0,1,1,0x58ec65bd68f7f0fed746fa6c4f49cfa4b23e31fc
