eth_sent,eth_received,num_sent_txs,num_received_txs,total_txs,address,account_age_days,avg_time_diff_hours,avg_tx_value,std_dev_tx_value
12.03110131376005,529.607187402371,136,175,311,0x9642b23ed1e01df1092b92641051881a322f5d4e,326.7388888888889,25.295913978494625,1.7416022145213215,3.708433918001893
0.0111,0.04644,54,2,56,0x088cbfb51e7dd13d6134df004c7929033d8774c8,69.84486111111111,30.477757575757575,0.0010275,0.006222950557120283
0.001,0.0,1,0,1,0x16c34babf2b7c8e5794c871171d06dacef4b5946,0.0,0.0,0.001,0.0
0.0,0.0111,0,1,1,0x93592c6ff6b9830653633cc36fafbd757ba42ffa,0.0,0.0,0.0111,0.0
0.0,0.0,0,5741,5741,0xa0b86991c6218b36c1d19d4a2e9eb0ce3606eb48,1915.7207175925926,8.009982094463803,0.0,0.0
0.0,0.0,0,22,22,0xbebc44782c7db0a1a60cb6fe97d0b483032ff1c7,41.59763888888889,47.54015873015873,0.0,0.0
0.0,0.0,0,11205,11205,0xdac17f958d2ee523a2206206994597c13d831ec7,1959.5113425925927,4.197453786346146,0.0,0.0
0.0,0.0,0,207,207,0x6b175474e89094c44da98b954eedeac495271d0f,1840.8956365740742,214.47327804746493,0.0,0.0
0.0,0.0734823,0,52,52,0x45312ea0eff7e09c83cbe249fa1d7598c4c8cd4e,205.05652777777777,96.49718954248367,0.001413121153846154,0.005645234144272616
