eth_sent,eth_received,num_sent_txs,num_received_txs,total_txs,address
0.00016,0.0,1,0,1,0xd27f6d4f9954ad82bdc6725d1031382463a0a093
0.0002489888955003,0.00032,3,2,5,0x09ce87e6dcbc11c410e6fa5ad40a9153101bf514
0.00016,0.0,1,0,1,0xa97a16e8f060edddcde09e633acf72196b4e068c
0.0,0.0,0,92,92,0x95ad61b0a150d79219dcf64e1e6cc01f0b64c4ce
0.0,0.0,0,7,7,0x6b3595068778dd592e39a122f4f5a5cf09c90fe2
0.0,0.0054501793455968015,0,22,22,0xc4cbab6f25aacd8cadc432abb91b85698bf9b43e
