eth_sent,eth_received,num_sent_txs,num_received_txs,total_txs,address,account_age_days,avg_time_diff_hours,avg_tx_value,std_dev_tx_value
0.00016,0.0,1,0,1,0xd27f6d4f9954ad82bdc6725d1031382463a0a093,0.0,0.0,0.00016,0.0
0.0002489888955003,0.00032,3,2,5,0x09ce87e6dcbc11c410e6fa5ad40a9153101bf514,47.002361111111114,282.01416666666665,0.00011379777910006,0.00011005203024243698
0.00016,0.0,1,0,1,0xa97a16e8f060edddcde09e633acf72196b4e068c,0.0,0.0,0.00016,0.0
0.0,0.0,0,92,92,0x95ad61b0a150d79219dcf64e1e6cc01f0b64c4ce,1539.0030555555556,405.8909157509158,0.0,0.0
0.0,0.0,0,7,7,0x6b3595068778dd592e39a122f4f5a5cf09c90fe2,275.99430555555557,1103.9772222222223,0.0,0.0
0.0,0.0054501793455968015,0,22,22,0xc4cbab6f25aacd8cadc432abb91b85698bf9b43e,0.004583333333333333,0.005238095238095238,0.0002477354247998545,1.216885152517588e-05
