eth_sent,eth_received,num_sent_txs,num_received_txs,total_txs,address,account_age_days,avg_time_diff_hours,avg_tx_value,std_dev_tx_value
0.5,0.0,1,0,1,0xd3251222ad16a33383524ede0fe7492af29c55b2,0.0,0.0,0.5,0.0
0.0,0.5,184,1,185,0x09f9192fae0e3e78680cd20e3ba89f21876a12c7,65.77722222222222,8.57963768115942,0.002702702702702703,0.036760731104690386
0.0,0.0,0,11205,11205,0xdac17f958d2ee523a2206206994597c13d831ec7,1959.5113425925927,4.197453786346146,0.0,0.0
