eth_sent,eth_received,num_sent_txs,num_received_txs,total_txs,address,account_age_days,avg_time_diff_hours,avg_tx_value,std_dev_tx_value
1.5811000000000002,0.0,8,0,8,0x09647e5c1c22af7fcf560231b33469bab339beb8,0.036944444444444446,0.12666666666666668,0.19763750000000002,0.3377291304221688
0.0,0.0,0,246,246,0x0579587d66c949d3e76df778ba4c2c02e9506938,1.113611111111111,0.10908843537414965,0.0,0.0
0.0,1091.941335759052,0,5480,5480,0x7a250d5630b4cf539739df2c5dacb4c659f2488d,1854.3875925925927,8.122887793798544,0.19925936783924303,3.4350150712954384
0.0,103.22197141190841,0,299,299,0x3328f7f4a1d1c57c35df56bbf0c9dcafca309c49,413.6423611111111,33.313478747203575,0.3452239846552121,0.6693289652437994
0.0,0.9321,1,1,2,0x4f0cc76f0d8c81d1f4aa70d8c628c686570bcbc4,0.009166666666666667,0.22,0.46605,0.659094230743981
