eth_sent,eth_received,num_sent_txs,num_received_txs,total_txs,in_degree,out_degree,sent_received_ratio,address,account_age_days,avg_time_diff_hours,avg_tx_value,std_dev_tx_value
0.021650000000000003,0.0,11,0,11,0,3,21650.000000000004,0xb256caa23992e461e277cfa44a2fd72e2d6d2344,134.21813657407407,322.1235277777778,0.0019681818181818186,0.0016833408340666974
0.000245295,0.019000000000000003,27,7,34,1,2,0.012909583706120727,0x094db2dc45213e9e3653c1ed3fba76992bc3467c,1907.399664351852,1387.1997558922558,0.0005660380882352942,0.0013206013282259501
0.0,0.0,0,11205,11205,394,0,0.0,0xdac17f958d2ee523a2206206994597c13d831ec7,1959.5113425925927,4.197453786346146,0.0,0.0
0.0,0.0054501793455968015,0,22,22,22,0,0.0,0xc4cbab6f25aacd8cadc432abb91b85698bf9b43e,0.004583333333333333,0.005238095238095238,0.0002477354247998545,1.216885152517588e-05
