eth_sent,eth_received,num_sent_txs,num_received_txs,total_txs,address
1.5811000000000002,0.0,8,0,8,0x09647e5c1c22af7fcf560231b33469bab339beb8
0.0,0.0,0,246,246,0x0579587d66c949d3e76df778ba4c2c02e9506938
0.0,1091.941335759052,0,5480,5480,0x7a250d5630b4cf539739df2c5dacb4c659f2488d
0.0,103.22197141190841,0,299,299,0x3328f7f4a1d1c57c35df56bbf0c9dcafca309c49
0.0,0.9321,1,1,2,0x4f0cc76f0d8c81d1f4aa70d8c628c686570bcbc4
