eth_sent,eth_received,num_sent_txs,num_received_txs,total_txs,address
3.150484538006012,1.05,8,1,9,0x0ae4aef7d2da932d14a5fbeff1cfc2f4b1eb9035
1.05,2.150484538006012,3,1,4,0xecf152babe1a116ae742c2d48835d94793bec004
0.0,0.0,0,0,0,
0.0,0.0,0,7,7,0xf7022cac823be8599576326ddda9ed8bbfe8287d
0.0,1091.941335759052,0,5480,5480,0x7a250d5630b4cf539739df2c5dacb4c659f2488d
0.0,0.0,0,1,1,0xdec6bed795da02054212331f71efdbc75c4a221d
