eth_sent,eth_received,num_sent_txs,num_received_txs,total_txs,address
0.0022765145495797284,0.03,228,1,229,0x2095f884f442e8c4794188d919a5876a910c6e28
0.023476818208262563,0.07847812,808,2,810,0x2007e27a9246edbad3abe6b7591cc74f5e870118
0.0,0.000131016230969781,5,8,13,0x0a14c88bafebbf6a1ae0f88318954ac5070e9a99
2.9650902378963e-05,0.0,2,0,2,0x4f5b9ee925414edfb987940005c306cc726bc397
0.0,0.0,0,11205,11205,0xdac17f958d2ee523a2206206994597c13d831ec7
0.0,0.0,0,5741,5741,0xa0b86991c6218b36c1d19d4a2e9eb0ce3606eb48
