eth_sent,eth_received,num_sent_txs,num_received_txs,total_txs,address,account_age_days,avg_time_diff_hours,avg_tx_value,std_dev_tx_value
3.150484538006012,1.05,8,1,9,0x0ae4aef7d2da932d14a5fbeff1cfc2f4b1eb9035,0.011527777777777777,0.034583333333333334,0.4667205042228902,0.7718995633050577
1.05,2.150484538006012,3,1,4,0xecf152babe1a116ae742c2d48835d94793bec004,0.011527777777777777,0.09222222222222222,0.8001211345015029,1.0273442183122854
0.0,0.0,0,0,0,0,0.0,0.0,0.0,0.0
0.0,0.0,0,7,7,0xf7022cac823be8599576326ddda9ed8bbfe8287d,0.006388888888888889,0.025555555555555557,0.0,0.0
0.0,1091.941335759052,0,5480,5480,0x7a250d5630b4cf539739df2c5dacb4c659f2488d,1854.3875925925927,8.122887793798544,0.19925936783924303,3.4350150712954384
0.0,0.0,0,1,1,0xdec6bed795da02054212331f71efdbc75c4a221d,0.0,0.0,0.0,0.0
