eth_sent,eth_received,num_sent_txs,num_received_txs,total_txs,address
11.0025,0.0,44,0,44,0x151b381058f91cf871e7ea1ee83c45326f61e96d
3.5970545806251017,1.7986,8,4,12,0x0c3d484a0d4a2b8e21ae08919f8dc5ca372882c8
16.562199999999997,0.0,69,0,69,0x8216874887415e2650d12d53ff53516f04a74fd7
0.0,4.581485062351819,0,19,19,0xe9ac1e26a1dff13e1d51f593ab634e46f47a6fbc
