eth_sent,eth_received,num_sent_txs,num_received_txs,total_txs,address,account_age_days,avg_time_diff_hours,avg_tx_value,std_dev_tx_value
0.0,0.0,41,0,41,0x5d9c40ec843ec9622d8731c7270b3c6ad0d7cd11,51.254444444444445,30.75266666666667,0.0,0.0
0.0,0.0,1227,0,1227,0xf47b274bf5e6ac9190620bca1ef10aa417d00319,51.19875,1.0022593800978792,0.0,0.0
0.0,0.0,0,1268,1268,0x0c1df9ddd357c326b410f60904242cd8917bb931,51.28319444444445,0.9714259405419626,0.0,0.0
