eth_sent,eth_received,num_sent_txs,num_received_txs,total_txs,in_degree,out_degree,sent_received_ratio,address,account_age_days,avg_time_diff_hours,avg_tx_value,std_dev_tx_value
0.03652951294422321,0.0,12,0,12,0,10,36529.51294422321,0x7fca6f65b64c7c212e7e2b405bbe168bbcc682c8,2631.3914930555557,5741.217803030303,0.0030441260786852674,0.0017341474447881788
0.002440786651838,0.004,5,1,6,1,4,0.6100441519215196,0x0c1440343a3ab23b444775a681206c110901562e,2631.461400462963,12631.014722222222,0.0010734644419730002,0.0015533682300609118
0.0,0.0,0,9,9,9,0,0.0,0xd6d62024d82b5bf4fe4a9e214991743d543f1673,0.001875,0.005625,0.0,0.0
0.0,0.0,0,8,8,8,0,0.0,0x17fc9b03c1a14874157ea8c64ea75cce02a18f70,0.028923611111111112,0.09916666666666667,0.0,0.0
0.0,0.0,0,9,9,9,0,0.0,0x72ebd5af462bc879013ee11fe47824ccc5d6196f,0.0009606481481481482,0.0028819444444444444,0.0,0.0
0.0,1.3033109298720165,0,923,923,909,0,0.0,0x31cf33ddff558495307ecf77b5d823c1e6efe593,0.35347222222222224,0.009201012292118583,0.0014120378438483385,0.0033806376127403226
