eth_sent,eth_received,num_sent_txs,num_received_txs,total_txs,address,account_age_days,avg_time_diff_hours,avg_tx_value,std_dev_tx_value
11.0025,0.0,44,0,44,0x151b381058f91cf871e7ea1ee83c45326f61e96d,1073.988298611111,599.4353294573643,0.2500568181818182,0.39345316224763505
3.5970545806251017,1.7986,8,4,12,0x0c3d484a0d4a2b8e21ae08919f8dc5ca372882c8,0.16930555555555554,0.3693939393939394,0.44963788171875846,0.12660529566282958
16.562199999999997,0.0,69,0,69,0x8216874887415e2650d12d53ff53516f04a74fd7,1076.0808796296296,379.7932516339869,0.24003188405797102,0.4516020210750226
0.0,4.581485062351819,0,19,19,0xe9ac1e26a1dff13e1d51f593ab634e46f47a6fbc,1.0134722222222223,1.3512962962962964,0.24113079275535887,0.2069462474116886
