eth_sent,eth_received,num_sent_txs,num_received_txs,total_txs,address
0.0035873324481117993,0.0,55,0,55,0xf1300cc9c2cf347f7902742fec4df9dba952fd7b
0.0,0.0032050316940914797,65,47,112,0x0d6c67831057b316adaa62f0cb71455bf0486d70
0.0,0.0,0,5741,5741,0xa0b86991c6218b36c1d19d4a2e9eb0ce3606eb48
