eth_sent,eth_received,num_sent_txs,num_received_txs,total_txs,address,account_age_days,avg_time_diff_hours,avg_tx_value,std_dev_tx_value
0.17464977536643542,0.0,262,0,262,0x6fa67393be5d9a5b6b3570646ef238bb52795350,70.33652777777777,6.467726692209451,0.000666602196055097,0.0002682332867141377
0.1039837639667125,0.19460977536643542,449,265,714,0x0d2051e0eaf0b9126d665aab5c8c8e0f7910f212,70.34027777777777,2.3676951846657315,0.00041819823436015113,0.0011451595290794096
0.01996,0.0,1,0,1,0xe87e3f5ad1431116c5dd2b2f9bd72e897a16e392,0.0,0.0,0.01996,0.0
0.0,0.0,2,0,2,0x6fa21122360aeca0155c3c1a3e13dab0b8940350,2.0281944444444444,48.67666666666667,0.0,0.0
0.0,0.0,0,5741,5741,0xa0b86991c6218b36c1d19d4a2e9eb0ce3606eb48,1915.7207175925926,8.009982094463803,0.0,0.0
39.283481600474786,0.10398376396671251,255,71,326,0x264bd8291fae1d75db2c5f573b07faa6715997b5,629.8727777777777,46.51368205128205,0.12082044590319477,0.21504466562163646
