eth_sent,eth_received,num_sent_txs,num_received_txs,total_txs,address
0.17464977536643542,0.0,262,0,262,0x6fa67393be5d9a5b6b3570646ef238bb52795350
0.1039837639667125,0.19460977536643542,449,265,714,0x0d2051e0eaf0b9126d665aab5c8c8e0f7910f212
0.01996,0.0,1,0,1,0xe87e3f5ad1431116c5dd2b2f9bd72e897a16e392
0.0,0.0,2,0,2,0x6fa21122360aeca0155c3c1a3e13dab0b8940350
0.0,0.0,0,5741,5741,0xa0b86991c6218b36c1d19d4a2e9eb0ce3606eb48
39.283481600474786,0.10398376396671251,255,71,326,0x264bd8291fae1d75db2c5f573b07faa6715997b5
