eth_sent,eth_received,num_sent_txs,num_received_txs,total_txs,address
0.1875906836388375,0.0,1,0,1,0x8dabe332bdc6dae0b3f0c57e24da4857011f8c9a
0.1875734437845975,0.18769029027048892,4,5,9,0x0d3861cec5126f1557e352e0d66c1f22f086b74c
0.0035873324481117993,0.0,55,0,55,0xf1300cc9c2cf347f7902742fec4df9dba952fd7b
107.05818586,5.750710136326422,11,42,53,0xb8001c3ec9aa1985f6c747e25c28324e4a361ec1
0.0,0.0,0,11205,11205,0xdac17f958d2ee523a2206206994597c13d831ec7
