eth_sent,eth_received,num_sent_txs,num_received_txs,total_txs,in_degree,out_degree,sent_received_ratio,address,account_age_days,avg_time_diff_hours,avg_tx_value,std_dev_tx_value
0.0035873324481117993,0.0,55,0,55,0,3,3587.3324481117993,0xf1300cc9c2cf347f7902742fec4df9dba952fd7b,165.90194444444444,73.73419753086421,6.522422632930545e-05,9.301561251502052e-05
0.0,0.0032050316940914797,65,47,112,1,1,0.0,0x0d6c67831057b316adaa62f0cb71455bf0486d70,154.74416666666667,33.4581981981982,2.8616354411531073e-05,7.109101431742284e-05
0.0,0.0,0,5741,5741,312,0,0.0,0xa0b86991c6218b36c1d19d4a2e9eb0ce3606eb48,1915.7207175925926,8.009982094463803,0.0,0.0
