eth_sent,eth_received,num_sent_txs,num_received_txs,total_txs,address
294.24562943,0.0,240,0,240,0x9696f59e4d72e237be84ffd425dcad154bf96976
0.0,0.01189474,16,1,17,0x0ef622404f9d40b058a5f00acfd0aed62b5345ca
0.0,0.0,0,11205,11205,0xdac17f958d2ee523a2206206994597c13d831ec7
