eth_sent,eth_received,num_sent_txs,num_received_txs,total_txs,address
1180.83604998,16032.761666857281,297,237,534,0x28c6c06298d514db089934071355e5743bf21d60
294.24562943,0.0,240,0,240,0x9696f59e4d72e237be84ffd425dcad154bf96976
0.2393487578931344,0.27132864,2,3,5,0x0ee115014a985f6e15410fe488ddd2c1390c0998
0.0,0.2393487578931344,0,2,2,0xd523794c879d9ec028960a231f866758e405be34
