eth_sent,eth_received,num_sent_txs,num_received_txs,total_txs,in_degree,out_degree,sent_received_ratio,address,account_age_days,avg_time_diff_hours,avg_tx_value,std_dev_tx_value
294.24562943,0.0,240,0,240,0,64,294245629.43,0x9696f59e4d72e237be84ffd425dcad154bf96976,1470.2332175925926,147.63848210134822,1.2260234559583334,5.8064564647822365
0.0,0.01189474,16,1,17,1,1,0.0,0x0ef622404f9d40b058a5f00acfd0aed62b5345ca,151.05708333333334,226.585625,0.000699690588235294,0.002884898200544671
0.0,0.0,0,11205,11205,394,0,0.0,0xdac17f958d2ee523a2206206994597c13d831ec7,1959.5113425925927,4.197453786346146,0.0,0.0
