eth_sent,eth_received,num_sent_txs,num_received_txs,total_txs,address,account_age_days,avg_time_diff_hours,avg_tx_value,std_dev_tx_value
1180.83604998,16032.761666857281,297,237,534,0x28c6c06298d514db089934071355e5743bf21d60,1532.6296527777777,69.01146654158849,32.23520171692374,74.22571340519141
294.24562943,0.0,240,0,240,0x9696f59e4d72e237be84ffd425dcad154bf96976,1470.2332175925926,147.63848210134822,1.2260234559583334,5.8064564647822365
0.2393487578931344,0.27132864,2,3,5,0x0ee115014a985f6e15410fe488ddd2c1390c0998,410.8015277777778,2464.8091666666664,0.10213547957862687,0.023230569385333924
0.0,0.2393487578931344,0,2,2,0xd523794c879d9ec028960a231f866758e405be34,288.9484722222222,6934.763333333333,0.1196743789465672,0.025205030594567104
