eth_sent,eth_received,num_sent_txs,num_received_txs,total_txs,address
129.65836502,0.0,259,0,259,0x4976a4a02f38326660d17bf34b431dc6e2eb2327
29.381191467917375,29.2379712621,8,8,16,0x1077698fe94f7662127eb17ce387c64ea1b3f20d
29.05719573,14.690288319045308,2,4,6,0xffe15ff598e719d29dfe5e1d60be1a5521a779ae
1e-10,0.0,1,0,1,0x53f162abca28040602104ffa549fa36032a236e3
2e-09,0.0,3,0,3,0x53f1ce7cebc3c4ff9fe9aacdcaf367999d4f36e3
0.0,0.0,1,0,1,0x53f1cef607e0c43bfbb44a66589ec68194f036e3
14.690288319045308,29.381191467917375,4,8,12,0x53f1663487f3948a4a824d0b7a8b878faaac36e3
