eth_sent,eth_received,num_sent_txs,num_received_txs,total_txs,address
0.009552582559105058,0.007438446474393,11,8,19,0x10d4cc3ead001a3740f516cb619b6d3085d72a38
0.007438446474393,0.0,1,0,1,0xae4180b061df1333bdfdded6f74fb3949df780e1
0.0,0.001970594695715,0,1,1,0xd731f21d3ce2c7193ea0ea2900710b0e63858e00
0.0,0.00425,0,27,27,0xfe5fc40c15c67983694642f9a8711241157fdb0a
0.0,0.00108075907411042,0,25,25,0x565e79f526245cae4a8c130ad95c7a2778f3ab4b
0.0,0.007386709034961,0,1,1,0xbaacf06944768f3ee05a879c55fd10c2d0932f54
