eth_sent,eth_received,num_sent_txs,num_received_txs,total_txs,address,account_age_days,avg_time_diff_hours,avg_tx_value,std_dev_tx_value
129.65836502,0.0,259,0,259,0x4976a4a02f38326660d17bf34b431dc6e2eb2327,1395.5531365740742,129.81889642549527,0.500611447953668,1.5680482408800984
29.381191467917375,29.2379712621,8,8,16,0x1077698fe94f7662127eb17ce387c64ea1b3f20d,115.96458333333334,185.54333333333332,3.6636976706260858,8.325769855047785
29.05719573,14.690288319045308,2,4,6,0xffe15ff598e719d29dfe5e1d60be1a5521a779ae,115.90430555555555,556.3406666666666,7.291247341507552,12.04366915404935
1e-10,0.0,1,0,1,0x53f162abca28040602104ffa549fa36032a236e3,0.0,0.0,1e-10,0.0
2e-09,0.0,3,0,3,0x53f1ce7cebc3c4ff9fe9aacdcaf367999d4f36e3,0.025,0.3,6.666666666666667e-10,5.773502691896258e-10
0.0,0.0,1,0,1,0x53f1cef607e0c43bfbb44a66589ec68194f036e3,0.0,0.0,0.0,0.0
14.690288319045308,29.381191467917375,4,8,12,0x53f1663487f3948a4a824d0b7a8b878faaac36e3,115.91444444444444,252.90424242424243,3.6726233155802235,6.529568325888207
