eth_sent,eth_received,num_sent_txs,num_received_txs,total_txs,in_degree,out_degree,sent_received_ratio,address,account_age_days,avg_time_diff_hours,avg_tx_value,std_dev_tx_value
0.009552582559105058,0.007438446474393,11,8,19,2,5,1.284044799836331,0x10d4cc3ead001a3740f516cb619b6d3085d72a38,46.39861111111111,101.23333333333333,0.000894264685973582,0.002340551605256748
0.007438446474393,0.0,1,0,1,0,1,7438.446474393,0xae4180b061df1333bdfdded6f74fb3949df780e1,0.0,0.0,0.007438446474393,0.0
0.0,0.001970594695715,0,1,1,1,0,0.0,0xd731f21d3ce2c7193ea0ea2900710b0e63858e00,0.0,0.0,0.001970594695715,0.0
0.0,0.00425,0,27,27,27,0,0.0,0xfe5fc40c15c67983694642f9a8711241157fdb0a,9.8925,9.131538461538462,0.00015740740740740743,3.849001794597505e-05
0.0,0.00108075907411042,0,25,25,25,0,0.0,0x565e79f526245cae4a8c130ad95c7a2778f3ab4b,0.018472222222222223,0.018472222222222223,4.323036296441681e-05,3.3743733084283035e-06
0.0,0.007386709034961,0,1,1,1,0,0.0,0xbaacf06944768f3ee05a879c55fd10c2d0932f54,0.0,0.0,0.007386709034961,0.0
