eth_sent,eth_received,num_sent_txs,num_received_txs,total_txs,address
281.1563494699999,0.0,52,0,52,0xf7858da8a6617f7c6d0ff2bcafdb6d2eedf64840
0.0437316792947935,0.044990000000001,8,2,10,0x1041575621ad35949fdff58e746bfbaed4d50446
0.102748000000006,0.010925362900013046,6,13,19,0x623777cc098c6058a46cf7530f45150ff6a8459d
0.0,0.011520996177855092,0,17,17,0xb584d4be1a5470ca1a8778e9b86c81e165204599
0.0,0.0,0,11205,11205,0xdac17f958d2ee523a2206206994597c13d831ec7
0.0,0.0035870008,0,8,8,0x77a6ab7dc9096e7a311eb9bb4791494460f53c82
0.0,0.010723851288,0,1,1,0x25a599d3be4a9c2904347b4ea23e745d6dc5179c
0.0,0.0,0,51,51,0x26d85a13212433fe6a8381969c2b0db390a0b0ae
0.0,0.0310798278067935,0,1,1,0xf97a3f6c9d1cf0fe8d9a843a814c1ef438267a0a
