eth_sent,eth_received,num_sent_txs,num_received_txs,total_txs,in_degree,out_degree,sent_received_ratio,address,account_age_days,avg_time_diff_hours,avg_tx_value,std_dev_tx_value
281.1563494699999,0.0,52,0,52,0,31,281156349.4699999,0xf7858da8a6617f7c6d0ff2bcafdb6d2eedf64840,760.8188888888889,358.0324183006536,5.406852874423077,27.840180811193758
0.0437316792947935,0.044990000000001,8,2,10,2,6,0.9720094973393018,0x1041575621ad35949fdff58e746bfbaed4d50446,371.9523611111111,991.8729629629629,0.008872167929479449,0.012611973356201804
0.102748000000006,0.010925362900013046,6,13,19,3,4,9.40367814434237,0x623777cc098c6058a46cf7530f45150ff6a8459d,144.7838888888889,193.04518518518518,0.005982808573685212,0.010186885173230386
0.0,0.011520996177855092,0,17,17,9,0,0.0,0xb584d4be1a5470ca1a8778e9b86c81e165204599,735.1641666666667,1102.74625,0.0006777056575208878,0.0007517416976019084
0.0,0.0,0,11205,11205,394,0,0.0,0xdac17f958d2ee523a2206206994597c13d831ec7,1959.5113425925927,4.197453786346146,0.0,0.0
0.0,0.0035870008,0,8,8,4,0,0.0,0x77a6ab7dc9096e7a311eb9bb4791494460f53c82,34.15277777777778,117.0952380952381,0.0004483751,0.00023586009018665527
0.0,0.010723851288,0,1,1,1,0,0.0,0x25a599d3be4a9c2904347b4ea23e745d6dc5179c,0.0,0.0,0.010723851288,0.0
0.0,0.0,0,51,51,45,0,0.0,0x26d85a13212433fe6a8381969c2b0db390a0b0ae,2.902361111111111,1.3931333333333333,0.0,0.0
0.0,0.0310798278067935,0,1,1,1,0,0.0,0xf97a3f6c9d1cf0fe8d9a843a814c1ef438267a0a,0.0,0.0,0.0310798278067935,0.0
