eth_sent,eth_received,num_sent_txs,num_received_txs,total_txs,address
0.0478660682708939,0.0,4,0,4,0xf3f8d974e4484ce5c48235a2eb8f1af1da16281a
0.0,0.0478660682708939,91,5,96,0x11b07dce5f0569aec81cb9384345828385f18533
0.0,0.0,1,0,1,0xf3f7fd78f363ef8af3269001f1c4fc7a0cfd381a
0.0,0.0,0,11205,11205,0xdac17f958d2ee523a2206206994597c13d831ec7
