eth_sent,eth_received,num_sent_txs,num_received_txs,total_txs,in_degree,out_degree,sent_received_ratio,address,account_age_days,avg_time_diff_hours,avg_tx_value,std_dev_tx_value
0.0478660682708939,0.0,4,0,4,0,1,47866.068270893906,0xf3f8d974e4484ce5c48235a2eb8f1af1da16281a,347.85819444444445,2782.8655555555556,0.011966517067723476,0.007239011509555004
0.0,0.0478660682708939,91,5,96,2,1,0.0,0x11b07dce5f0569aec81cb9384345828385f18533,383.73527777777775,96.94364912280702,0.0004986048778218116,0.002726350424850541
0.0,0.0,1,0,1,0,1,0.0,0xf3f7fd78f363ef8af3269001f1c4fc7a0cfd381a,0.0,0.0,0.0,0.0
0.0,0.0,0,11205,11205,394,0,0.0,0xdac17f958d2ee523a2206206994597c13d831ec7,1959.5113425925927,4.197453786346146,0.0,0.0
