eth_sent,eth_received,num_sent_txs,num_received_txs,total_txs,address,account_age_days,avg_time_diff_hours,avg_tx_value,std_dev_tx_value
0.03157229129638789,0.0,49,0,49,0x91604f590d66ace8975eed6bd16cf55647d1c499,224.30569444444444,112.15284722222222,0.0006443324754364876,0.0011201717351252555
0.0722346093523594,0.006928256650013197,19,19,38,0x123a66891767a6517569b5658bfe9ac17998f4f1,107.97180555555556,70.03576576576576,0.0020832333158519105,0.007464981559095095
0.0,0.0,0,50,50,0x4da27a545c0c5b758a6ba100e3a049001de870f5,1132.6439930555555,554.7644047619048,0.0,0.0
0.0,0.0,0,11,11,0x9f8f72aa9304c8b593d555f12ef6589cc3a579a2,1663.712673611111,3992.9104166666666,0.0,0.0
0.0,0.0,0,402,402,0x87870bca3f3fd6335c3f4ce8392d69350b4fa4e2,554.8348611111111,33.207073981712384,0.0,0.0
0.0,0.0,0,5741,5741,0xa0b86991c6218b36c1d19d4a2e9eb0ce3606eb48,1915.7207175925926,8.009982094463803,0.0,0.0
0.0,370.9676023162886,0,581,581,0x111111125421ca6dc452d289314280a0f8842a65,515.0973611111111,21.314373563218393,0.638498454933371,9.326392767410253
0.0,0.0722346093523594,0,3,3,0xb7137973ccf7bfcb26de96be3945ba46dede7f08,11.195416666666667,134.345,0.024078203117453133,0.015535816296417334
0.0,2.0726999999999998,0,39,39,0xcf5540fffcdc3d510b18bfca6d2b9987b0772559,347.99847222222223,219.78850877192983,0.05314615384615385,0.16120998376774545
0.0,0.0,0,69,69,0x89c6340b1a1f4b25d36cd8b063d49045caf3f818,17.248055555555556,6.087549019607843,0.0,0.0
