eth_sent,eth_received,num_sent_txs,num_received_txs,total_txs,address
0.539316476804537,8.560411640294056,30,3,33,0xe8832a868c091263ed190a9f4be304a03895dd91
0.0,0.007,8,1,9,0x13486739f7af19458d5afc5f50bcee4a0552ae23
0.0,0.0,0,11205,11205,0xdac17f958d2ee523a2206206994597c13d831ec7
