eth_sent,eth_received,num_sent_txs,num_received_txs,total_txs,in_degree,out_degree,sent_received_ratio,address,account_age_days,avg_time_diff_hours,avg_tx_value,std_dev_tx_value
0.539316476804537,8.560411640294056,30,3,33,2,9,0.06300122429448811,0xe8832a868c091263ed190a9f4be304a03895dd91,305.3543055555556,229.01572916666666,0.2757493368817755,0.8853324113268454
0.0,0.007,8,1,9,1,1,0.0,0x13486739f7af19458d5afc5f50bcee4a0552ae23,93.69388888888889,281.08166666666665,0.0007777777777777778,0.0023333333333333335
0.0,0.0,0,11205,11205,394,0,0.0,0xdac17f958d2ee523a2206206994597c13d831ec7,1959.5113425925927,4.197453786346146,0.0,0.0
