eth_sent,eth_received,num_sent_txs,num_received_txs,total_txs,in_degree,out_degree,sent_received_ratio,address,account_age_days,avg_time_diff_hours,avg_tx_value,std_dev_tx_value
0.6107226899999999,0.0,7,0,7,0,1,610722.69,0x9c19b0497997fe9e75862688a295168070456951,206.34722222222223,825.3888888888889,0.08724609857142855,0.07584262200428406
0.60455,0.6107226899999999,23,7,30,1,7,0.9898911895819861,0x14db51bbceb07969aaf2b356e913ce9bb5b0450c,207.32444444444445,171.57885057471265,0.040509089666666664,0.06109522500044503
0.0,0.5588500000000001,0,9,9,4,0,0.0,0x9a15bb3a8fec8d0d810691bafe36f6e5d42360f7,207.28125,621.84375,0.06209444444444445,0.06111812049448002
0.0,0.035,0,1,1,1,0,0.0,0x1908d3917358c5a466909db0aabe7856d5db2795,0.0,0.0,0.035,0.0
0.0,0.42719999999999997,0,6,6,3,0,0.0,0x4e5846858c8da2149b7185f0569121632270aae8,16.609305555555554,79.72466666666666,0.0712,0.11998266541463395
0.0,0.0,0,1,1,1,0,0.0,0xf107edabf59ba696e38de62ad5327415bd4d4236,0.0,0.0,0.0,0.0
0.0,0.2466108525918782,0,12,12,7,0,0.0,0x3335733c454805df6a77f825f266e136fb4a3333,380.58694444444444,830.3715151515152,0.020550904382656516,0.04131131933851958
0.0,0.0,0,2,2,2,0,0.0,0xb214b79eac9378a56d14d6e6d452150c80d6ad79,98.09263888888889,2354.2233333333334,0.0,0.0
0.0,0.0,0,44,44,2,0,0.0,0x8d50e8e087bdb834c8f684cfdaf54f6a25cbcd57,120.57111111111111,67.29550387596899,0.0,0.0
