eth_sent,eth_received,num_sent_txs,num_received_txs,total_txs,address
13.60678116,0.0785556430608302,231,1,232,0x9a10da8ce77f26231860764a2caab36e70584c4b
142.22605948547314,110.69800414405059,229,467,696,0x974caa59e49682cda0ad2bbe82983419a2ecc400
0.0,1.8328267200000001,0,22,22,0x14ebaa11d1b9ff87a567b41db5dd80bf6a29fee6
