eth_sent,eth_received,num_sent_txs,num_received_txs,total_txs,in_degree,out_degree,sent_received_ratio,address,account_age_days,avg_time_diff_hours,avg_tx_value,std_dev_tx_value
13.60678116,0.0785556430608302,231,1,232,1,4,173.20980925144184,0x9a10da8ce77f26231860764a2caab36e70584c4b,388.2104166666667,40.333549783549785,0.05898852070284841,0.07564913182057918
142.22605948547314,110.69800414405059,229,467,696,9,21,1.2848114046896808,0x974caa59e49682cda0ad2bbe82983419a2ecc400,1019.3675,35.201179856115104,0.3633966431458675,3.5368659070206996
0.0,1.8328267200000001,0,22,22,2,0,0.0,0x14ebaa11d1b9ff87a567b41db5dd80bf6a29fee6,18.965138888888887,21.674444444444443,0.08331030545454546,0.07172694935005097
