eth_sent,eth_received,num_sent_txs,num_received_txs,total_txs,address
0.6107226899999999,0.0,7,0,7,0x9c19b0497997fe9e75862688a295168070456951
0.60455,0.6107226899999999,23,7,30,0x14db51bbceb07969aaf2b356e913ce9bb5b0450c
0.0,0.5588500000000001,0,9,9,0x9a15bb3a8fec8d0d810691bafe36f6e5d42360f7
0.0,0.035,0,1,1,0x1908d3917358c5a466909db0aabe7856d5db2795
0.0,0.42719999999999997,0,6,6,0x4e5846858c8da2149b7185f0569121632270aae8
0.0,0.0,0,1,1,0xf107edabf59ba696e38de62ad5327415bd4d4236
0.0,0.2466108525918782,0,12,12,0x3335733c454805df6a77f825f266e136fb4a3333
0.0,0.0,0,2,2,0xb214b79eac9378a56d14d6e6d452150c80d6ad79
0.0,0.0,0,44,44,0x8d50e8e087bdb834c8f684cfdaf54f6a25cbcd57
