eth_sent,eth_received,num_sent_txs,num_received_txs,total_txs,address,account_age_days,avg_time_diff_hours,avg_tx_value,std_dev_tx_value
0.8,0.0,1,0,1,0xdc978ab6446e2aeecd0df404cb5a3ebe7c84dec9,0.0,0.0,0.8,0.0
0.897584,0.9,5,2,7,0x15f4a5d5bbc071fc20bd60b9b7d81aaa8a1142ab,53.152199074074076,212.60879629629628,0.2567977142857143,0.2918596332769769
0.1,0.0,1,0,1,0x66ce3621812a2fc1597868f27bc6ccce152e55be,0.0,0.0,0.1,0.0
0.0,0.4,0,1,1,0x5359cce787d38ac5b6c475f6c96d25ce5368aeba,0.0,0.0,0.4,0.0
0.0,0.429034,0,2,2,0x668a5e5a388c956dfe1bf940ad30555542ba4551,43.499155092592595,1043.9797222222223,0.214517,0.2609464438883964
0.0,0.06855,0,2,2,0x65d5825580ead0c6bfb8cdf50266abb96733b625,4.0478703703703705,97.14888888888889,0.034275,0.015167440456451442
