eth_sent,eth_received,num_sent_txs,num_received_txs,total_txs,address
0.15,0.0,1,0,1,0x5a809f919ff74b33b18be42cfb41e4089d19f791
20.110018976636734,11.565,18,5,23,0x15a99893dc47bfae5b06e9b4c8941aaca60f8af5
0.1,0.0,1,0,1,0x01a234a3031180940e494bcb2cca8be3e37447fe
0.2,0.0,2,0,2,0x633d0ace46763fe0c418c0cfa3bd0dfcc5b883d4
11.4,0.0,2,0,2,0x97163e42d856811ac866489ea427cf645fb2d3be
0.2,0.0,1,0,1,0xa451cac0854f09b6b74166f8dc76102381a50f57
12.171569488318369,20.740018976636733,16,24,40,0x5e0f56a3e977318b69303c12369b2a797dfa2b0b
0.0,2.0,0,1,1,0xc97f097feb0d5a48d79ee9f30393ade8283e0e4d
0.0,1.0,0,1,1,0x342c66db00094f74c11dc0accfe9497f2ad34d28
