eth_sent,eth_received,num_sent_txs,num_received_txs,total_txs,address,account_age_days,avg_time_diff_hours,avg_tx_value,std_dev_tx_value
0.15,0.0,1,0,1,0x5a809f919ff74b33b18be42cfb41e4089d19f791,0.0,0.0,0.15,0.0
20.110018976636734,11.565,18,5,23,0x15a99893dc47bfae5b06e9b4c8941aaca60f8af5,79.67965277777778,86.92325757575759,1.3771747381146404,2.2965383357954026
0.1,0.0,1,0,1,0x01a234a3031180940e494bcb2cca8be3e37447fe,0.0,0.0,0.1,0.0
0.2,0.0,2,0,2,0x633d0ace46763fe0c418c0cfa3bd0dfcc5b883d4,0.052395833333333336,1.2575,0.1,0.021213203435596427
11.4,0.0,2,0,2,0x97163e42d856811ac866489ea427cf645fb2d3be,0.17681712962962962,4.243611111111111,5.7,7.495331880577404
0.2,0.0,1,0,1,0xa451cac0854f09b6b74166f8dc76102381a50f57,0.0,0.0,0.2,0.0
12.171569488318369,20.740018976636733,16,24,40,0x5e0f56a3e977318b69303c12369b2a797dfa2b0b,75.88815972222223,46.700405982905984,0.8227897116238776,0.913153248492386
0.0,2.0,0,1,1,0xc97f097feb0d5a48d79ee9f30393ade8283e0e4d,0.0,0.0,2.0,0.0
0.0,1.0,0,1,1,0x342c66db00094f74c11dc0accfe9497f2ad34d28,0.0,0.0,1.0,0.0
