eth_sent,eth_received,num_sent_txs,num_received_txs,total_txs,address
244.0,0.0,3,0,3,0xfe5506eb1359415d0413a38350a42d264197c94d
353.0598582208731,353.06,6,6,12,0x16e58947bd0207601f735f65e23a8746d3ddb1a2
109.06,0.0,3,0,3,0xdf04938c140f3a140337bdf51c3f75b4c725dd59
1.94138112748276,391.76333283389295,5,23,28,0xbea9f7fd27f4ee20066f18def0bc586ec221055a
