eth_sent,eth_received,num_sent_txs,num_received_txs,total_txs,address,account_age_days,avg_time_diff_hours,avg_tx_value,std_dev_tx_value
244.0,0.0,3,0,3,0xfe5506eb1359415d0413a38350a42d264197c94d,2.6130555555555555,31.356666666666666,81.33333333333333,84.80762544331337
353.0598582208731,353.06,6,6,12,0x16e58947bd0207601f735f65e23a8746d3ddb1a2,20.030416666666667,43.70272727272727,58.84332151840608,67.00867831353013
109.06,0.0,3,0,3,0xdf04938c140f3a140337bdf51c3f75b4c725dd59,10.41013888888889,124.92166666666667,36.35333333333333,60.31761379011386
1.94138112748276,391.76333283389295,5,23,28,0xbea9f7fd27f4ee20066f18def0bc586ec221055a,124.20416666666667,110.4037037037037,14.0608826414777,38.54180685026655
