eth_sent,eth_received,num_sent_txs,num_received_txs,total_txs,address
294.24562943,0.0,240,0,240,0x9696f59e4d72e237be84ffd425dcad154bf96976
0.0,0.0822174,38,1,39,0x17954fe74e592ae3f6b00a96a8110c037261c5cf
0.0,0.0,0,5741,5741,0xa0b86991c6218b36c1d19d4a2e9eb0ce3606eb48
