eth_sent,eth_received,num_sent_txs,num_received_txs,total_txs,in_degree,out_degree,sent_received_ratio,address,account_age_days,avg_time_diff_hours,avg_tx_value,std_dev_tx_value
0.012475426720584399,0.00915064,6,2,8,2,2,1.3631902828984095,0x176e6d02646b27bf6d4f94892f52cba01c447dee,24.820972222222224,85.10047619047619,0.00270325834007305,0.0017223588975915898
12.03110131376005,529.607187402371,136,175,311,8,23,0.02271702797322943,0x9642b23ed1e01df1092b92641051881a322f5d4e,326.7388888888889,25.295913978494625,1.7416022145213215,3.708433918001893
380.81854021000004,0.0,320,0,320,0,72,380818540.21000004,0x21a31ee1afc51d94c2efccaa2092ad1028285549,1532.7846412037038,115.31922065482411,1.1900579381562502,7.275906843913503
0.0,71.69771557070139,0,931,931,67,0,0.0,0x0000000000001ff3684f28c67538d4d072c22734,301.1926388888889,7.772713261648746,0.07701150974296604,1.0450143511542198
0.0,47.694851903352884,0,276,276,26,0,0.0,0x3c11f6265ddec22f4d049dde480615735f451646,679.0563888888889,59.26310303030303,0.17280743443243796,0.5809900742604839
