eth_sent,eth_received,num_sent_txs,num_received_txs,total_txs,address
0.012475426720584399,0.00915064,6,2,8,0x176e6d02646b27bf6d4f94892f52cba01c447dee
12.03110131376005,529.607187402371,136,175,311,0x9642b23ed1e01df1092b92641051881a322f5d4e
380.81854021000004,0.0,320,0,320,0x21a31ee1afc51d94c2efccaa2092ad1028285549
0.0,71.69771557070139,0,931,931,0x0000000000001ff3684f28c67538d4d072c22734
0.0,47.694851903352884,0,276,276,0x3c11f6265ddec22f4d049dde480615735f451646
