eth_sent,eth_received,num_sent_txs,num_received_txs,total_txs,address
229.51728115407397,0.0,656,0,656,0x46340b20830761efd32832a74d7169b29feb9758
22.940982301291594,22.944463143422016,113,118,231,0x18d3aa2731f85c01c76a157a4593c9d1a8c755c7
12.128183714148646,1.123837535624023,69,12,81,0xc94ebb328ac25b95db0e0aa968371885fa516215
0.11422465,65.78871021837273,3,583,586,0xdfaa75323fb721e5f29d43859390f62cc4b600b8
