eth_sent,eth_received,num_sent_txs,num_received_txs,total_txs,address,account_age_days,avg_time_diff_hours,avg_tx_value,std_dev_tx_value
229.51728115407397,0.0,656,0,656,0x46340b20830761efd32832a74d7169b29feb9758,1742.6767708333334,63.85380534351145,0.3498739041982835,0.8540319028239794
22.940982301291594,22.944463143422016,113,118,231,0x18d3aa2731f85c01c76a157a4593c9d1a8c755c7,32.85166666666667,3.428,0.1986382919684572,0.09517312594794447
12.128183714148646,1.123837535624023,69,12,81,0xc94ebb328ac25b95db0e0aa968371885fa516215,1149.6348148148147,344.8904444444445,0.16360520061447736,0.32958413410661874
0.11422465,65.78871021837273,3,583,586,0xdfaa75323fb721e5f29d43859390f62cc4b600b8,640.9611111111111,26.295840455840455,0.11246234619176233,0.06886410707449811
