eth_sent,eth_received,num_sent_txs,num_received_txs,total_txs,address,account_age_days,avg_time_diff_hours,avg_tx_value,std_dev_tx_value
0.0,0.0,262,0,262,0xf24246e0d5399ea85dbdadcfdbc9e8f14490db58,79.83940972222223,7.3415549169859515,0.0,0.0
0.0,0.0,56,0,56,0xe955fcb527fce15b520df47e8a962a09db792535,27.891018518518518,12.170626262626262,0.0,0.0
0.0,0.0,146,0,146,0xaa00438e14965a642532f1ff659b87e07dde64fc,135.26697916666666,22.38901724137931,0.0,0.0
0.0,0.0,45,0,45,0x351b322d862f611c2791b7b24edbbe334b3c4128,19.077395833333334,10.405852272727273,0.0,0.0
0.0,0.0,0,6,6,0x1982b0e96a0375e5b570e8e466d423a37af34b43,114.76033564814814,550.8496111111111,0.0,0.0
