eth_sent,eth_received,num_sent_txs,num_received_txs,total_txs,in_degree,out_degree,sent_received_ratio,address,account_age_days,avg_time_diff_hours,avg_tx_value,std_dev_tx_value
229.51728115407397,0.0,656,0,656,0,42,229517281.15407398,0x46340b20830761efd32832a74d7169b29feb9758,1742.6767708333334,63.85380534351145,0.3498739041982835,0.8540319028239794
0.0,1.664754776605252,0,5,5,1,0,0.0,0x193b5336a57d8bb5e420440399427bb592813502,0.05444444444444444,0.32666666666666666,0.3329509553210504,0.13712190016155634
