eth_sent,eth_received,num_sent_txs,num_received_txs,total_txs,address
229.51728115407397,0.0,656,0,656,0x46340b20830761efd32832a74d7169b29feb9758
0.0,1.664754776605252,0,5,5,0x193b5336a57d8bb5e420440399427bb592813502
