eth_sent,eth_received,num_sent_txs,num_received_txs,total_txs,in_degree,out_degree,sent_received_ratio,address,account_age_days,avg_time_diff_hours,avg_tx_value,std_dev_tx_value
2.603659945921604,0.196,20,2,22,1,1,13.283911540867669,0x1aaff04d5695e9fe78ce303542bbfcc57e1505b3,18.09027777777778,20.674603174603178,0.12725727026916384,0.11718029001586752
0.196,0.0,2,0,2,0,1,196000.00000000003,0xe6fd21495064821a930a8d573e8e0461921ee826,3.6118055555555557,86.68333333333334,0.098,0.0028284271247461927
107.05818586,5.750710136326422,11,42,53,3,4,18.61651251855248,0xb8001c3ec9aa1985f6c747e25c28324e4a361ec1,1064.8489814814816,491.4687606837607,2.1284697357797437,12.456602480256773
