eth_sent,eth_received,num_sent_txs,num_received_txs,total_txs,in_degree,out_degree,sent_received_ratio,address,account_age_days,avg_time_diff_hours,avg_tx_value,std_dev_tx_value
0.007,0.0,1,0,1,0,1,7000.000000000001,0xc69cbd5cb41bcdb84c7924770afbde7f1aa37692,0.0,0.0,0.007,0.0
0.0051,0.007,12,11,23,2,3,0.7284673618054563,0x1abfda34c418b1047702a7fb0676999f7e758603,458.0466666666667,916.0933333333334,0.0005260869565217391,0.001753494534637605
0.0,0.005,0,1,1,1,0,0.0,0xb25e39f7bdb4c48c68ca244e44bcfda0004853c7,0.0,0.0,0.005,0.0
0.0,79.06316259879999,0,260,260,28,0,0.0,0xb2ecfe4e4d61f8790bbb9de2d1259b9e2410cea5,755.8331944444444,70.03859716859716,0.30408908691846154,1.3008649687041043
