eth_sent,eth_received,num_sent_txs,num_received_txs,total_txs,address,account_age_days,avg_time_diff_hours,avg_tx_value,std_dev_tx_value
1.0996,0.0,6,0,6,0x1a03de86c461c3353de5670b04054600ea76d8b7,0.09111111111111111,0.43733333333333335,0.18326666666666666,0.2677588741137568
0.0,0.0,0,246,246,0x0579587d66c949d3e76df778ba4c2c02e9506938,1.113611111111111,0.10908843537414965,0.0,0.0
0.0,103.22197141190841,0,299,299,0x3328f7f4a1d1c57c35df56bbf0c9dcafca309c49,413.6423611111111,33.313478747203575,0.3452239846552121,0.6693289652437994
0.0,1091.941335759052,0,5480,5480,0x7a250d5630b4cf539739df2c5dacb4c659f2488d,1854.3875925925927,8.122887793798544,0.19925936783924303,3.4350150712954384
0.0,0.6728,0,3,3,0xbf11fb9fff461cfff5a414715c12463725a07ddc,0.0,0.0,0.22426666666666664,0.28232492510108514
