eth_sent,eth_received,num_sent_txs,num_received_txs,total_txs,address
2.603659945921604,0.196,20,2,22,0x1aaff04d5695e9fe78ce303542bbfcc57e1505b3
0.196,0.0,2,0,2,0xe6fd21495064821a930a8d573e8e0461921ee826
107.05818586,5.750710136326422,11,42,53,0xb8001c3ec9aa1985f6c747e25c28324e4a361ec1
