eth_sent,eth_received,num_sent_txs,num_received_txs,total_txs,address
0.16649999999999995,0.0,9,0,9,0xab97925eb84fe0260779f58b7cb08d77dcb1ee2b
111.05071429859419,111.09,23,10,33,0x1bc9264ae69cbe4d7b19e99c28491c57fc4c1568
44.0,0.0,2,0,2,0x559a24295f72c1acc66a66b153dc0409d9317fdd
0.0,0.0,1,0,1,0x559fbefcbbabdb1110f48daf568493a7c43cafdd
67.0,0.0,2,0,2,0xf74cd56f2ab294142f71e756812dc74b4200c886
0.0,0.0,0,11205,11205,0xdac17f958d2ee523a2206206994597c13d831ec7
0.0,0.0,0,5741,5741,0xa0b86991c6218b36c1d19d4a2e9eb0ce3606eb48
2785.09719086,88.48972635484162,110,198,308,0xf89d7b9c864f589bbf53a82105107622b35eaa40
220.89019738,68.02912829920335,9,10,19,0xa1abfa21f80ecf401bd41365adbb6fef6fefdf09
