eth_sent,eth_received,num_sent_txs,num_received_txs,total_txs,in_degree,out_degree,sent_received_ratio,address,account_age_days,avg_time_diff_hours,avg_tx_value,std_dev_tx_value
0.254821082871714,0.22309425561817797,8,7,15,2,1,1.1422075389529305,0xf6dc8e6d97d81e6d6858006ca3f4c6bcf433431a,0.9,1.542857142857143,0.0318610225659928,3.837923085122538e-05
0.19112025561817797,0.254821082871714,6,8,14,1,1,0.7500144942869584,0x1b0a48032ac0bd5905b4834d8cb31c66ae00c939,0.8836111111111111,1.6312820512820514,0.031852952749278005,2.311494233681342e-05
