eth_sent,eth_received,num_sent_txs,num_received_txs,total_txs,in_degree,out_degree,sent_received_ratio,address,account_age_days,avg_time_diff_hours,avg_tx_value,std_dev_tx_value
3.6009347903905224,0.0,68,0,68,0,12,3600934.7903905227,0x1c727a55ea3c11b0ab7d3a361fe0f3c47ce6de5d,530.3765277777778,189.98562189054726,0.05295492338809592,0.0669378777478911
0.2684299323205625,0.2427896294647848,22,22,44,2,4,1.105602522273194,0x1b0180458143e8b8a0c1d137dadb69de51e0c1f7,8.140555555555556,4.543565891472868,0.01161862640421244,0.01071038720640548
0.3821817723607914,1.961318818563975,11,70,81,4,2,0.19485948632315078,0x307576dd4f73f91bb8c4a2edb762938e8e067d31,31.906388888888888,9.571916666666667,0.028932106060799587,0.04509020074557094
0.0,0.1526627151452874,0,16,16,1,0,0.0,0xe2bae53f5936ad32a1c0437fe8350b13714a265e,8.113055555555556,12.980888888888888,0.009541419696580462,0.0051185802388758386
0.0,71.69771557070139,0,931,931,67,0,0.0,0x0000000000001ff3684f28c67538d4d072c22734,301.1926388888889,7.772713261648746,0.07701150974296604,1.0450143511542198
0.0,0.0,0,5741,5741,312,0,0.0,0xa0b86991c6218b36c1d19d4a2e9eb0ce3606eb48,1915.7207175925926,8.009982094463803,0.0,0.0
0.0,0.0884905839604844,0,3,3,1,0,0.0,0xc9df357a4d0f1b4edc53c0587ea0e66216a9ea25,0.44972222222222225,5.3966666666666665,0.029496861320161466,0.032741175322277154
