eth_sent,eth_received,num_sent_txs,num_received_txs,total_txs,address
1.6936572388953965,1.1541299999999999,6,4,10,0x1b7d26e54cdb8517cfc604ef5286b1505ef296df
0.864814,0.0,3,0,3,0xcef2e56d572d4238dd60cbdb52d63bb82f304af5
0.289316,0.0,1,0,1,0x055ceb541d7b3df1dddfe4ee8f938db88191a914
3.6781399501113423,4.525151048928946,6,9,15,0x1f68e594a62621070ed7a59f65a936295792869b
