eth_sent,eth_received,num_sent_txs,num_received_txs,total_txs,in_degree,out_degree,sent_received_ratio,address,account_age_days,avg_time_diff_hours,avg_tx_value,std_dev_tx_value
1.6936572388953965,1.1541299999999999,6,4,10,2,1,1.4674740032937308,0x1b7d26e54cdb8517cfc604ef5286b1505ef296df,0.19708333333333333,0.5255555555555556,0.2847787238895396,0.004366584462887605
0.864814,0.0,3,0,3,0,1,864814.0,0xcef2e56d572d4238dd60cbdb52d63bb82f304af5,0.1376388888888889,1.6516666666666666,0.2882713333333333,0.00373405092805833
0.289316,0.0,1,0,1,0,1,289316.00000000006,0x055ceb541d7b3df1dddfe4ee8f938db88191a914,0.0,0.0,0.289316,0.0
3.6781399501113423,4.525151048928946,6,9,15,3,1,0.8128212953599907,0x1f68e594a62621070ed7a59f65a936295792869b,0.11708333333333333,0.2007142857142857,0.5468860666026859,0.3787499609682492
