eth_sent,eth_received,num_sent_txs,num_received_txs,total_txs,address
3.6009347903905224,0.0,68,0,68,0x1c727a55ea3c11b0ab7d3a361fe0f3c47ce6de5d
0.2684299323205625,0.2427896294647848,22,22,44,0x1b0180458143e8b8a0c1d137dadb69de51e0c1f7
0.3821817723607914,1.961318818563975,11,70,81,0x307576dd4f73f91bb8c4a2edb762938e8e067d31
0.0,0.1526627151452874,0,16,16,0xe2bae53f5936ad32a1c0437fe8350b13714a265e
0.0,71.69771557070139,0,931,931,0x0000000000001ff3684f28c67538d4d072c22734
0.0,0.0,0,5741,5741,0xa0b86991c6218b36c1d19d4a2e9eb0ce3606eb48
0.0,0.0884905839604844,0,3,3,0xc9df357a4d0f1b4edc53c0587ea0e66216a9ea25
