eth_sent,eth_received,num_sent_txs,num_received_txs,total_txs,address,account_age_days,avg_time_diff_hours,avg_tx_value,std_dev_tx_value
0.16649999999999995,0.0,9,0,9,0xab97925eb84fe0260779f58b7cb08d77dcb1ee2b,665.5102777777778,1996.5308333333332,0.018499999999999996,0.0015000000000000002
111.05071429859419,111.09,23,10,33,0x1bc9264ae69cbe4d7b19e99c28491c57fc4c1568,151.02180555555555,113.26635416666667,6.731536796927097,17.05360648564271
44.0,0.0,2,0,2,0x559a24295f72c1acc66a66b153dc0409d9317fdd,21.625138888888888,519.0033333333333,22.0,2.8284271247461903
0.0,0.0,1,0,1,0x559fbefcbbabdb1110f48daf568493a7c43cafdd,0.0,0.0,0.0,0.0
67.0,0.0,2,0,2,0xf74cd56f2ab294142f71e756812dc74b4200c886,0.00125,0.03,33.5,45.96194077712559
0.0,0.0,0,11205,11205,0xdac17f958d2ee523a2206206994597c13d831ec7,1959.5113425925927,4.197453786346146,0.0,0.0
0.0,0.0,0,5741,5741,0xa0b86991c6218b36c1d19d4a2e9eb0ce3606eb48,1915.7207175925926,8.009982094463803,0.0,0.0
2785.09719086,88.48972635484162,110,198,308,0xf89d7b9c864f589bbf53a82105107622b35eaa40,989.0069444444445,77.31650380021716,9.329827653294942,52.24859152435264
220.89019738,68.02912829920335,9,10,19,0xa1abfa21f80ecf401bd41365adbb6fef6fefdf09,18.670555555555556,24.894074074074076,15.206280298905439,36.93143404936169
