eth_sent,eth_received,num_sent_txs,num_received_txs,total_txs,address,account_age_days,avg_time_diff_hours,avg_tx_value,std_dev_tx_value
0.0043096705268022,0.0,1,0,1,0x13b688106bcff74a84fdf3da48d598dd76ede1bf,0.0,0.0,0.0043096705268022,0.0
0.0044465619965795,0.0045336705268022,3,3,6,0x1cc98b708b9670e87b95210f671c22a610c7d378,229.5872222222222,1102.0186666666668,0.0014967054205636168,0.0021382413935503324
0.00016,0.0,1,0,1,0xd5bf8eea4e25659828de29179f91b082b8ea29f6,0.0,0.0,0.00016,0.0
6.4e-05,0.0,1,0,1,0x42d68dece569548eb8c90b891f17c696a99dcbf1,0.0,0.0,6.4e-05,0.0
0.0,0.9482276970920844,0,5,5,0x3b3ab975f4150398a0d24299892b8a3f244dd853,1.8156944444444445,10.894166666666667,0.1896455394184169,0.3971556196364693
0.0,0.0,0,92,92,0x95ad61b0a150d79219dcf64e1e6cc01f0b64c4ce,1539.0030555555556,405.8909157509158,0.0,0.0
0.0,0.0054501793455968015,0,22,22,0xc4cbab6f25aacd8cadc432abb91b85698bf9b43e,0.004583333333333333,0.005238095238095238,0.0002477354247998545,1.216885152517588e-05
