eth_sent,eth_received,num_sent_txs,num_received_txs,total_txs,address
0.0014536120167612,0.0009532684511055,10,1,11,0x1c14a63e151b5d36fa6f3a19112ed0ab12c816cd
30.349568201292694,0.0567308016996215,279,13,292,0xf70da97812cb96acdf810712aa562db8dfa3dbef
0.0,0.025000000000000005,0,12,12,0xeb9bf100225c214efc3e7c651ebbadcf85177607
0.0,383.1798895123511,0,2075,2075,0x66a9893cc07d91d95644aedd05d03f95e1dba8af
0.0,0.0,0,5741,5741,0xa0b86991c6218b36c1d19d4a2e9eb0ce3606eb48
0.0,0.0,0,11205,11205,0xdac17f958d2ee523a2206206994597c13d831ec7
