eth_sent,eth_received,num_sent_txs,num_received_txs,total_txs,address
0.0043096705268022,0.0,1,0,1,0x13b688106bcff74a84fdf3da48d598dd76ede1bf
0.0044465619965795,0.0045336705268022,3,3,6,0x1cc98b708b9670e87b95210f671c22a610c7d378
0.00016,0.0,1,0,1,0xd5bf8eea4e25659828de29179f91b082b8ea29f6
6.4e-05,0.0,1,0,1,0x42d68dece569548eb8c90b891f17c696a99dcbf1
0.0,0.9482276970920844,0,5,5,0x3b3ab975f4150398a0d24299892b8a3f244dd853
0.0,0.0,0,92,92,0x95ad61b0a150d79219dcf64e1e6cc01f0b64c4ce
0.0,0.0054501793455968015,0,22,22,0xc4cbab6f25aacd8cadc432abb91b85698bf9b43e
