eth_sent,eth_received,num_sent_txs,num_received_txs,total_txs,address,account_age_days,avg_time_diff_hours,avg_tx_value,std_dev_tx_value
261.08561597000005,0.0,308,0,308,0xdfd5293d8e347dfe59e90efd55b2956a1343963d,1506.6719791666667,117.7854315960912,0.8476805713311688,4.911604496911626
380.81854021000004,0.0,320,0,320,0x21a31ee1afc51d94c2efccaa2092ad1028285549,1532.7846412037038,115.31922065482411,1.1900579381562502,7.275906843913503
0.28005872945205,0.28020819,3,5,8,0x1dd8ab713700ccf41cf5abac296849a0bba3f85e,0.06777777777777778,0.23238095238095238,0.07003336493150625,0.03228382673458476
0.18238001,6.322001323623979,1,383,384,0x7bdb61d76ab2237102a7203da24816ef0a6408f6,140.6875,8.815926892950392,0.016938493056312447,0.02867684505197028
