eth_sent,eth_received,num_sent_txs,num_received_txs,total_txs,address
261.08561597000005,0.0,308,0,308,0xdfd5293d8e347dfe59e90efd55b2956a1343963d
380.81854021000004,0.0,320,0,320,0x21a31ee1afc51d94c2efccaa2092ad1028285549
0.28005872945205,0.28020819,3,5,8,0x1dd8ab713700ccf41cf5abac296849a0bba3f85e
0.18238001,6.322001323623979,1,383,384,0x7bdb61d76ab2237102a7203da24816ef0a6408f6
