eth_sent,eth_received,num_sent_txs,num_received_txs,total_txs,in_degree,out_degree,sent_received_ratio,address,account_age_days,avg_time_diff_hours,avg_tx_value,std_dev_tx_value
311.9214606775614,90.14498734651808,157,39,196,27,33,3.4602196572318893,0x1a0e8da0405881c32cd1e2bf5374e4e5809be687,1002.0240277777777,125.90877835951135,2.051359428694283,6.291835038485893
0.0,217.53485953100216,0,66,66,1,0,0.0,0x1e42dd8d17fb06516548fa2b6b913cc60db1ec79,994.8644444444444,367.33456410256406,3.295982720166699,8.885227924265404
