eth_sent,eth_received,num_sent_txs,num_received_txs,total_txs,address,account_age_days,avg_time_diff_hours,avg_tx_value,std_dev_tx_value
754.93533307,0.0,221,0,221,0x56eddb7aa87536c09ccc2793473599fd21a8b17f,1513.7317476851852,165.1343724747475,3.415996982217195,31.648237211748274
0.0,0.00268563,5,1,6,0x1ef3e81c73e42ded92bb3467c563c022fd005c9c,11.28888888888889,54.18666666666667,0.000447605,0.0010964038563184644
0.0,0.0,0,11205,11205,0xdac17f958d2ee523a2206206994597c13d831ec7,1959.5113425925927,4.197453786346146,0.0,0.0
