eth_sent,eth_received,num_sent_txs,num_received_txs,total_txs,address
311.9214606775614,90.14498734651808,157,39,196,0x1a0e8da0405881c32cd1e2bf5374e4e5809be687
0.0,217.53485953100216,0,66,66,0x1e42dd8d17fb06516548fa2b6b913cc60db1ec79
