eth_sent,eth_received,num_sent_txs,num_received_txs,total_txs,address
754.93533307,0.0,221,0,221,0x56eddb7aa87536c09ccc2793473599fd21a8b17f
0.0,0.00268563,5,1,6,0x1ef3e81c73e42ded92bb3467c563c022fd005c9c
0.0,0.0,0,11205,11205,0xdac17f958d2ee523a2206206994597c13d831ec7
