eth_sent,eth_received,num_sent_txs,num_received_txs,total_txs,address
0.0101,0.0,3,0,3,0xe91816e4dab2614c3b5aea25046e23ae8ebae8cf
0.0066,0.0,1,0,1,0x7f7748040013f9515410a430c9250511fd3a7c2c
0.005165039794451,0.0,1,0,1,0xc8d4d828fe3729e77142bc61c9a2ad92beec87ad
0.0,0.021865039794451,0,5,5,0x1fe5d9b44381ce5d29dc2337df4c82f4a12d1289
