eth_sent,eth_received,num_sent_txs,num_received_txs,total_txs,address,account_age_days,avg_time_diff_hours,avg_tx_value,std_dev_tx_value
0.0101,0.0,3,0,3,0xe91816e4dab2614c3b5aea25046e23ae8ebae8cf,0.9880555555555556,11.856666666666667,0.0033666666666666667,0.0009237604307034011
0.0066,0.0,1,0,1,0x7f7748040013f9515410a430c9250511fd3a7c2c,0.0,0.0,0.0066,0.0
0.005165039794451,0.0,1,0,1,0xc8d4d828fe3729e77142bc61c9a2ad92beec87ad,0.0,0.0,0.005165039794451,0.0
0.0,0.021865039794451,0,5,5,0x1fe5d9b44381ce5d29dc2337df4c82f4a12d1289,47.69625,286.1775,0.0043730079588902,0.0016071436646794572
