eth_sent,eth_received,num_sent_txs,num_received_txs,total_txs,address
0.58,0.0,1,0,1,0xf0a3ad709497cbdbb0243d4569e5fd003f7eb9aa
3.6781399501113423,4.525151048928946,6,9,15,0x1f68e594a62621070ed7a59f65a936295792869b
2.2514938100335495,0.0,2,0,2,0xc06bc87c83348fcb14991250032d75bacae296ce
1.6936572388953965,1.1541299999999999,6,4,10,0x1b7d26e54cdb8517cfc604ef5286b1505ef296df
0.0,3.6781399501113423,0,6,6,0x8e5a6e6fb4926284774a437241769f9b30c2f743
