eth_sent,eth_received,num_sent_txs,num_received_txs,total_txs,address,account_age_days,avg_time_diff_hours,avg_tx_value,std_dev_tx_value
0.009545740629746207,0.007436025191256,11,8,19,0x20589aa6f78664966b05f4f38175d34481a4fc35,46.396388888888886,101.22848484848485,0.0008937771484738003,0.0023401502576823846
0.007436025191256,0.0,1,0,1,0x1a47038300d7955089c66387bd37dddc8ed7bb6b,0.0,0.0,0.007436025191256,0.0
0.0,0.001969741807994,0,1,1,0x3766d9f68b1603fbe48e89765fae34fed67a4302,0.0,0.0,0.001969741807994,0.0
0.0,0.00425,0,27,27,0xfe5fc40c15c67983694642f9a8711241157fdb0a,9.8925,9.131538461538462,0.00015740740740740743,3.849001794597505e-05
0.0,0.00108075907411042,0,25,25,0x565e79f526245cae4a8c130ad95c7a2778f3ab4b,0.018472222222222223,0.018472222222222223,4.323036296441681e-05,3.3743733084283035e-06
0.0,0.007385994759336,0,1,1,0x66aa4773b3d48737073aa74da3ece31f5ba4ccc5,0.0,0.0,0.007385994759336,0.0
