eth_sent,eth_received,num_sent_txs,num_received_txs,total_txs,address,account_age_days,avg_time_diff_hours,avg_tx_value,std_dev_tx_value
6.2380582906379995,4466.4088900013485,66,110,176,0x1ab4973a48dc892cd9971ece8e01dcc7688f8f23,560.7894444444445,76.90826666666666,25.412766751659024,46.3532283537195
0.0,0.006032324169,4,3,7,0x20573ad086a2eeb3ec48394bd473643e215f9ac1,262.60805555555555,1050.4322222222222,0.0008617605955714286,0.0018682690094734581
0.0,0.0,0,101,101,0xfaba6f8e4a5e8ab82f62fe7c39859fa577269be3,560.4044444444445,134.49706666666665,0.0,0.0
0.0,0.0,0,11205,11205,0xdac17f958d2ee523a2206206994597c13d831ec7,1959.5113425925927,4.197453786346146,0.0,0.0
