eth_sent,eth_received,num_sent_txs,num_received_txs,total_txs,address
6.2380582906379995,4466.4088900013485,66,110,176,0x1ab4973a48dc892cd9971ece8e01dcc7688f8f23
0.0,0.006032324169,4,3,7,0x20573ad086a2eeb3ec48394bd473643e215f9ac1
0.0,0.0,0,101,101,0xfaba6f8e4a5e8ab82f62fe7c39859fa577269be3
0.0,0.0,0,11205,11205,0xdac17f958d2ee523a2206206994597c13d831ec7
