eth_sent,eth_received,num_sent_txs,num_received_txs,total_txs,address
0.009545740629746207,0.007436025191256,11,8,19,0x20589aa6f78664966b05f4f38175d34481a4fc35
0.007436025191256,0.0,1,0,1,0x1a47038300d7955089c66387bd37dddc8ed7bb6b
0.0,0.001969741807994,0,1,1,0x3766d9f68b1603fbe48e89765fae34fed67a4302
0.0,0.00425,0,27,27,0xfe5fc40c15c67983694642f9a8711241157fdb0a
0.0,0.00108075907411042,0,25,25,0x565e79f526245cae4a8c130ad95c7a2778f3ab4b
0.0,0.007385994759336,0,1,1,0x66aa4773b3d48737073aa74da3ece31f5ba4ccc5
