eth_sent,eth_received,num_sent_txs,num_received_txs,total_txs,address,account_age_days,avg_time_diff_hours,avg_tx_value,std_dev_tx_value
0.00055,0.00056,2,1,3,0x902de0aa9ed8503cbf67c39f185a763d5eb43f03,0.019305555555555555,0.23166666666666666,0.00036999999999999994,0.0001808314132002512
0.0232973548868809,0.00055,5,2,7,0x203399a8d10ac83830fcdc13ce84888c81f02a33,0.019305555555555555,0.07722222222222222,0.0034067649838401283,0.008526635460584011
0.0,0.0,0,11205,11205,0xdac17f958d2ee523a2206206994597c13d831ec7,1959.5113425925927,4.197453786346146,0.0,0.0
0.0,383.1798895123511,0,2075,2075,0x66a9893cc07d91d95644aedd05d03f95e1dba8af,180.97180555555556,2.094177113468338,0.18466500699390412,0.7855244123210863
