eth_sent,eth_received,num_sent_txs,num_received_txs,total_txs,address
0.05145126,0.0,1,0,1,0x38f6d5fb32f970fe60924b282704899411126336
0.0512317595511519,0.05167526,4,3,7,0x2132ecd9891136fcc77b481022ade719a222e3b6
0.00016,0.0,1,0,1,0xe42ff245b13bdc71d1241e258751cb5588272275
6.4e-05,0.0,1,0,1,0x3f79181bb3ac05e85de0add950f68ff4eced47d6
0.0,0.0,0,61,61,0x1f9840a85d5af5bf1d1762f925bdaddc4201f984
0.0,0.05098832,0,1,1,0x9935bae9ced3334c7800420f3d7f55cf6c7bc934
0.0,0.0,0,92,92,0x95ad61b0a150d79219dcf64e1e6cc01f0b64c4ce
0.0,0.0054501793455968015,0,22,22,0xc4cbab6f25aacd8cadc432abb91b85698bf9b43e
