eth_sent,eth_received,num_sent_txs,num_received_txs,total_txs,address
0.04926525204334102,0.0,156,0,156,0x2703983059c7b60515b4fab6fb8b301f7781f5c6
0.0,0.0082711487414584,14,12,26,0x21e260e8235ad0f49162ad54e019625fa2461f23
0.0,0.0,0,11205,11205,0xdac17f958d2ee523a2206206994597c13d831ec7
