eth_sent,eth_received,num_sent_txs,num_received_txs,total_txs,in_degree,out_degree,sent_received_ratio,address,account_age_days,avg_time_diff_hours,avg_tx_value,std_dev_tx_value
0.01218,0.009915950149,3,1,4,1,1,1.2282001842298462,0xa98f358410fb5287d187690594de7422308ac803,0.22425925925925927,1.7940740740740742,0.00552398753725,0.0051205700890519295
0.15411195014899998,0.25696025,14,5,19,3,6,0.5997478224790702,0x21212a1da7e957df615cdbc52396d60ccbe305b0,1697.1155787037037,2395.9278758169935,0.02163537895521053,0.0632529634111426
0.49190100999999997,0.0,4,0,4,0,4,491901.01,0x4b4e14a3773ee558b6597070797fd51eb48606e5,165.92916666666667,1327.4333333333334,0.12297525249999999,0.08973695244673935
0.0,0.0,0,11205,11205,394,0,0.0,0xdac17f958d2ee523a2206206994597c13d831ec7,1959.5113425925927,4.197453786346146,0.0,0.0
0.0,0.0,0,5741,5741,312,0,0.0,0xa0b86991c6218b36c1d19d4a2e9eb0ce3606eb48,1915.7207175925926,8.009982094463803,0.0,0.0
0.0,0.0,0,3,3,1,0,0.0,0xb323692b6d4db96af1f52e4499a2bd0ded9af3c5,57.86972222222222,694.4366666666666,0.0,0.0
0.0,1.649318,0,9,9,8,0,0.0,0x34e158883efc81c5d92fde785fba48db738711ee,872.9822222222223,2618.9466666666667,0.18325755555555556,0.2810346961551683
