eth_sent,eth_received,num_sent_txs,num_received_txs,total_txs,address,account_age_days,avg_time_diff_hours,avg_tx_value,std_dev_tx_value
0.009335572877735,0.007437928339839,11,10,21,0x21d77fac8753f0ce10f5152713776cde48fc852a,46.39555555555555,101.22666666666667,0.0007987381532178095,0.0022365784621365234
0.007437928339839,0.0,1,0,1,0xa945f308eeed2fb3dae6ef500ad9df36ca438855,0.0,0.0,0.007437928339839,0.0
0.0,0.001971116152658,0,1,1,0x382a80818f76b2a396dfda84dd87fb53a5cb7c86,0.0,0.0,0.001971116152658,0.0
0.0,0.007364456725077,0,1,1,0x2177071a47b7316c42df187062edf0674dab79ec,0.0,0.0,0.007364456725077,0.0
