eth_sent,eth_received,num_sent_txs,num_received_txs,total_txs,address
0.01218,0.009915950149,3,1,4,0xa98f358410fb5287d187690594de7422308ac803
0.15411195014899998,0.25696025,14,5,19,0x21212a1da7e957df615cdbc52396d60ccbe305b0
0.49190100999999997,0.0,4,0,4,0x4b4e14a3773ee558b6597070797fd51eb48606e5
0.0,0.0,0,11205,11205,0xdac17f958d2ee523a2206206994597c13d831ec7
0.0,0.0,0,5741,5741,0xa0b86991c6218b36c1d19d4a2e9eb0ce3606eb48
0.0,0.0,0,3,3,0xb323692b6d4db96af1f52e4499a2bd0ded9af3c5
0.0,1.649318,0,9,9,0x34e158883efc81c5d92fde785fba48db738711ee
