eth_sent,eth_received,num_sent_txs,num_received_txs,total_txs,in_degree,out_degree,sent_received_ratio,address,account_age_days,avg_time_diff_hours,avg_tx_value,std_dev_tx_value
0.05145126,0.0,1,0,1,0,1,51451.26,0x38f6d5fb32f970fe60924b282704899411126336,0.0,0.0,0.05145126,0.0
0.0512317595511519,0.05167526,4,3,7,3,4,0.9913983626359937,0x2132ecd9891136fcc77b481022ade719a222e3b6,256.90833333333336,1027.6333333333334,0.014701002793021696,0.02494759009397515
0.00016,0.0,1,0,1,0,1,160.00000000000003,0xe42ff245b13bdc71d1241e258751cb5588272275,0.0,0.0,0.00016,0.0
6.4e-05,0.0,1,0,1,0,1,64.0,0x3f79181bb3ac05e85de0add950f68ff4eced47d6,0.0,0.0,6.4e-05,0.0
0.0,0.0,0,61,61,20,0,0.0,0x1f9840a85d5af5bf1d1762f925bdaddc4201f984,1778.612060185185,711.4448240740741,0.0,0.0
0.0,0.05098832,0,1,1,1,0,0.0,0x9935bae9ced3334c7800420f3d7f55cf6c7bc934,0.0,0.0,0.05098832,0.0
0.0,0.0,0,92,92,21,0,0.0,0x95ad61b0a150d79219dcf64e1e6cc01f0b64c4ce,1539.0030555555556,405.8909157509158,0.0,0.0
0.0,0.0054501793455968015,0,22,22,22,0,0.0,0xc4cbab6f25aacd8cadc432abb91b85698bf9b43e,0.004583333333333333,0.005238095238095238,0.0002477354247998545,1.216885152517588e-05
