eth_sent,eth_received,num_sent_txs,num_received_txs,total_txs,in_degree,out_degree,sent_received_ratio,address,account_age_days,avg_time_diff_hours,avg_tx_value,std_dev_tx_value
0.04926525204334102,0.0,156,0,156,0,4,49265.252043341025,0x2703983059c7b60515b4fab6fb8b301f7781f5c6,474.175,73.42064516129032,0.0003158028977137245,0.000260920486733757
0.0,0.0082711487414584,14,12,26,1,1,0.0,0x21e260e8235ad0f49162ad54e019625fa2461f23,474.1791666666667,455.212,0.0003181211054407077,0.0005217702776041884
0.0,0.0,0,11205,11205,394,0,0.0,0xdac17f958d2ee523a2206206994597c13d831ec7,1959.5113425925927,4.197453786346146,0.0,0.0
