eth_sent,eth_received,num_sent_txs,num_received_txs,total_txs,address
0.0122297807548633,0.0,7,0,7,0xb01caea8c6c47bbf4f4b4c5080ca642043359c2e
1.1996337633705e-05,0.0007657049761527,12,2,14,0x22e4f9822dd2c4d5c7f98d3479ac559efe3ec886
0.0175997115687874,0.0,15,0,15,0xc066ac5d385419b1a8c43a0e146fa439837a8b8c
0.0,0.0,0,5741,5741,0xa0b86991c6218b36c1d19d4a2e9eb0ce3606eb48
0.0,285.76097099438874,0,879,879,0x881d40237659c251811cec9c364ef91dc08d300c
0.0,1.1996337633705e-05,0,3,3,0x816f722424b49cf1275cc86da9840fbd5a6167e9
