eth_sent,eth_received,num_sent_txs,num_received_txs,total_txs,address,account_age_days,avg_time_diff_hours,avg_tx_value,std_dev_tx_value
0.0122297807548633,0.0,7,0,7,0xb01caea8c6c47bbf4f4b4c5080ca642043359c2e,170.68333333333334,682.7333333333333,0.0017471115364090428,0.0017724684661482423
1.1996337633705e-05,0.0007657049761527,12,2,14,0x22e4f9822dd2c4d5c7f98d3479ac559efe3ec886,4.246944444444445,7.84051282051282,5.555009384188607e-05,0.00013993560918677489
0.0175997115687874,0.0,15,0,15,0xc066ac5d385419b1a8c43a0e146fa439837a8b8c,211.885,363.2314285714286,0.0011733141045858265,0.0011600383680675451
0.0,0.0,0,5741,5741,0xa0b86991c6218b36c1d19d4a2e9eb0ce3606eb48,1915.7207175925926,8.009982094463803,0.0,0.0
0.0,285.76097099438874,0,879,879,0x881d40237659c251811cec9c364ef91dc08d300c,1672.187210648148,45.708989812705646,0.3250978054543672,3.087918266149857
0.0,1.1996337633705e-05,0,3,3,0x816f722424b49cf1275cc86da9840fbd5a6167e9,3.932361111111111,47.18833333333333,3.998779211235e-06,0.0
