eth_sent,eth_received,num_sent_txs,num_received_txs,total_txs,address
13.34171331333068,317.70315141139173,91,84,175,0x75e89d5979e4f6fba9f97c104c2f0afb3f1dcb88
0.8581889765840001,0.31963741,22,5,27,0x2210f9dc0bc0a4bb38c39473270551b8f040cfbb
12.03110131376005,529.607187402371,136,175,311,0x9642b23ed1e01df1092b92641051881a322f5d4e
0.0,0.0,0,2,2,0x59e9261255644c411afdd00bd89162d09d862e38
0.2220765539039882,0.558188976584,4,10,14,0x69eaf6c516a1cd3197fc283aa3532334949f9097
0.0,383.1798895123511,0,2075,2075,0x66a9893cc07d91d95644aedd05d03f95e1dba8af
0.0,0.0,0,18,18,0x7b10d50b5885be4c7985a88408265c109bd1eec8
0.0,0.0,0,4,4,0xcab84bc21f9092167fcfe0ea60f5ce053ab39a1e
0.0,0.0,0,1,1,0x1165ecebfa6693cf64ac5ef49f1b32e8acbffe01
