eth_sent,eth_received,num_sent_txs,num_received_txs,total_txs,in_degree,out_degree,sent_received_ratio,address,account_age_days,avg_time_diff_hours,avg_tx_value,std_dev_tx_value
25.387290280000002,0.0,491,0,491,0,14,25387290.280000005,0xb23360ccdd9ed1b15d45e5d3824bb409c8d7c460,807.0229166666667,39.52765306122449,0.05170527551934827,0.19580013150522838
0.0,1.7333541886752941,22,45,67,3,1,0.0,0x23a29748dcbadf176ff2d45ce2dfa4fde2d6b06e,218.42833333333334,79.42848484848486,0.025870958039929767,0.06610518543939808
142.22605948547314,110.69800414405059,229,467,696,9,21,1.2848114046896808,0x974caa59e49682cda0ad2bbe82983419a2ecc400,1019.3675,35.201179856115104,0.3633966431458675,3.5368659070206996
12.128183714148646,1.123837535624023,69,12,81,3,12,10.79174928577649,0xc94ebb328ac25b95db0e0aa968371885fa516215,1149.6348148148147,344.8904444444445,0.16360520061447736,0.32958413410661874
0.0,0.0,0,11205,11205,394,0,0.0,0xdac17f958d2ee523a2206206994597c13d831ec7,1959.5113425925927,4.197453786346146,0.0,0.0
