eth_sent,eth_received,num_sent_txs,num_received_txs,total_txs,address
25.387290280000002,0.0,491,0,491,0xb23360ccdd9ed1b15d45e5d3824bb409c8d7c460
0.0,1.7333541886752941,22,45,67,0x23a29748dcbadf176ff2d45ce2dfa4fde2d6b06e
142.22605948547314,110.69800414405059,229,467,696,0x974caa59e49682cda0ad2bbe82983419a2ecc400
12.128183714148646,1.123837535624023,69,12,81,0xc94ebb328ac25b95db0e0aa968371885fa516215
0.0,0.0,0,11205,11205,0xdac17f958d2ee523a2206206994597c13d831ec7
