eth_sent,eth_received,num_sent_txs,num_received_txs,total_txs,address
0.0088544695914,0.0,16,0,16,0xc5267f13b9b4ba7bb73bdd53a2a3c944733a2961
25.3704774033,49.5993311041878,43,39,82,0x23eb0cb185f9678b9a20ac33534455c1ee854890
49.629999999999995,25.53556260953764,165,33,198,0xe41bd2faecabd4ef88e07648503ff7f30d6f2b7f
1.1741506492605915,1.182,4,3,7,0x7bf61e793475ebcae8a23989effdc7b49667aa08
0.0,0.0,0,5741,5741,0xa0b86991c6218b36c1d19d4a2e9eb0ce3606eb48
0.0,0.0,0,11205,11205,0xdac17f958d2ee523a2206206994597c13d831ec7
205.92814491000001,31.8585258015,25,18,43,0xa9ac43f5b5e38155a288d1a01d2cbc4478e14573
