eth_sent,eth_received,num_sent_txs,num_received_txs,total_txs,address
382.3806886357,0.9444430823469055,292,6,298,0x267be1c1d684f78cb4f6a176c4911b741e4ffdc0
0.021206756123456297,0.02147,4,2,6,0x254cf50814102b042ea0e4d3a38226a7e03e39a1
0.0,0.0069225,0,1,1,0xaa337720d351d035d785ad4cf727b26f1b201593
0.0,0.00692993,0,1,1,0x46ef8a64f1a44132fcaf6eff29a729e8a4e3a343
0.0,0.00693286,0,1,1,0x8aa7eda96b55586618fab7dc6c32c1a2a3b2d968
0.0,0.0004214661234563,0,1,1,0x128119b961c437941dc83922462029daeb7cee1c
