eth_sent,eth_received,num_sent_txs,num_received_txs,total_txs,in_degree,out_degree,sent_received_ratio,address,account_age_days,avg_time_diff_hours,avg_tx_value,std_dev_tx_value
0.00385462,0.00083,2,1,3,1,1,4.638531889290012,0xe825213dbcb12d8faed8131904d0376a2a13c67c,640.44875,7685.385,0.0015615400000000002,0.0007641707366812734
0.0316726319026933,0.03469462,8,3,11,2,3,0.9128711895822383,0x26333e934327cc41f571939ac8f9b3b4554cc121,1032.4754166666667,2477.941,0.0060333865366084816,0.012289985329234617
754.93533307,0.0,221,0,221,0,63,754935333.0699999,0x56eddb7aa87536c09ccc2793473599fd21a8b17f,1513.7317476851852,165.1343724747475,3.415996982217195,31.648237211748274
0.0,0.0,0,9,9,4,0,0.0,0xddb3422497e61e13543bea06989c0789117555c5,1032.4663888888888,3097.3991666666666,0.0,0.0
0.0,0.0308426319026933,0,1,1,1,0,0.0,0x776c4635dc27ce11da7f593d29d43e3605979cbb,0.0,0.0,0.0308426319026933,0.0
