eth_sent,eth_received,num_sent_txs,num_received_txs,total_txs,in_degree,out_degree,sent_received_ratio,address,account_age_days,avg_time_diff_hours,avg_tx_value,std_dev_tx_value
1.042,0.0,28,0,28,0,1,1042000.0000000001,0x2bae9325ebed034cdac95be384ad68b244d9775a,133.6675,118.81555555555556,0.037214285714285714,0.031110513457978276
0.03283210677263,0.0,2,0,2,0,1,32832.10677263,0x61f08d119974a3d9915f06765d83fe1aa677e543,0.55125,13.23,0.016416053386315,0.010419426928670738
1.0874058663829467,1.08761369677263,14,31,45,3,2,0.9998079923061881,0x26b5a47da9c56a9617c0f15c95705d5065f2bdc9,133.67388888888888,72.91303030303031,0.048333768070123934,0.08120003572466564
0.01278159,0.0,1,0,1,0,1,12781.590000000002,0xff0f50fa7016e4390cb6b069347c635cfd035c6b,0.0,0.0,0.01278159,0.0
12.128183714148646,1.123837535624023,69,12,81,3,12,10.79174928577649,0xc94ebb328ac25b95db0e0aa968371885fa516215,1149.6348148148147,344.8904444444445,0.16360520061447736,0.32958413410661874
0.0,15.664700689096794,0,342,342,6,0,0.0,0xa26148ae51fa8e787df319c04137602cc018b521,126.59041666666667,8.90958944281525,0.04580321838917191,0.07843889172723464
