eth_sent,eth_received,num_sent_txs,num_received_txs,total_txs,address
0.00385462,0.00083,2,1,3,0xe825213dbcb12d8faed8131904d0376a2a13c67c
0.0316726319026933,0.03469462,8,3,11,0x26333e934327cc41f571939ac8f9b3b4554cc121
754.93533307,0.0,221,0,221,0x56eddb7aa87536c09ccc2793473599fd21a8b17f
0.0,0.0,0,9,9,0xddb3422497e61e13543bea06989c0789117555c5
0.0,0.0308426319026933,0,1,1,0x776c4635dc27ce11da7f593d29d43e3605979cbb
