eth_sent,eth_received,num_sent_txs,num_received_txs,total_txs,address
1.042,0.0,28,0,28,0x2bae9325ebed034cdac95be384ad68b244d9775a
0.03283210677263,0.0,2,0,2,0x61f08d119974a3d9915f06765d83fe1aa677e543
1.0874058663829467,1.08761369677263,14,31,45,0x26b5a47da9c56a9617c0f15c95705d5065f2bdc9
0.01278159,0.0,1,0,1,0xff0f50fa7016e4390cb6b069347c635cfd035c6b
12.128183714148646,1.123837535624023,69,12,81,0xc94ebb328ac25b95db0e0aa968371885fa516215
0.0,15.664700689096794,0,342,342,0xa26148ae51fa8e787df319c04137602cc018b521
