eth_sent,eth_received,num_sent_txs,num_received_txs,total_txs,address
0.0081472212454524,0.0,1,0,1,0xf2f9f704ec8e3eaa8081188e662f27785454abaf
0.0,0.0081472212454524,20,1,21,0x2724f01d675aa94c8d24c72b4ec243caef43717a
0.0,0.0,0,8,8,0x61e90a50137e1f645c9ef4a0d3a4f01477738406
0.0,0.0,0,12,12,0x196a26ef25beea61f9199e3f9d4c5c03377df786
