eth_sent,eth_received,num_sent_txs,num_received_txs,total_txs,in_degree,out_degree,sent_received_ratio,address,account_age_days,avg_time_diff_hours,avg_tx_value,std_dev_tx_value
1.94744842,0.0,8,0,8,0,5,1947448.4200000002,0xef317e433b0836f294866d43f67d6871b609b351,39.669444444444444,136.0095238095238,0.24343105249999997,0.5720903756214121
0.0,0.0086339,12,1,13,1,7,0.0,0x2704505ca9496bf7ad20e175086ae0d157eaff28,39.6775,79.355,0.0006641461538461538,0.0023946130120945028
0.0,0.0,0,6,6,4,0,0.0,0x3506424f91fd33084466f402d5d97f05f8e3b4af,535.6572222222222,2571.154666666667,0.0,0.0
0.0,0.0,0,35,35,10,0,0.0,0xaea46a60368a7bd060eec7df8cba43b7ef41ad85,814.3198611111111,574.8140196078431,0.0,0.0
0.0,0.0,0,181,181,38,0,0.0,0x6982508145454ce325ddbe47a25d4ec3d2311933,834.1009722222223,111.21346296296296,0.0,0.0
0.0,0.0,0,7,7,5,0,0.0,0x6b3595068778dd592e39a122f4f5a5cf09c90fe2,275.99430555555557,1103.9772222222223,0.0,0.0
0.0,0.0,0,20,20,11,0,0.0,0x0f5d2fb29fb7d3cfee444a200298f468908cc942,2803.9141203703703,3541.7862573099414,0.0,0.0
0.0,0.0,0,9,9,4,0,0.0,0xddb3422497e61e13543bea06989c0789117555c5,1032.4663888888888,3097.3991666666666,0.0,0.0
0.0,0.0,0,4,4,2,0,0.0,0xba11d00c5f74255f56a5e366f4f77f5a186d7f55,277.07930555555555,2216.6344444444444,0.0,0.0
