eth_sent,eth_received,num_sent_txs,num_received_txs,total_txs,address
1.94744842,0.0,8,0,8,0xef317e433b0836f294866d43f67d6871b609b351
0.0,0.0086339,12,1,13,0x2704505ca9496bf7ad20e175086ae0d157eaff28
0.0,0.0,0,6,6,0x3506424f91fd33084466f402d5d97f05f8e3b4af
0.0,0.0,0,35,35,0xaea46a60368a7bd060eec7df8cba43b7ef41ad85
0.0,0.0,0,181,181,0x6982508145454ce325ddbe47a25d4ec3d2311933
0.0,0.0,0,7,7,0x6b3595068778dd592e39a122f4f5a5cf09c90fe2
0.0,0.0,0,20,20,0x0f5d2fb29fb7d3cfee444a200298f468908cc942
0.0,0.0,0,9,9,0xddb3422497e61e13543bea06989c0789117555c5
0.0,0.0,0,4,4,0xba11d00c5f74255f56a5e366f4f77f5a186d7f55
