eth_sent,eth_received,num_sent_txs,num_received_txs,total_txs,address
0.007000000000000001,0.01101931911775,5,1,6,0x8503885d1f1fbef2e4f56fb6bc684607e2369873
0.0140045406929433,0.007000000000000001,10,5,15,0x29f68b86fa49086b609f7425f091d66081db084e
0.0,0.0,0,5,5,0xf944e35f95e819e752f3ccb5faf40957d311e8c5
0.0,0.0,0,2,2,0x9a98e6b60784634ae273f2fb84519c7f1885aed2
0.0,0.0,0,1,1,0xfd72ba1944dd7b7e5829e33aa92dd7a149919f65
0.0,0.0,0,1,1,0x37d83d194e6b3dfb7155bd2ce9d385e66c2d707c
0.0,0.0,0,1,1,0x157a6df6b74f4e5e45af4e4615fde7b49225a662
0.0,0.0029852215751933,0,1,1,0xecee882ab377eabb20b50cd7f9598a98b184a9c0
0.0,0.00021965867559508301,0,18,18,0xbbbfd134e9b44bfb5123898ba36b01de7ab93d98
