eth_sent,eth_received,num_sent_txs,num_received_txs,total_txs,address,account_age_days,avg_time_diff_hours,avg_tx_value,std_dev_tx_value
0.001,0.0,1,0,1,0x08d7248576a4998c4fcd5f1cfb8d42beea210c33,0.0,0.0,0.001,0.0
0.014,0.08514284999999999,4,4,8,0x2944cfd50d3c974aab482fa16aa0ff5beeae6f4a,219.50125,752.5757142857143,0.01239285625,0.02217258837863026
0.0727,0.0,2,0,2,0x5fa23573f8c6ae59b256a20bfdcd557f98dc7cfa,0.9826388888888888,23.583333333333332,0.03635,0.04122432534317572
261.08561597000005,0.0,308,0,308,0xdfd5293d8e347dfe59e90efd55b2956a1343963d,1506.6719791666667,117.7854315960912,0.8476805713311688,4.911604496911626
0.0,0.0,0,11205,11205,0xdac17f958d2ee523a2206206994597c13d831ec7,1959.5113425925927,4.197453786346146,0.0,0.0
0.0,0.0,0,1,1,0x6c6ee5e31d828de241282b9606c8e98ea48526e2,0.0,0.0,0.0,0.0
0.0,0.014,0,1,1,0x1ea7ccc30fb3b1e2274e49f4b8a68c5d157597ce,0.0,0.0,0.014,0.0
