eth_sent,eth_received,num_sent_txs,num_received_txs,total_txs,in_degree,out_degree,sent_received_ratio,address,account_age_days,avg_time_diff_hours,avg_tx_value,std_dev_tx_value
0.115475,0.0,1,0,1,0,1,115475.0,0x20bca65182ff199ba546ffd067c297aac443030b,0.0,0.0,0.115475,0.0
0.6129549999999999,0.615475,3,3,6,3,3,0.995903983258486,0x2903e9f1d81fac8ccc313b5b496f2db7db6750b6,15.96164351851852,76.61588888888889,0.20473833333333333,0.08262004506575063
0.2,0.0,1,0,1,0,1,200000.00000000003,0x26d68aebfe5e265f2fafc27045b1042256f915f6,0.0,0.0,0.2,0.0
0.3,0.0,1,0,1,0,1,300000.0,0xce6da81864f1c2c7d900ab3dd130dd37cbe27a00,0.0,0.0,0.3,0.0
0.02850067,3.163098133,1,8,9,4,1,0.009010362559509448,0xb8cf411b956b3f9013c1d0ac8c909b086218207c,114.73377314814815,344.20131944444444,0.3546220892222222,0.40973207195218936
0.024,11.24716713,1,11,12,5,1,0.002133870475002849,0x6aa36553f97d5965566697bafcfda5d69a5bc6d7,108.86976851851851,237.53404040404038,0.9392639275,1.5115316028360293
0.0,125.05135359725644,0,9,9,4,0,0.0,0xe13467e36561606a821fb7ecd72bfce8f70648f9,126.1546875,378.4640625,13.894594844139602,32.53608564789186
