eth_sent,eth_received,num_sent_txs,num_received_txs,total_txs,address
0.115475,0.0,1,0,1,0x20bca65182ff199ba546ffd067c297aac443030b
0.6129549999999999,0.615475,3,3,6,0x2903e9f1d81fac8ccc313b5b496f2db7db6750b6
0.2,0.0,1,0,1,0x26d68aebfe5e265f2fafc27045b1042256f915f6
0.3,0.0,1,0,1,0xce6da81864f1c2c7d900ab3dd130dd37cbe27a00
0.02850067,3.163098133,1,8,9,0xb8cf411b956b3f9013c1d0ac8c909b086218207c
0.024,11.24716713,1,11,12,0x6aa36553f97d5965566697bafcfda5d69a5bc6d7
0.0,125.05135359725644,0,9,9,0xe13467e36561606a821fb7ecd72bfce8f70648f9
