eth_sent,eth_received,num_sent_txs,num_received_txs,total_txs,address
0.00010986674144,0.0,4,0,4,0xd53e894801ba60fa923e02207e38c9c12c1fe995
0.0,0.0,1,0,1,0xd530e3c4c08d69bd12107e6406e8318485797995
0.0,0.00021207837472000002,5,5,10,0x2aa4232cd81c91fdd88e223954782e4329c3056d
1.69687013223964,4.9997,997,62,1059,0x810099a63b9e777d2a6b54a48c601d21c42ebcaf
0.0,0.0,0,11205,11205,0xdac17f958d2ee523a2206206994597c13d831ec7
