eth_sent,eth_received,num_sent_txs,num_received_txs,total_txs,in_degree,out_degree,sent_received_ratio,address,account_age_days,avg_time_diff_hours,avg_tx_value,std_dev_tx_value
0.03,0.07,200,2,202,2,4,0.42856530620991123,0xe7bf2c1fde3ab0c028eb714dd3a9be8869dc9af4,480.7438888888889,57.40225538971808,0.0004950495049504951,0.004082784539934371
55.8,0.0,10,0,10,0,2,55800000.0,0x321faa2671ba119677dfba3734d56cb1c7e7aae7,253.84791666666666,676.9277777777778,5.58,12.967185079611108
0.0,0.0,1,0,1,0,1,0.0,0x9c968e19d843a475537efee5980d33e88b813b8c,0.0,0.0,0.0,0.0
1e-05,0.0,1,0,1,0,1,10.000000000000002,0x9c96e41f5c36e48852466a1f2b762149b1593b8c,0.0,0.0,1e-05,0.0
4.140381269423e-06,0.0,1,0,1,0,1,4.140381269423,0x8934d8341e84f7e4cac491b6f9e21bf2add8b2b9,0.0,0.0,4.140381269423e-06,0.0
0.0,0.01,5,1,6,1,1,0.0,0x406826a0373ed21901b8fea3c3cca2883eeaf075,426.93361111111113,2049.2813333333334,0.0016666666666666668,0.004082482904638631
0.0,0.0,187,0,187,0,6,0.0,0x290ca4da2c963dea5ae736469a5b8a53d64d4e6a,19.91486111111111,2.5696594982078853,0.0,0.0
2e-06,0.0,2,0,2,0,1,2.0,0x9c96f0281dc4a067b388f054871bbf0aee863b8c,0.008333333333333333,0.2,1e-06,0.0
0.0,55.75001614038126,0,235,235,8,0,0.0,0x2b0e8cb57bb3e50e4c152fa0e6230a37ce888b85,494.015,50.66820512820513,0.23723411123566499,2.782321092204645
