eth_sent,eth_received,num_sent_txs,num_received_txs,total_txs,address
0.03,0.07,200,2,202,0xe7bf2c1fde3ab0c028eb714dd3a9be8869dc9af4
55.8,0.0,10,0,10,0x321faa2671ba119677dfba3734d56cb1c7e7aae7
0.0,0.0,1,0,1,0x9c968e19d843a475537efee5980d33e88b813b8c
1e-05,0.0,1,0,1,0x9c96e41f5c36e48852466a1f2b762149b1593b8c
4.140381269423e-06,0.0,1,0,1,0x8934d8341e84f7e4cac491b6f9e21bf2add8b2b9
0.0,0.01,5,1,6,0x406826a0373ed21901b8fea3c3cca2883eeaf075
0.0,0.0,187,0,187,0x290ca4da2c963dea5ae736469a5b8a53d64d4e6a
2e-06,0.0,2,0,2,0x9c96f0281dc4a067b388f054871bbf0aee863b8c
0.0,55.75001614038126,0,235,235,0x2b0e8cb57bb3e50e4c152fa0e6230a37ce888b85
