eth_sent,eth_received,num_sent_txs,num_received_txs,total_txs,address
9.14187145484679,8.211921056887526,516,257,773,0xe5e2db38bb3fd2b0c2942c712b2ab617efcff454
0.0,0.0,2,0,2,0x69fcfb101d743ea60e37238ad1098e1e2b7783bb
0.0,0.0,1,0,1,0xa3100c4910e7778bbe9ed8666bfaad5a08a9baf7
0.0,0.0,1,0,1,0x7a0cdce4790c84bedb902e7b126b349659c84d34
0.0,0.0,0,5,5,0x2c0344deb775a1e31757636aa64de1ab6c35199d
