eth_sent,eth_received,num_sent_txs,num_received_txs,total_txs,address,account_age_days,avg_time_diff_hours,avg_tx_value,std_dev_tx_value
0.002,0.0,1,0,1,0x5552b798c64a882d4676a9ee2b7a9b2482fd4113,0.0,0.0,0.002,0.0
0.0,0.04668,154,7,161,0x2cec5826b9483149866240f3914a32a7776e1f03,23.08152777777778,3.4622291666666665,0.00028993788819875775,0.0016909998879710228
0.02,0.0,3,0,3,0x0ec4e075a2762cfe8c21411d34cee5af6e69810d,14.073194444444445,168.87833333333333,0.006666666666666667,0.002886751345948129
0.0,0.0,1,0,1,0x0ec0e1e975a7b0ca7dcb44bb96049859869e110d,0.0,0.0,0.0,0.0
205.92814491000001,31.8585258015,25,18,43,0xa9ac43f5b5e38155a288d1a01d2cbc4478e14573,116.25638888888889,66.43222222222222,5.529922574686046,18.67260873527586
0.0,0.0,0,11205,11205,0xdac17f958d2ee523a2206206994597c13d831ec7,1959.5113425925927,4.197453786346146,0.0,0.0
