eth_sent,eth_received,num_sent_txs,num_received_txs,total_txs,in_degree,out_degree,sent_received_ratio,address,account_age_days,avg_time_diff_hours,avg_tx_value,std_dev_tx_value
2.5551665095120746,2.124951806981966,34,10,44,8,11,1.2024580033573233,0x2a8cb70880139add8a81928378f041eff603570e,1196.9571527777778,668.0691085271318,0.10636632537486458,0.278991137067778
0.20852536558423274,0.41819108282787765,4,8,12,1,1,0.4986353739031904,0x2c3e645df88f3ec5ae3d31b21fd17b75d5c535c7,194.72305555555556,424.850303030303,0.05222637070100918,0.02019723731522896
0.11422465,65.78871021837273,3,583,586,5,2,0.0017362348020597892,0xdfaa75323fb721e5f29d43859390f62cc4b600b8,640.9611111111111,26.295840455840455,0.11246234619176233,0.06886410707449811
