eth_sent,eth_received,num_sent_txs,num_received_txs,total_txs,address
0.002,0.0,1,0,1,0x5552b798c64a882d4676a9ee2b7a9b2482fd4113
0.0,0.04668,154,7,161,0x2cec5826b9483149866240f3914a32a7776e1f03
0.02,0.0,3,0,3,0x0ec4e075a2762cfe8c21411d34cee5af6e69810d
0.0,0.0,1,0,1,0x0ec0e1e975a7b0ca7dcb44bb96049859869e110d
205.92814491000001,31.8585258015,25,18,43,0xa9ac43f5b5e38155a288d1a01d2cbc4478e14573
0.0,0.0,0,11205,11205,0xdac17f958d2ee523a2206206994597c13d831ec7
