eth_sent,eth_received,num_sent_txs,num_received_txs,total_txs,address
2.5551665095120746,2.124951806981966,34,10,44,0x2a8cb70880139add8a81928378f041eff603570e
0.20852536558423274,0.41819108282787765,4,8,12,0x2c3e645df88f3ec5ae3d31b21fd17b75d5c535c7
0.11422465,65.78871021837273,3,583,586,0xdfaa75323fb721e5f29d43859390f62cc4b600b8
