eth_sent,eth_received,num_sent_txs,num_received_txs,total_txs,address,account_age_days,avg_time_diff_hours,avg_tx_value,std_dev_tx_value
0.0053522545458378,0.0092780595973949,13,4,17,0x2d08fb68ea011349886eec65936c55d3080f6cee,199.99777777777777,299.99666666666667,0.0008606067143078059,0.0018692999342569
0.0068966087691153,0.0,4,0,4,0xa70bd304acd104d79535c2b214a169bad4594979,199.96041666666667,1599.6833333333334,0.001724152192278825,0.0031461170458293125
0.0003814508282796,0.0,1,0,1,0x5994335e54a510297a5026418848f80b35b2b819,0.0,0.0,0.0003814508282796,0.0
0.002,0.0047491382471744,11,1,12,0x95541e3f8d0542ea790f704f7ae35ec5afdfe343,197.78333333333333,431.52727272727276,0.0005624281872645333,0.0014383831990631547
0.0,0.0,0,143,143,0x636b40febf37fd9f059b68f5bae3a26285314551,2.968611111111111,0.5017370892018779,0.0,0.0
0.0,0.0,0,48,48,0xd11c452fc99cf405034ee446803b6f6c1f6d5ed8,279.57444444444445,142.76141843971632,0.0,0.0
0.0,0.0013114894385816002,0,7,7,0x80226fc0ee2b096224eeac085bb9a8cba1146f7d,289.45694444444445,1157.8277777777778,0.0001873556340830857,2.3552077413617686e-05
0.0,0.0004296372357289,0,1,1,0xb1520232adecefa0fee943ebf6ed1aafd3abdfbd,0.0,0.0,0.0004296372357289,0.0
0.0,0.0,0,14,14,0x77146784315ba81904d654466968e3a7c196d1f3,2.89375,5.342307692307692,0.0,0.0
