eth_sent,eth_received,num_sent_txs,num_received_txs,total_txs,address
0.0053522545458378,0.0092780595973949,13,4,17,0x2d08fb68ea011349886eec65936c55d3080f6cee
0.0068966087691153,0.0,4,0,4,0xa70bd304acd104d79535c2b214a169bad4594979
0.0003814508282796,0.0,1,0,1,0x5994335e54a510297a5026418848f80b35b2b819
0.002,0.0047491382471744,11,1,12,0x95541e3f8d0542ea790f704f7ae35ec5afdfe343
0.0,0.0,0,143,143,0x636b40febf37fd9f059b68f5bae3a26285314551
0.0,0.0,0,48,48,0xd11c452fc99cf405034ee446803b6f6c1f6d5ed8
0.0,0.0013114894385816002,0,7,7,0x80226fc0ee2b096224eeac085bb9a8cba1146f7d
0.0,0.0004296372357289,0,1,1,0xb1520232adecefa0fee943ebf6ed1aafd3abdfbd
0.0,0.0,0,14,14,0x77146784315ba81904d654466968e3a7c196d1f3
