eth_sent,eth_received,num_sent_txs,num_received_txs,total_txs,in_degree,out_degree,sent_received_ratio,address,account_age_days,avg_time_diff_hours,avg_tx_value,std_dev_tx_value
0.024,0.0,2,0,2,0,1,24000.0,0xfe065653cff3154f44ed30ee876570e49051a6e8,385.76444444444445,9258.346666666666,0.012,0.00565685424949238
0.01875358,5.224,4,4,8,2,3,0.00358988828677483,0x2f21511533b8a808e754a6f36d63d2bb9e2285ab,575.7183333333334,1973.8914285714286,0.6553441975000001,1.200279382222243
8.40317281,3.6917020101,45,4,49,4,26,2.2762320769059845,0x775914dd3ce64a7ee01efdbd7ec2c4089720f1a6,1383.950162037037,691.9750810185185,0.24683418000204083,0.6365036037912978
0.0,0.0,0,11205,11205,394,0,0.0,0xdac17f958d2ee523a2206206994597c13d831ec7,1959.5113425925927,4.197453786346146,0.0,0.0
0.0,0.01875358,0,2,2,1,0,0.0,0x35d2d03607b9155b42cf673102fe58251ac4f644,49.45597222222222,1186.9433333333334,0.00937679,0.002541044786736354
0.0,0.0,0,99,99,26,0,0.0,0x57e114b691db790c35207b2e685d4a43181e6061,486.1823611111111,119.06506802721088,0.0,0.0
