eth_sent,eth_received,num_sent_txs,num_received_txs,total_txs,address
0.024,0.0,2,0,2,0xfe065653cff3154f44ed30ee876570e49051a6e8
0.01875358,5.224,4,4,8,0x2f21511533b8a808e754a6f36d63d2bb9e2285ab
8.40317281,3.6917020101,45,4,49,0x775914dd3ce64a7ee01efdbd7ec2c4089720f1a6
0.0,0.0,0,11205,11205,0xdac17f958d2ee523a2206206994597c13d831ec7
0.0,0.01875358,0,2,2,0x35d2d03607b9155b42cf673102fe58251ac4f644
0.0,0.0,0,99,99,0x57e114b691db790c35207b2e685d4a43181e6061
