eth_sent,eth_received,num_sent_txs,num_received_txs,total_txs,address,account_age_days,avg_time_diff_hours,avg_tx_value,std_dev_tx_value
0.009559358917814207,0.007450961280543,11,8,19,0x3073a75b8a41349f3ef0641780afd0a0001fbee7,46.39611111111111,101.2278787878788,0.0008952800104398529,0.0023445907132164383
0.007450961280543,0.0,1,0,1,0xb76a7b0366c1bbdf03ad586c6479494a88ed3804,0.0,0.0,0.007450961280543,0.0
0.0,0.00196923543092,0,1,1,0x9733d4c65f66b117674cf0acb5c340bd5018cbf2,0.0,0.0,0.00196923543092,0.0
0.0,0.00425,0,27,27,0xfe5fc40c15c67983694642f9a8711241157fdb0a,9.8925,9.131538461538462,0.00015740740740740743,3.849001794597505e-05
0.0,0.00108075907411042,0,25,25,0x565e79f526245cae4a8c130ad95c7a2778f3ab4b,0.018472222222222223,0.018472222222222223,4.323036296441681e-05,3.3743733084283035e-06
0.0,0.007399869464859,0,1,1,0xd711c5e525285382e4bbbf3b5f6fd02bb9ff2786,0.0,0.0,0.007399869464859,0.0
