eth_sent,eth_received,num_sent_txs,num_received_txs,total_txs,address
24.776200906495003,51.38776,4,3,7,0xa995910658808c859623c0fe2ff53e432a236739
49.6408,0.0,1,0,1,0x475ae068dd86119be376a273d844e4b1f839defa
63.006823945393165,74.417000907495,4,11,15,0x31227e7b31ed1591447b88228cd23382cd19159f
0.0,0.0,1,0,1,0xa9955422d5ff5a5907d31d9b97b0da762a236739
0.0,0.0,1,0,1,0xa99591a991c406d5214afa9e998889495d236739
0.0,0.00023713583172300004,14,14,28,0xa99101fc47b7a0909ec240808ea323bb48af9739
0.0,0.0,1,0,1,0xa9951ca78bea1595be02d5275d6db58b0ca96739
1e-09,0.0,1,0,1,0xf5ac641956fd735d135951ab0c1dc34a546463be
0.0,11.619063945393163,0,1,1,0xf5ac1301d166f2847e7210274f98e863292063be
