eth_sent,eth_received,num_sent_txs,num_received_txs,total_txs,address,account_age_days,avg_time_diff_hours,avg_tx_value,std_dev_tx_value
0.2471023899217046,0.0,1,0,1,0xf269ba99c087e50fffc031de1c760675e56cbbe0,0.0,0.0,0.2471023899217046,0.0
22.36460968605887,22.367102389921705,7,3,10,0x31df44f3ad62f2aff7f6a0b1b502bef64359e27b,53.246944444444445,141.99185185185186,4.473171207598058,8.223265524679116
19.995,0.1469677501679176,1,1,2,0x960711e06d1d65937b75ab8e7f0ea68c8aa7fc63,13.200833333333334,316.82,10.070983875083959,14.034678197065555
229.51728115407397,0.0,656,0,656,0x46340b20830761efd32832a74d7169b29feb9758,1742.6767708333334,63.85380534351145,0.3498739041982835,0.8540319028239794
0.0,0.1,0,1,1,0xa866cac6ce5cb44a8dbec89323368a9aa4ef8568,0.0,0.0,0.1,0.0
0.0,22.1174,0,2,2,0x03f34be1bf910116595db1b11e9d1b2ca5d59659,10.487222222222222,251.69333333333333,11.0587,12.636988129297265
0.0,0.0,0,11205,11205,0xdac17f958d2ee523a2206206994597c13d831ec7,1959.5113425925927,4.197453786346146,0.0,0.0
0.0,0.0002419358909505,0,1,1,0xd632adb4dd78a6b548ab219825c9dcb0b685b41b,0.0,0.0,0.0002419358909505,0.0
