eth_sent,eth_received,num_sent_txs,num_received_txs,total_txs,address
0.0033,0.0,1,0,1,0x0f7bc05eb085c9b535024273f7894d6675e76917
0.0020720000000070266,0.0033,10,1,11,0x3114f69ab047c23401fd037942f85946094ae1b0
0.0,0.0016,0,1,1,0x3380b5bfb5c79a743a50e81dfff083d663011dd8
0.102748000000006,0.010925362900013046,6,13,19,0x623777cc098c6058a46cf7530f45150ff6a8459d
0.0,0.0,0,5,5,0xc00e94cb662c3520282e6f5717214004a7f26888
