eth_sent,eth_received,num_sent_txs,num_received_txs,total_txs,address,account_age_days,avg_time_diff_hours,avg_tx_value,std_dev_tx_value
43.501999999999995,35.000000003,8,8,16,0xf7dfe2600af1daa1f163757d8c47d110db0528df,1.5315277777777778,2.4504444444444444,4.9063750001875,9.483634154762127
20.0008079506,40.001999999999995,3,6,9,0x3247ac00f923eae3da840458d6641ea7228dc903,0.6209722222222223,1.8629166666666668,6.666978661177778,6.614075863170303
0.0,20.0008079506,0,2,2,0x536c4921d1aafde6a5cda882fb5ca046f3601c65,0.61125,14.67,10.0004039753,7.07030940406305
0.0,0.0,0,5741,5741,0xa0b86991c6218b36c1d19d4a2e9eb0ce3606eb48,1915.7207175925926,8.009982094463803,0.0,0.0
