eth_sent,eth_received,num_sent_txs,num_received_txs,total_txs,address
43.501999999999995,35.000000003,8,8,16,0xf7dfe2600af1daa1f163757d8c47d110db0528df
20.0008079506,40.001999999999995,3,6,9,0x3247ac00f923eae3da840458d6641ea7228dc903
0.0,20.0008079506,0,2,2,0x536c4921d1aafde6a5cda882fb5ca046f3601c65
0.0,0.0,0,5741,5741,0xa0b86991c6218b36c1d19d4a2e9eb0ce3606eb48
