eth_sent,eth_received,num_sent_txs,num_received_txs,total_txs,address
97.6169943538,0.0,84,0,84,0x94dbf04e273d87e6d9bed68c616f43bf86560c74
1.0753433422322392,0.8823288542999999,24,12,36,0x3236a98d7fe2246a6e9d9baf5dc41c4e10b3f599
382.3806886357,0.9444430823469055,292,6,298,0x267be1c1d684f78cb4f6a176c4911b741e4ffdc0
0.0,0.4110129570766443,0,12,12,0x5584197ce066aabc11919ace52b6df5948b1e930
0.0,0.25788619999999984,0,3,3,0xdc1219909999181524a680a7a7a256215405d373
0.0,383.1798895123511,0,2075,2075,0x66a9893cc07d91d95644aedd05d03f95e1dba8af
0.0,0.0,0,1,1,0xe17c180e8a150cfdbc8db05eb4615042d72682b2
0.0,0.0,0,1,1,0x42069e779838929495ed0152ffc27145ce5c7f98
0.0,0.035778,0,1,1,0xe2687aa78013550355e40f0fba6afef7c3955806
