eth_sent,eth_received,num_sent_txs,num_received_txs,total_txs,address
0.009552756132446667,0.007438889305593,11,8,19,0x321d241aa0d953807263aab5d31a16d809c01ad9
0.007438889305593,0.0,1,0,1,0x321686670c8171ffb4d8454e4bbd2928ca3e2769
0.0,0.001970265939161,0,1,1,0x4baa9c218f09684b91e538d51bee74355f4f2b4a
0.0,0.00425,0,27,27,0xfe5fc40c15c67983694642f9a8711241157fdb0a
0.0,0.00108075907411042,0,25,25,0x565e79f526245cae4a8c130ad95c7a2778f3ab4b
0.0,0.007387151866161,0,1,1,0x9c73b90725bd7677e4f01886c70c7834f759d0bd
