eth_sent,eth_received,num_sent_txs,num_received_txs,total_txs,address,account_age_days,avg_time_diff_hours,avg_tx_value,std_dev_tx_value
0.0062591233998487,0.0,5,0,5,0x44609982b2e83ca5c348bba453bfa8363e8a2c22,125.86083333333333,755.165,0.0012518246799697401,0.0004976898835619904
0.0,0.0062591233998487,6,5,11,0x32fc9cf009f83bdb9a7f2420897d225aa84882b2,556.9665277777777,1336.7196666666666,0.0005690112181680637,0.0007255752612440944
0.0,0.0,0,18,18,0xf411903cbc70a74d22900a5de66a2dda66507255,1364.5619907407408,1926.4404575163398,0.0,0.0
