eth_sent,eth_received,num_sent_txs,num_received_txs,total_txs,address
0.0062591233998487,0.0,5,0,5,0x44609982b2e83ca5c348bba453bfa8363e8a2c22
0.0,0.0062591233998487,6,5,11,0x32fc9cf009f83bdb9a7f2420897d225aa84882b2
0.0,0.0,0,18,18,0xf411903cbc70a74d22900a5de66a2dda66507255
