eth_sent,eth_received,num_sent_txs,num_received_txs,total_txs,in_degree,out_degree,sent_received_ratio,address,account_age_days,avg_time_diff_hours,avg_tx_value,std_dev_tx_value
97.6169943538,0.0,84,0,84,0,4,97616994.3538,0x94dbf04e273d87e6d9bed68c616f43bf86560c74,115.0898611111111,33.278995983935744,1.1621070756404763,2.5138451543030844
1.0753433422322392,0.8823288542999999,24,12,36,2,6,1.2187543433916417,0x3236a98d7fe2246a6e9d9baf5dc41c4e10b3f599,17.760416666666668,12.178571428571429,0.05437978323700664,0.03773743394613803
382.3806886357,0.9444430823469055,292,6,298,3,52,404.87382554772256,0x267be1c1d684f78cb4f6a176c4911b741e4ffdc0,2954.578622685185,238.75382809577255,1.2863259453625733,7.159234666486514
0.0,0.4110129570766443,0,12,12,4,0,0.0,0x5584197ce066aabc11919ace52b6df5948b1e930,17.648888888888887,38.50666666666667,0.034251079756387026,0.027881662504825003
0.0,0.25788619999999984,0,3,3,1,0,0.0,0xdc1219909999181524a680a7a7a256215405d373,1.611388888888889,19.336666666666666,0.08596206666666661,0.018389742549947075
0.0,383.1798895123511,0,2075,2075,101,0,0.0,0x66a9893cc07d91d95644aedd05d03f95e1dba8af,180.97180555555556,2.094177113468338,0.18466500699390412,0.7855244123210863
0.0,0.0,0,1,1,1,0,0.0,0xe17c180e8a150cfdbc8db05eb4615042d72682b2,0.0,0.0,0.0,0.0
0.0,0.0,0,1,1,1,0,0.0,0x42069e779838929495ed0152ffc27145ce5c7f98,0.0,0.0,0.0,0.0
0.0,0.035778,0,1,1,1,0,0.0,0xe2687aa78013550355e40f0fba6afef7c3955806,0.0,0.0,0.035778,0.0
