eth_sent,eth_received,num_sent_txs,num_received_txs,total_txs,address
0.1883763,0.0,5,0,5,0xbc8dafe3399c9c5000b2f0f3963ebe0133339fda
0.06685956418755981,0.17802605,7,5,12,0x357220ce7104336baf082e3f0cbe21d3ceb94dd2
11.50042266,0.0,180,0,180,0xeba88149813bec1cccccfdb0dacefaaa5de94cb1
0.0,0.05268285,0,1,1,0x6523bb922d361dce65cfdb5efbcf8e57760925fa
0.0,0.0051085309536722,0,2,2,0x5f77605468811cd091d4ef0cdc45ba2bfc15349b
0.0,0.0,0,11205,11205,0xdac17f958d2ee523a2206206994597c13d831ec7
0.0,0.0090681832338876,0,2,2,0x1a308789aabd803211f370e5becfc84d69b8a608
