eth_sent,eth_received,num_sent_txs,num_received_txs,total_txs,address,account_age_days,avg_time_diff_hours,avg_tx_value,std_dev_tx_value
0.007819296692360535,0.0,62,0,62,0xf03e8a4619d2286947af3385c9a474d253392d36,166.72625,65.5972131147541,0.00012611768858646026,0.00020391349310168577
0.00463780142843681,0.006992243798811269,47,47,94,0x35cc20c8ea0528d31f36337694cf50a1fb6d7333,67.63986111111112,17.455448028673835,0.00012372388539625616,0.00021462973269284735
0.0,0.0,1,0,1,0xf03075e6772c6f79c5a7ac89d820d08a38fb7d36,0.0,0.0,0.0,0.0
0.0,0.0,0,11205,11205,0xdac17f958d2ee523a2206206994597c13d831ec7,1959.5113425925927,4.197453786346146,0.0,0.0
0.0,0.029789110974362844,0,19,19,0x3563015e9f5694afe5d8cd86233f77557da704cc,67.40972222222223,89.87962962962963,0.001567847946019097,0.005635832192212964
