eth_sent,eth_received,num_sent_txs,num_received_txs,total_txs,in_degree,out_degree,sent_received_ratio,address,account_age_days,avg_time_diff_hours,avg_tx_value,std_dev_tx_value
0.0006701916928300001,0.0001622909296405,4,1,5,1,1,4.104279976269893,0xa1280ba719747c88eab200f6d9b5f34b95c64ea8,121.99194444444444,731.9516666666667,0.00016649652449410003,4.348849606505734e-05
0.0001622909296405,0.0006701916928300001,6,4,10,1,2,0.24179520005115016,0x36feb0ae129135f961db22dbd19c60eadae38194,121.99222222222222,325.3125925925926,8.324826224704999e-05,9.241676665551437e-05
0.0,0.0,0,5741,5741,312,0,0.0,0xa0b86991c6218b36c1d19d4a2e9eb0ce3606eb48,1915.7207175925926,8.009982094463803,0.0,0.0
