eth_sent,eth_received,num_sent_txs,num_received_txs,total_txs,address
0.0006701916928300001,0.0001622909296405,4,1,5,0xa1280ba719747c88eab200f6d9b5f34b95c64ea8
0.0001622909296405,0.0006701916928300001,6,4,10,0x36feb0ae129135f961db22dbd19c60eadae38194
0.0,0.0,0,5741,5741,0xa0b86991c6218b36c1d19d4a2e9eb0ce3606eb48
