eth_sent,eth_received,num_sent_txs,num_received_txs,total_txs,address,account_age_days,avg_time_diff_hours,avg_tx_value,std_dev_tx_value
0.01,0.0,1,0,1,0x9d4947da482929ca348375148e694e26420a3fc3,0.0,0.0,0.01,0.0
0.01,0.01,19,1,20,0x36bbe437f52fefbf8745e27239346a0190a10f66,49.93,63.06947368421053,0.001,0.0030779350562554625
0.0,0.0,0,11205,11205,0xdac17f958d2ee523a2206206994597c13d831ec7,1959.5113425925927,4.197453786346146,0.0,0.0
0.0,8.158131801420689,0,1057,1057,0x6088d94c5a40cecd3ae2d4e0710ca687b91c61d0,71.19527777777778,1.618074494949495,0.007718194703330831,0.04398949095700717
0.0,0.01,0,1,1,0x1dad9d7a935b051ad289fc5af1dca1483f2b7837,0.0,0.0,0.01,0.0
0.0,0.0,0,1,1,0x8080779e8366ea28cd1c99bd66ac6d04fce73bf9,0.0,0.0,0.0,0.0
