eth_sent,eth_received,num_sent_txs,num_received_txs,total_txs,address,account_age_days,avg_time_diff_hours,avg_tx_value,std_dev_tx_value
0.18,0.0,2,0,2,0xdd39aa61d75ef898bf0714ecd0a04204fb4c1ad9,0.0,0.0,0.09,0.0
0.16,0.18,16,2,18,0x379ce20c018fb6301c1872c429ec7270ffa4dc5b,0.023726851851851853,0.03349673202614379,0.018888888888888886,0.03644316911525943
0.0,0.0,0,92,92,0xa74476443119a942de498590fe1f2454d7d4ac0d,301.87570601851854,79.61557081807081,0.0,0.0
0.0,0.16,0,2,2,0x9940ab080321e9100278e9dcb8e385c26612c850,0.0,0.0,0.08,0.0
