eth_sent,eth_received,num_sent_txs,num_received_txs,total_txs,address
0.05109899,0.0,4,0,4,0x5ff8aff835b7c7dedde8d5f416481d2246afe7df
0.0403713353852694,0.05109899,5,4,9,0x38c73f7caee95c82d4d18701acfc22a12de05ac1
0.0,71.69771557070139,0,931,931,0x0000000000001ff3684f28c67538d4d072c22734
0.0,47.694851903352884,0,276,276,0x3c11f6265ddec22f4d049dde480615735f451646
0.0,0.0,0,12,12,0x45804880de22913dafe09f4980848ece6ecbaf78
0.0,0.0,0,1,1,0x17d06960f23373e7a2a1d2757f2ea341e9f356f8
