eth_sent,eth_received,num_sent_txs,num_received_txs,total_txs,address,account_age_days,avg_time_diff_hours,avg_tx_value,std_dev_tx_value
0.102748000000006,0.010925362900013046,6,13,19,0x623777cc098c6058a46cf7530f45150ff6a8459d,144.7838888888889,193.04518518518518,0.005982808573685212,0.010186885173230386
0.010395000000005011,0.012400000000002,7,2,9,0x38bdeb3476dfd105c082da53f6794d14b8090770,65.97652777777778,197.92958333333334,0.0025327777777785568,0.004482511510799018
0.0,0.002813024811116457,0,14,14,0x4cd00e387622c35bddb9b4c962c136462338bc31,9.094444444444445,16.78974358974359,0.00020093034365117548,0.0006624530207200976
