eth_sent,eth_received,num_sent_txs,num_received_txs,total_txs,address,account_age_days,avg_time_diff_hours,avg_tx_value,std_dev_tx_value
0.05109899,0.0,4,0,4,0x5ff8aff835b7c7dedde8d5f416481d2246afe7df,0.40291666666666665,3.223333333333333,0.0127747475,0.01201037865410683
0.0403713353852694,0.05109899,5,4,9,0x38c73f7caee95c82d4d18701acfc22a12de05ac1,1.2291666666666667,3.6875,0.010163369487252156,0.009465490757527822
0.0,71.69771557070139,0,931,931,0x0000000000001ff3684f28c67538d4d072c22734,301.1926388888889,7.772713261648746,0.07701150974296604,1.0450143511542198
0.0,47.694851903352884,0,276,276,0x3c11f6265ddec22f4d049dde480615735f451646,679.0563888888889,59.26310303030303,0.17280743443243796,0.5809900742604839
0.0,0.0,0,12,12,0x45804880de22913dafe09f4980848ece6ecbaf78,563.74125,1229.980909090909,0.0,0.0
0.0,0.0,0,1,1,0x17d06960f23373e7a2a1d2757f2ea341e9f356f8,0.0,0.0,0.0,0.0
