eth_sent,eth_received,num_sent_txs,num_received_txs,total_txs,address
0.102748000000006,0.010925362900013046,6,13,19,0x623777cc098c6058a46cf7530f45150ff6a8459d
0.010395000000005011,0.012400000000002,7,2,9,0x38bdeb3476dfd105c082da53f6794d14b8090770
0.0,0.002813024811116457,0,14,14,0x4cd00e387622c35bddb9b4c962c136462338bc31
