eth_sent,eth_received,num_sent_txs,num_received_txs,total_txs,address
0.0122297807548633,0.0,7,0,7,0xb01caea8c6c47bbf4f4b4c5080ca642043359c2e
0.08499999999999999,0.0045739492464073,9,4,13,0x38470f66b67ba2027c105fc9ebe1393eb9e4f8a5
0.02822949059738495,0.0,16,0,16,0xb42f812a44c22cc6b861478900401ee759ebead6
0.0,0.0,0,11205,11205,0xdac17f958d2ee523a2206206994597c13d831ec7
0.0,0.0,0,1,1,0x813cc79465c9c2c1fdf21b45dc134e51c883e54b
0.0,285.76097099438874,0,879,879,0x881d40237659c251811cec9c364ef91dc08d300c
0.0,0.08499999999999999,0,2,2,0xd8f23d97bf3659e2c211943c414b2ce9ab8f56eb
