eth_sent,eth_received,num_sent_txs,num_received_txs,total_txs,in_degree,out_degree,sent_received_ratio,address,account_age_days,avg_time_diff_hours,avg_tx_value,std_dev_tx_value
0.1956017177681569,0.0,2,0,2,0,1,195601.71776815693,0xc4591611d570a2dc95e8b29008f5854c5b2e057f,0.3927777777777778,9.426666666666666,0.09780085888407845,0.13130350121131437
5.527253630358105,0.1956017177681569,61,2,63,1,3,28.257550270387465,0x395e94c7fadc8045dd97760bf502b11d53a5ace5,0.5651388888888889,0.21876344086021504,0.09083897377978194,0.0934474517043879
0.0,129.6778677068854,0,469,469,53,0,0.0,0x1231deb6f5749ef6ce6943a275a1d3e7486f4eae,708.1729166666667,36.316559829059834,0.27649865182704775,1.3215193889971413
0.0,342.2253157085877,0,1408,1408,101,0,0.0,0xc02aaa39b223fe8d0a0e5c4f27ead9083c756cc2,2570.0885763888887,43.839463989575925,0.2430577526339401,1.0409589884521075
0.0,0.0,0,69,69,15,0,0.0,0x89c6340b1a1f4b25d36cd8b063d49045caf3f818,17.248055555555556,6.087549019607843,0.0,0.0
