eth_sent,eth_received,num_sent_txs,num_received_txs,total_txs,address
0.1956017177681569,0.0,2,0,2,0xc4591611d570a2dc95e8b29008f5854c5b2e057f
5.527253630358105,0.1956017177681569,61,2,63,0x395e94c7fadc8045dd97760bf502b11d53a5ace5
0.0,129.6778677068854,0,469,469,0x1231deb6f5749ef6ce6943a275a1d3e7486f4eae
0.0,342.2253157085877,0,1408,1408,0xc02aaa39b223fe8d0a0e5c4f27ead9083c756cc2
0.0,0.0,0,69,69,0x89c6340b1a1f4b25d36cd8b063d49045caf3f818
