eth_sent,eth_received,num_sent_txs,num_received_txs,total_txs,in_degree,out_degree,sent_received_ratio,address,account_age_days,avg_time_diff_hours,avg_tx_value,std_dev_tx_value
229.51728115407397,0.0,656,0,656,0,42,229517281.15407398,0x46340b20830761efd32832a74d7169b29feb9758,1742.6767708333334,63.85380534351145,0.3498739041982835,0.8540319028239794
0.5739209042387933,0.5608711651009761,14,4,18,1,7,1.0232650859674377,0x3a7eca63d53529e1ba8f0ed125c330660bdf7d6f,33.34291666666667,47.072352941176476,0.0630440038522094,0.06650503841833401
0.0,0.2850286711247594,0,4,4,1,0,0.0,0xae1bdb556cef04dbcf3429a05106284ffb8376b5,26.015138888888888,208.1211111111111,0.07125716778118985,0.02339043537330802
0.0,0.0332851386806805,0,1,1,1,0,0.0,0x68d2ae378165abd391bee3cb10a8b97cdc4ca76f,0.0,0.0,0.0332851386806805,0.0
0.0,0.0024922133686357,0,1,1,1,0,0.0,0x01a2f46096dc14ffbdbe6f497923829b696cb7bb,0.0,0.0,0.0024922133686357,0.0
0.0,47.694851903352884,0,276,276,26,0,0.0,0x3c11f6265ddec22f4d049dde480615735f451646,679.0563888888889,59.26310303030303,0.17280743443243796,0.5809900742604839
0.0,0.0,0,11205,11205,394,0,0.0,0xdac17f958d2ee523a2206206994597c13d831ec7,1959.5113425925927,4.197453786346146,0.0,0.0
0.0,6.095998262555355,0,47,47,13,0,0.0,0x69460570c93f9de5e2edbc3052bf10125f0ca22d,518.3565277777777,270.44688405797103,0.12970209069266708,0.30018317003993106
0.0,0.0029159509362875,0,1,1,1,0,0.0,0x70ac9b15328ad6786f5ce4af12b8bec7b26248b2,0.0,0.0,0.0029159509362875,0.0
