eth_sent,eth_received,num_sent_txs,num_received_txs,total_txs,address
229.51728115407397,0.0,656,0,656,0x46340b20830761efd32832a74d7169b29feb9758
0.5739209042387933,0.5608711651009761,14,4,18,0x3a7eca63d53529e1ba8f0ed125c330660bdf7d6f
0.0,0.2850286711247594,0,4,4,0xae1bdb556cef04dbcf3429a05106284ffb8376b5
0.0,0.0332851386806805,0,1,1,0x68d2ae378165abd391bee3cb10a8b97cdc4ca76f
0.0,0.0024922133686357,0,1,1,0x01a2f46096dc14ffbdbe6f497923829b696cb7bb
0.0,47.694851903352884,0,276,276,0x3c11f6265ddec22f4d049dde480615735f451646
0.0,0.0,0,11205,11205,0xdac17f958d2ee523a2206206994597c13d831ec7
0.0,6.095998262555355,0,47,47,0x69460570c93f9de5e2edbc3052bf10125f0ca22d
0.0,0.0029159509362875,0,1,1,0x70ac9b15328ad6786f5ce4af12b8bec7b26248b2
