eth_sent,eth_received,num_sent_txs,num_received_txs,total_txs,address
0.01,0.0,1,0,1,0x71dafd74722f8c99c84e21292c29985a3030a530
0.0093017947419499,0.01,6,1,7,0x3b3169a9179c23fb04a34e3903265a33d63771dc
0.0,0.0,0,11205,11205,0xdac17f958d2ee523a2206206994597c13d831ec7
0.0,0.0,0,1,1,0xd3bede0d95ff696c3545c2802b1b7f0f97b8f264
0.0,0.0,0,1,1,0x61e24ce4efe61eb2efd6ac804445df65f8032955
0.0,8.158131801420689,0,1057,1057,0x6088d94c5a40cecd3ae2d4e0710ca687b91c61d0
0.0,0.0093017947419499,0,1,1,0xae1392dc43e7a50cd152fb97d2bf0dd6bd2a88c7
