eth_sent,eth_received,num_sent_txs,num_received_txs,total_txs,address
0.5396426798461498,0.2718,64,32,96,0x3ca9368e899e432195de74e334c8a4238cdce920
2.2546000000000004,0.0,39,0,39,0x0e9e39190df7a2d38872736910cddfa519e419ca
1.751,0.0,32,0,32,0xa7ceed38c2b0dd44937a0bf62be8787486ecb5d1
0.26822489679197387,0.5396426798461498,28,64,92,0x8f2139c8e72a2af85e4342d4ed5328c12ce874f8
