eth_sent,eth_received,num_sent_txs,num_received_txs,total_txs,address
30.349568201292694,0.0567308016996215,279,13,292,0xf70da97812cb96acdf810712aa562db8dfa3dbef
0.011682109943129885,0.011801508268896699,4,2,6,0x3c8a98455ae479fc863642c64d0d7179af432534
0.0,0.0,0,15,15,0xc3d688b66703497daa19211eedff47f25384cdc3
0.0,111.88569603223301,0,972,972,0x0000000000000068f116a894984e2db1123eb395
0.0,15.14599490211477,0,242,242,0xa5f565650890fba1824ee0f21ebbbf660a179934
0.0,0.0116653753918988,0,1,1,0x9465402b39105d57800ec8da8f272a368493b138
