eth_sent,eth_received,num_sent_txs,num_received_txs,total_txs,address
9.13425798,0.0,11,0,11,0x7071f121c038a98f8a7d485648a27fcd48891ba8
0.9339518161856,0.9373118161855999,4,4,8,0x3c3b85b2ae785a8cc16c3d4df12cb27c6983dff5
0.061,0.0,1,0,1,0x681171bedcc9574916475cc98547288c75b1bade
11.581685696185598,0.0,15,0,15,0x65e2c5175e2e618f48e70343b14c31b280e42d90
0.0,3.5964594383183672,0,9,9,0xaa28552dedd0223d0ff59eaa389c2547f34081a0
0.6,159.48459423588682,2,13,15,0xb7cabd1e6598209ec21a5a7ad72cc76b4ce4fc85
1.5,12.193004117,3,8,11,0xef10a5d898c21aa95865b447be6491380859a307
0.0,5.1945178161856,0,8,8,0xcc83dc5a37d49de4562019560307ce724a975d5c
