eth_sent,eth_received,num_sent_txs,num_received_txs,total_txs,in_degree,out_degree,sent_received_ratio,address,account_age_days,avg_time_diff_hours,avg_tx_value,std_dev_tx_value
9.13425798,0.0,11,0,11,0,7,9134257.98,0x7071f121c038a98f8a7d485648a27fcd48891ba8,84.01222222222222,201.62933333333334,0.830387089090909,0.8571081392210074
0.9339518161856,0.9373118161855999,4,4,8,3,4,0.9964142173861683,0x3c3b85b2ae785a8cc16c3d4df12cb27c6983dff5,14.536111111111111,49.83809523809524,0.2339079540464,0.1734513165208889
0.061,0.0,1,0,1,0,1,61000.0,0x681171bedcc9574916475cc98547288c75b1bade,0.0,0.0,0.061,0.0
11.581685696185598,0.0,15,0,15,0,12,11581685.696185598,0x65e2c5175e2e618f48e70343b14c31b280e42d90,65.96460648148148,113.08218253968255,0.7721123797457067,0.6158094900291574
0.0,3.5964594383183672,0,9,9,5,0,0.0,0xaa28552dedd0223d0ff59eaa389c2547f34081a0,113.18445601851852,339.55336805555555,0.3996066042575964,0.6186894811050321
0.6,159.48459423588682,2,13,15,5,2,0.003762118837324481,0xb7cabd1e6598209ec21a5a7ad72cc76b4ce4fc85,88.10671296296296,151.04007936507935,10.672306282392453,38.55186062899736
1.5,12.193004117,3,8,11,4,1,0.12302135409659078,0xef10a5d898c21aa95865b447be6491380859a307,54.77981481481481,131.47155555555554,1.244818556090909,1.924370304643181
0.0,5.1945178161856,0,8,8,4,0,0.0,0xcc83dc5a37d49de4562019560307ce724a975d5c,123.80774305555556,424.4836904761905,0.6493147270232,0.7140407221671902
