eth_sent,eth_received,num_sent_txs,num_received_txs,total_txs,in_degree,out_degree,sent_received_ratio,address,account_age_days,avg_time_diff_hours,avg_tx_value,std_dev_tx_value
0.5396426798461498,0.2718,64,32,96,2,1,1.9854330184441922,0x3ca9368e899e432195de74e334c8a4238cdce920,21.850277777777777,5.520070175438597,0.00845252791506406,0.009441634866246584
2.2546000000000004,0.0,39,0,39,0,8,2254600.0000000005,0x0e9e39190df7a2d38872736910cddfa519e419ca,428.0702777777778,270.3601754385965,0.05781025641025639,0.10936310306995872
1.751,0.0,32,0,32,0,7,1751000.0,0xa7ceed38c2b0dd44937a0bf62be8787486ecb5d1,396.5701388888889,307.02204301075267,0.05471875,0.06672717412066116
0.26822489679197387,0.5396426798461498,28,64,92,1,1,0.4970407452347884,0x8f2139c8e72a2af85e4342d4ed5328c12ce874f8,21.78361111111111,5.745128205128205,0.008781169311283955,0.009579433284935795
