eth_sent,eth_received,num_sent_txs,num_received_txs,total_txs,address,account_age_days,avg_time_diff_hours,avg_tx_value,std_dev_tx_value
30.349568201292694,0.0567308016996215,279,13,292,0xf70da97812cb96acdf810712aa562db8dfa3dbef,541.1308333333334,44.6293470790378,0.10413116096915177,0.4757862062565904
0.011682109943129885,0.011801508268896699,4,2,6,0x3c8a98455ae479fc863642c64d0d7179af432534,67.59138888888889,324.4386666666667,0.003913936368671097,0.0057234987428065555
0.0,0.0,0,15,15,0xc3d688b66703497daa19211eedff47f25384cdc3,823.6447222222222,1411.962380952381,0.0,0.0
0.0,111.88569603223301,0,972,972,0x0000000000000068f116a894984e2db1123eb395,491.39694444444444,12.145753518709235,0.11510874077390226,0.5899076453301908
0.0,15.14599490211477,0,242,242,0xa5f565650890fba1824ee0f21ebbbf660a179934,412.8238888888889,41.11109266943292,0.06258675579386268,0.1670995156025629
0.0,0.0116653753918988,0,1,1,0x9465402b39105d57800ec8da8f272a368493b138,0.0,0.0,0.0116653753918988,0.0
