eth_sent,eth_received,num_sent_txs,num_received_txs,total_txs,address,account_age_days,avg_time_diff_hours,avg_tx_value,std_dev_tx_value
229.51728115407397,0.0,656,0,656,0x46340b20830761efd32832a74d7169b29feb9758,1742.6767708333334,63.85380534351145,0.3498739041982835,0.8540319028239794
3.422945833588864,2.9233020499999998,23,19,42,0x3db9d9468e9a1f7af8124429298418e19937a12a,21.48111111111111,12.57430894308943,0.15110114008544914,0.07303081256449899
0.333304648753301,104.42126330067744,29,260,289,0xf78abd170cff445fefe7248336b55e2c18906f00,189.2913888888889,15.774282407407407,0.36247255345823787,0.6214180519704299
