eth_sent,eth_received,num_sent_txs,num_received_txs,total_txs,address
0.496249540984254,0.0,1,0,1,0x721de1bf70da22bd963bd8c75306a7b5dfbc7f6b
0.5420221364371438,0.6757571328773425,45,3,48,0x3d8091d7c1640301219e9ed8b153ca315f99e156
129.65836502,0.0,259,0,259,0x4976a4a02f38326660d17bf34b431dc6e2eb2327
3.6009347903905224,0.0,68,0,68,0x1c727a55ea3c11b0ab7d3a361fe0f3c47ce6de5d
0.0,0.0,0,11205,11205,0xdac17f958d2ee523a2206206994597c13d831ec7
0.0,0.4949298262686915,0,1,1,0x9f84706d28f1cccf20a9e70253238e5fa2f85911
0.0,71.69771557070139,0,931,931,0x0000000000001ff3684f28c67538d4d072c22734
0.0,0.0360385466757965,0,1,1,0xf3f59547811935452fc7b7d865777aefbfbddf74
0.0,0.0110537634926559,0,1,1,0x0f39a5fabd010274a8ad81a459507c146442f212
