eth_sent,eth_received,num_sent_txs,num_received_txs,total_txs,in_degree,out_degree,sent_received_ratio,address,account_age_days,avg_time_diff_hours,avg_tx_value,std_dev_tx_value
0.496249540984254,0.0,1,0,1,0,1,496249.54098425404,0x721de1bf70da22bd963bd8c75306a7b5dfbc7f6b,0.0,0.0,0.496249540984254,0.0
0.5420221364371438,0.6757571328773425,45,3,48,3,5,0.8020948769484166,0x3d8091d7c1640301219e9ed8b153ca315f99e156,81.06805555555556,41.396453900709226,0.0253704014440518,0.10193365025294439
129.65836502,0.0,259,0,259,0,66,129658365.02,0x4976a4a02f38326660d17bf34b431dc6e2eb2327,1395.5531365740742,129.81889642549527,0.500611447953668,1.5680482408800984
3.6009347903905224,0.0,68,0,68,0,12,3600934.7903905227,0x1c727a55ea3c11b0ab7d3a361fe0f3c47ce6de5d,530.3765277777778,189.98562189054726,0.05295492338809592,0.0669378777478911
0.0,0.0,0,11205,11205,394,0,0.0,0xdac17f958d2ee523a2206206994597c13d831ec7,1959.5113425925927,4.197453786346146,0.0,0.0
0.0,0.4949298262686915,0,1,1,1,0,0.0,0x9f84706d28f1cccf20a9e70253238e5fa2f85911,0.0,0.0,0.4949298262686915,0.0
0.0,71.69771557070139,0,931,931,67,0,0.0,0x0000000000001ff3684f28c67538d4d072c22734,301.1926388888889,7.772713261648746,0.07701150974296604,1.0450143511542198
0.0,0.0360385466757965,0,1,1,1,0,0.0,0xf3f59547811935452fc7b7d865777aefbfbddf74,0.0,0.0,0.0360385466757965,0.0
0.0,0.0110537634926559,0,1,1,1,0,0.0,0x0f39a5fabd010274a8ad81a459507c146442f212,0.0,0.0,0.0110537634926559,0.0
