eth_sent,eth_received,num_sent_txs,num_received_txs,total_txs,in_degree,out_degree,sent_received_ratio,address,account_age_days,avg_time_diff_hours,avg_tx_value,std_dev_tx_value
142.22605948547314,110.69800414405059,229,467,696,9,21,1.2848114046896808,0x974caa59e49682cda0ad2bbe82983419a2ecc400,1019.3675,35.201179856115104,0.3633966431458675,3.5368659070206996
9.21959351555116,2.8904403666383,48,53,101,2,2,3.189683631698753,0x3d7943cb422b7589e94e74035f10a4e2146ffa22,56.587916666666665,13.5811,0.11990132556623229,0.19903142171626304
382.3806886357,0.9444430823469055,292,6,298,3,52,404.87382554772256,0x267be1c1d684f78cb4f6a176c4911b741e4ffdc0,2954.578622685185,238.75382809577255,1.2863259453625733,7.159234666486514
0.0,0.0,0,5741,5741,312,0,0.0,0xa0b86991c6218b36c1d19d4a2e9eb0ce3606eb48,1915.7207175925926,8.009982094463803,0.0,0.0
