eth_sent,eth_received,num_sent_txs,num_received_txs,total_txs,address
281.1563494699999,0.0,52,0,52,0xf7858da8a6617f7c6d0ff2bcafdb6d2eedf64840
0.010133999999999999,0.01485184,7,5,12,0x3d52f1764e438050e76de8dceaebb75d454b28cc
0.0,0.00358,0,1,1,0xc1ed13dfe704e8375afdf251a71920d9f4342111
0.0,0.003106,0,1,1,0x1ed82984c692d4abd900d063eb0c3ab50a7b4a11
0.0,0.003448,0,1,1,0x5ac425725032932dbfdbdcb25c13e155cd023db3
