eth_sent,eth_received,num_sent_txs,num_received_txs,total_txs,address
229.51728115407397,0.0,656,0,656,0x46340b20830761efd32832a74d7169b29feb9758
3.422945833588864,2.9233020499999998,23,19,42,0x3db9d9468e9a1f7af8124429298418e19937a12a
0.333304648753301,104.42126330067744,29,260,289,0xf78abd170cff445fefe7248336b55e2c18906f00
