eth_sent,eth_received,num_sent_txs,num_received_txs,total_txs,in_degree,out_degree,sent_received_ratio,address,account_age_days,avg_time_diff_hours,avg_tx_value,std_dev_tx_value
281.1563494699999,0.0,52,0,52,0,31,281156349.4699999,0xf7858da8a6617f7c6d0ff2bcafdb6d2eedf64840,760.8188888888889,358.0324183006536,5.406852874423077,27.840180811193758
0.010133999999999999,0.01485184,7,5,12,2,4,0.6822937566148966,0x3d52f1764e438050e76de8dceaebb75d454b28cc,443.67847222222224,1521.1833333333334,0.0020821533333333334,0.004294871586009895
0.0,0.00358,0,1,1,1,0,0.0,0xc1ed13dfe704e8375afdf251a71920d9f4342111,0.0,0.0,0.00358,0.0
0.0,0.003106,0,1,1,1,0,0.0,0x1ed82984c692d4abd900d063eb0c3ab50a7b4a11,0.0,0.0,0.003106,0.0
0.0,0.003448,0,1,1,1,0,0.0,0x5ac425725032932dbfdbdcb25c13e155cd023db3,0.0,0.0,0.003448,0.0
