eth_sent,eth_received,num_sent_txs,num_received_txs,total_txs,address
0.009563594566006058,0.007448904216891,11,8,19,0x3ead7f41d90c9cd2e7645d106558cc9e9823faa2
0.007448904216891,0.0,1,0,1,0xf388d80bb3c1a48df81cd89761754eeaa5d01d20
0.0,0.001970715992408,0,1,1,0xa1b48d720b7d1fd4417e6c26b017f92e2aacee75
0.0,0.00425,0,27,27,0xfe5fc40c15c67983694642f9a8711241157fdb0a
0.0,0.00108075907411042,0,25,25,0x565e79f526245cae4a8c130ad95c7a2778f3ab4b
0.0,0.007397599745169,0,1,1,0xed72f5c423a14d6e8c87f3800c58e5700448ec51
