eth_sent,eth_received,num_sent_txs,num_received_txs,total_txs,address,account_age_days,avg_time_diff_hours,avg_tx_value,std_dev_tx_value
0.009563594566006058,0.007448904216891,11,8,19,0x3ead7f41d90c9cd2e7645d106558cc9e9823faa2,46.39888888888889,101.2339393939394,0.0008953946727840557,0.0023438575389992627
0.007448904216891,0.0,1,0,1,0xf388d80bb3c1a48df81cd89761754eeaa5d01d20,0.0,0.0,0.007448904216891,0.0
0.0,0.001970715992408,0,1,1,0xa1b48d720b7d1fd4417e6c26b017f92e2aacee75,0.0,0.0,0.001970715992408,0.0
0.0,0.00425,0,27,27,0xfe5fc40c15c67983694642f9a8711241157fdb0a,9.8925,9.131538461538462,0.00015740740740740743,3.849001794597505e-05
0.0,0.00108075907411042,0,25,25,0x565e79f526245cae4a8c130ad95c7a2778f3ab4b,0.018472222222222223,0.018472222222222223,4.323036296441681e-05,3.3743733084283035e-06
0.0,0.007397599745169,0,1,1,0xed72f5c423a14d6e8c87f3800c58e5700448ec51,0.0,0.0,0.007397599745169,0.0
