eth_sent,eth_received,num_sent_txs,num_received_txs,total_txs,in_degree,out_degree,sent_received_ratio,address,account_age_days,avg_time_diff_hours,avg_tx_value,std_dev_tx_value
229.51728115407397,0.0,656,0,656,0,42,229517281.15407398,0x46340b20830761efd32832a74d7169b29feb9758,1742.6767708333334,63.85380534351145,0.3498739041982835,0.8540319028239794
2.448664439785674,2.4500740758580832,11,4,15,1,2,0.9994242478174203,0x3ea54b85982ee6567d84c56c0b5775652b0a1cdb,120.8861111111111,207.23333333333332,0.32658256770958377,0.39619299423834564
0.0,0.051664439785674,0,1,1,1,0,0.0,0x17ae20552c0976bb4b137965abe1038b3302d7fa,0.0,0.0,0.051664439785674,0.0
0.0,2.3970000000000002,0,10,10,1,0,0.0,0x8543fbc35defb2e52de2d0815e58b4a9e6025532,3.7536111111111112,10.009629629629629,0.23970000000000002,0.34321164510158064
