eth_sent,eth_received,num_sent_txs,num_received_txs,total_txs,in_degree,out_degree,sent_received_ratio,address,account_age_days,avg_time_diff_hours,avg_tx_value,std_dev_tx_value
0.0,0.0,262,0,262,0,81,0.0,0xf24246e0d5399ea85dbdadcfdbc9e8f14490db58,79.83940972222223,7.3415549169859515,0.0,0.0
0.0,0.0,146,0,146,0,77,0.0,0xaa00438e14965a642532f1ff659b87e07dde64fc,135.26697916666666,22.38901724137931,0.0,0.0
0.0,0.0,45,0,45,0,45,0.0,0x351b322d862f611c2791b7b24edbbe334b3c4128,19.077395833333334,10.405852272727273,0.0,0.0
0.0,0.0,0,6,6,3,0,0.0,0x3e2b9f6b67fc972419af5e9818281b745a6bf83b,118.40311342592592,568.3349444444444,0.0,0.0
