eth_sent,eth_received,num_sent_txs,num_received_txs,total_txs,address
229.51728115407397,0.0,656,0,656,0x46340b20830761efd32832a74d7169b29feb9758
2.448664439785674,2.4500740758580832,11,4,15,0x3ea54b85982ee6567d84c56c0b5775652b0a1cdb
0.0,0.051664439785674,0,1,1,0x17ae20552c0976bb4b137965abe1038b3302d7fa
0.0,2.3970000000000002,0,10,10,0x8543fbc35defb2e52de2d0815e58b4a9e6025532
