eth_sent,eth_received,num_sent_txs,num_received_txs,total_txs,address,account_age_days,avg_time_diff_hours,avg_tx_value,std_dev_tx_value
0.00048000000000000007,0.0,3,0,3,0x87e1196fbf173bc77277eda9a96ad9a334691526,20.843055555555555,250.11666666666667,0.00016,0.0
0.0002415183783091,0.00032,3,2,5,0x3ef84a0fabb449f0ec32e503fe749d4d607d730a,67.85777777777778,407.14666666666665,0.00011230367566181999,0.00010778514418193404
0.00016,0.0,1,0,1,0xcc34703d7674ba27100eda320fefceb731d70662,0.0,0.0,0.00016,0.0
0.0,0.0,0,2,2,0x69af81e73a73b40adf4f3d4223cd9b1ece623074,7.8590277777777775,188.61666666666667,0.0,0.0
0.0,0.0,0,26,26,0x3845badade8e6dff049820680d1f14bd3903a5d0,1379.4359375,1324.2585,0.0,0.0
0.0,0.0054501793455968015,0,22,22,0xc4cbab6f25aacd8cadc432abb91b85698bf9b43e,0.004583333333333333,0.005238095238095238,0.0002477354247998545,1.216885152517588e-05
