eth_sent,eth_received,num_sent_txs,num_received_txs,total_txs,in_degree,out_degree,sent_received_ratio,address,account_age_days,avg_time_diff_hours,avg_tx_value,std_dev_tx_value
0.19332250237073528,1.4420855839166424,288,38,326,34,166,0.1340574862333717,0x978e75381d64fb18af7112e42fa76a211a773456,30.0775,2.2211076923076924,0.005016589221740422,0.0513824110305516
0.0,0.0022280988127249997,2,5,7,2,1,0.0,0x3f8354c65baef88ecde731a08e4962cb47c4b38b,0.009305555555555555,0.03722222222222222,0.0003182998303892857,0.0002977968729953074
0.0,0.0,1,0,1,0,1,0.0,0x97807ff8c048a7e73d20f717a2a785f4d4149456,0.0,0.0,0.0,0.0
0.0,0.0,0,5741,5741,312,0,0.0,0xa0b86991c6218b36c1d19d4a2e9eb0ce3606eb48,1915.7207175925926,8.009982094463803,0.0,0.0
