eth_sent,eth_received,num_sent_txs,num_received_txs,total_txs,address
0.19332250237073528,1.4420855839166424,288,38,326,0x978e75381d64fb18af7112e42fa76a211a773456
0.0,0.0022280988127249997,2,5,7,0x3f8354c65baef88ecde731a08e4962cb47c4b38b
0.0,0.0,1,0,1,0x97807ff8c048a7e73d20f717a2a785f4d4149456
0.0,0.0,0,5741,5741,0xa0b86991c6218b36c1d19d4a2e9eb0ce3606eb48
