eth_sent,eth_received,num_sent_txs,num_received_txs,total_txs,address
0.009563616941317058,0.007448904216891,11,8,19,0x4091c89969e3eca20645afc412de8edf0499d276
0.007448904216891,0.0,1,0,1,0x4068f36463545b19b7b35171b99ac5b11e680a5b
0.0,0.001971011867393,0,1,1,0xf63336baf7e87ed513fd350662cffa48396a8b5c
0.0,0.00425,0,27,27,0xfe5fc40c15c67983694642f9a8711241157fdb0a
0.0,0.00108075907411042,0,25,25,0x565e79f526245cae4a8c130ad95c7a2778f3ab4b
0.0,0.007397326245495,0,1,1,0x3399c4b1d68cedcfdf4bc5189e0543f17e34d265
