eth_sent,eth_received,num_sent_txs,num_received_txs,total_txs,in_degree,out_degree,sent_received_ratio,address,account_age_days,avg_time_diff_hours,avg_tx_value,std_dev_tx_value
0.0063766102884604,0.0916587,186,14,200,4,7,0.06956830852010644,0x481b9c6c885b3230d4223934bdb0cba06c3dda93,1075.773912037037,129.74157733109996,0.000490176551442302,0.0020143124389208258
0.0,0.0,22,0,22,0,1,0.0,0x679a0b4dc815bb53c82fc2340d469bbaabe5264b,351.26722222222224,401.448253968254,0.0,0.0
0.0,0.0,6,0,6,0,1,0.0,0xe0ad7945a4736e822222652d961ebf8b81325343,371.3888888888889,1782.6666666666667,0.0,0.0
0.0,0.0,0,204,204,3,0,0.0,0x4108d37961cf7be13ed6ca576964be4f7e009211,391.2663888888889,46.258095238095244,0.0,0.0
