eth_sent,eth_received,num_sent_txs,num_received_txs,total_txs,in_degree,out_degree,sent_received_ratio,address,account_age_days,avg_time_diff_hours,avg_tx_value,std_dev_tx_value
164.20300080346817,0.0,8,0,8,0,2,164203000.80346817,0x349fb41ce500f8548e37099b99fae8c27c1f49e8,96.08,329.4171428571429,20.52537510043352,15.882183069911498
0.003,4.213000803468171,1068,4,1072,2,2,0.0007120813472072051,0x41b7524e1cf1b317b54cc1fef25ae17e40b21c58,107.17777777777778,2.401742919389978,0.003932836570399414,0.12229476311003847
0.01,0.003,1,1,2,1,1,3.3322225924691766,0xad5b932b9a2f3740f272648a641f736635d43f22,0.002361111111111111,0.056666666666666664,0.006500000000000001,0.0049497474683058325
0.0,0.0,0,1074,1074,7,0,0.0,0x93a2db22b7c736b341c32ff666307f4a9ed910f5,101.03208333333333,2.2598042870456663,0.0,0.0
