eth_sent,eth_received,num_sent_txs,num_received_txs,total_txs,address
0.7,0.0,7,0,7,0x94c9e001b879661be158e23e100549575942bcc5
72.45643385319461,0.1,4,1,5,0xb638d6f5d674bd9980f3e2f67499c939e5a79382
119.77814504432345,60.37957003516172,53,21,74,0xc57f1148855e67763a694f7f2c0e68230adc686e
428.55772806479644,333.65805935106783,53,31,84,0x42c5459911ae51d1d005cbe39749bd8d8e533c22
242.596472,416.5,5,13,18,0x41dfc5797c8043a2f4f7e7abf71291064e091fc6
0.0,242.0,0,3,3,0xcdb712deabcc8a0d7ed083bc0fe77603a61cbc43
895.0524678448509,896.7543856957758,120,54,174,0xed2d26eed06ecfbfd796d1ec551d2a649a31e576
