eth_sent,eth_received,num_sent_txs,num_received_txs,total_txs,address
0.0063766102884604,0.0916587,186,14,200,0x481b9c6c885b3230d4223934bdb0cba06c3dda93
0.0,0.0,22,0,22,0x679a0b4dc815bb53c82fc2340d469bbaabe5264b
0.0,0.0,6,0,6,0xe0ad7945a4736e822222652d961ebf8b81325343
0.0,0.0,0,204,204,0x4108d37961cf7be13ed6ca576964be4f7e009211
