eth_sent,eth_received,num_sent_txs,num_received_txs,total_txs,address
164.20300080346817,0.0,8,0,8,0x349fb41ce500f8548e37099b99fae8c27c1f49e8
0.003,4.213000803468171,1068,4,1072,0x41b7524e1cf1b317b54cc1fef25ae17e40b21c58
0.01,0.003,1,1,2,0xad5b932b9a2f3740f272648a641f736635d43f22
0.0,0.0,0,1074,1074,0x93a2db22b7c736b341c32ff666307f4a9ed910f5
