eth_sent,eth_received,num_sent_txs,num_received_txs,total_txs,in_degree,out_degree,sent_received_ratio,address,account_age_days,avg_time_diff_hours,avg_tx_value,std_dev_tx_value
0.7,0.0,7,0,7,0,7,700000.0,0x94c9e001b879661be158e23e100549575942bcc5,0.004097222222222223,0.01638888888888889,0.09999999999999999,1.4989724041661926e-17
72.45643385319461,0.1,4,1,5,1,2,724.5570929610165,0xb638d6f5d674bd9980f3e2f67499c939e5a79382,3.187384259259259,19.124305555555555,14.511286770638922,29.356246560896196
119.77814504432345,60.37957003516172,53,21,74,20,37,1.983752832138726,0xc57f1148855e67763a694f7f2c0e68230adc686e,6.116076388888889,2.0107648401826483,2.43456371729034,8.710211982088188
428.55772806479644,333.65805935106783,53,31,84,23,35,1.2844219246910362,0x42c5459911ae51d1d005cbe39749bd8d8e533c22,8.16511574074074,2.3609973226238288,9.073997469236481,28.229914879939884
242.596472,416.5,5,13,18,4,2,0.5824645172089687,0x41dfc5797c8043a2f4f7e7abf71291064e091fc6,8.159803240740741,11.519722222222223,36.616470666666665,45.670482973741564
0.0,242.0,0,3,3,1,0,0.0,0xcdb712deabcc8a0d7ed083bc0fe77603a61cbc43,0.004675925925925926,0.05611111111111111,80.66666666666667,68.9951689129995
895.0524678448509,896.7543856957758,120,54,174,45,64,0.9981021349031858,0xed2d26eed06ecfbfd796d1ec551d2a649a31e576,5.639212962962963,0.7823185613359024,10.29774053758981,47.31578806281694
