eth_sent,eth_received,num_sent_txs,num_received_txs,total_txs,in_degree,out_degree,sent_received_ratio,address,account_age_days,avg_time_diff_hours,avg_tx_value,std_dev_tx_value
6.2380582906379995,4466.4088900013485,66,110,176,8,24,0.0013966608169722354,0x1ab4973a48dc892cd9971ece8e01dcc7688f8f23,560.7894444444445,76.90826666666666,25.412766751659024,46.3532283537195
0.0048548054797619995,0.0114,23,1,24,1,6,0.425822776928515,0x4283c2cdb4888e2aa37d035da796995475ec3a17,300.3908333333333,313.45130434782607,0.0006772835616567501,0.0023199362530001316
0.0,0.0,0,7,7,1,0,0.0,0x0000000000000000000000000000000000000000,183.9802777777778,735.9211111111111,0.0,0.0
0.0,0.00159,0,3,3,2,0,0.0,0xb4e7b8946fa2b35912cc0581772cccd69a33000c,189.4163888888889,2272.9966666666664,0.00053,0.0004513313638558703
0.0,0.0197522883299609,0,7,7,5,0,0.0,0xdca2e9ae8423d7b0f94d7f9fc09e698a45f3c851,377.6404166666667,1510.5616666666667,0.0028217554757087,0.0012261792269244512
0.0,0.025231237051992754,0,24,24,11,0,0.0,0x391e7c679d29bd940d63be94ad22a25d25b5a604,249.17444444444445,260.00811594202895,0.0010513015438330315,0.002330088021593251
0.0,111.88569603223301,0,972,972,52,0,0.0,0x0000000000000068f116a894984e2db1123eb395,491.39694444444444,12.145753518709235,0.11510874077390226,0.5899076453301908
0.0,15.14599490211477,0,242,242,42,0,0.0,0xa5f565650890fba1824ee0f21ebbbf660a179934,412.8238888888889,41.11109266943292,0.06258675579386268,0.1670995156025629
