eth_sent,eth_received,num_sent_txs,num_received_txs,total_txs,address,account_age_days,avg_time_diff_hours,avg_tx_value,std_dev_tx_value
0.00016,0.0,1,0,1,0x8538559fde4cb2c3217dc263534ac7c79aab8205,0.0,0.0,0.00016,0.0
6.4e-05,0.0,1,0,1,0xca0b0845813d78db6586649853714dbc570445c3,0.0,0.0,6.4e-05,0.0
6.4e-05,0.0,1,0,1,0x42d67abbcb8cddc02cb79f8f6c2a33416a2cc611,0.0,0.0,6.4e-05,0.0
0.0002408960836851,0.000352,3,4,7,0x423a962caaaa736231a15670539fdfa3eaccdfda,42.61083333333333,170.44333333333333,8.469944052644286e-05,8.727442977601524e-05
6.4e-05,0.0,1,0,1,0xd139c401c0c287f4dab45c49a2dd1700fc28f41c,0.0,0.0,6.4e-05,0.0
0.0,0.0,0,11205,11205,0xdac17f958d2ee523a2206206994597c13d831ec7,1959.5113425925927,4.197453786346146,0.0,0.0
0.0,0.0054501793455968015,0,22,22,0xc4cbab6f25aacd8cadc432abb91b85698bf9b43e,0.004583333333333333,0.005238095238095238,0.0002477354247998545,1.216885152517588e-05
