eth_sent,eth_received,num_sent_txs,num_received_txs,total_txs,address
6.2380582906379995,4466.4088900013485,66,110,176,0x1ab4973a48dc892cd9971ece8e01dcc7688f8f23
0.0048548054797619995,0.0114,23,1,24,0x4283c2cdb4888e2aa37d035da796995475ec3a17
0.0,0.0,0,7,7,0x0000000000000000000000000000000000000000
0.0,0.00159,0,3,3,0xb4e7b8946fa2b35912cc0581772cccd69a33000c
0.0,0.0197522883299609,0,7,7,0xdca2e9ae8423d7b0f94d7f9fc09e698a45f3c851
0.0,0.025231237051992754,0,24,24,0x391e7c679d29bd940d63be94ad22a25d25b5a604
0.0,111.88569603223301,0,972,972,0x0000000000000068f116a894984e2db1123eb395
0.0,15.14599490211477,0,242,242,0xa5f565650890fba1824ee0f21ebbbf660a179934
