eth_sent,eth_received,num_sent_txs,num_received_txs,total_txs,address,account_age_days,avg_time_diff_hours,avg_tx_value,std_dev_tx_value
18.474949318377984,0.0,3,0,3,0xf8c78ac8abd1a2078d6ea60aa87b5c0d650e2513,2.035416666666667,24.425,6.158316439459328,5.519691634153543
47.1452896266148,47.14632469836832,11,5,16,0x4374c82068056e312978fdb2caad6031efa00fec,6.085833333333333,9.737333333333334,5.893225895311445,6.533811070005129
16.81597537999034,0.0,1,0,1,0xa6caaea125d827c85192900a7d21614c492129f4,0.0,0.0,16.81597537999034,0.0
11.8554,0.0,1,0,1,0xa0bb9219c02fb6c762b0b47986bebfe8109ae157,0.0,0.0,11.8554,0.0
0.0,47.1452896266148,0,7,7,0x00000047bb99ea4d791bb749d970de71ee0b1a34,109.59208333333333,438.36833333333334,6.7350413752306855,6.8371595067904885
0.0,0.0,0,11205,11205,0xdac17f958d2ee523a2206206994597c13d831ec7,1959.5113425925927,4.197453786346146,0.0,0.0
