eth_sent,eth_received,num_sent_txs,num_received_txs,total_txs,in_degree,out_degree,sent_received_ratio,address,account_age_days,avg_time_diff_hours,avg_tx_value,std_dev_tx_value
0.01035,0.0,1,0,1,0,1,10350.0,0x8ff7a5c57b4e2acb6014b191dca6a85dc18cca86,0.0,0.0,0.01035,0.0
0.156934087641164,0.15713602050724998,6,6,12,3,5,0.998708561067081,0x4490d66f7d1867047c2eb1c06b8df495fd68a9fb,5.002361111111111,10.914242424242424,0.026172509012367836,0.026548871280801266
1.29491863100359,0.0,111,0,111,0,4,1294918.63100359,0xaa0e9a1e2d2ccf2b867fda047bb5394bef1883e0,590.7636111111111,128.89387878787878,0.011665933612644955,0.021948672052194793
0.09541999999999999,0.0,2,0,2,0,1,95420.0,0x439792edfb53c4d0a710eb3a3fcbdd10e1e38216,0.9343055555555555,22.423333333333332,0.047709999999999995,0.04771556559446822
0.0,0.010343508610431,0,1,1,1,0,0.0,0xeefc52a28ba21a22aeb2c9ca4eca8ba30a9e347c,0.0,0.0,0.010343508610431,0.0
0.0,0.01353956,0,1,1,1,0,0.0,0xe7aec68afe4388ab7eae524b9385db86384fa345,0.0,0.0,0.01353956,0.0
0.0,0.014073456716037,0,1,1,1,0,0.0,0x228cc3df130dbf23e1a8f5e38bf561cd8549306d,0.0,0.0,0.014073456716037,0.0
0.0,0.03698566617906,0,2,2,1,0,0.0,0x0d9152a3fd34a48be841c2ce647ed4245f131d0d,0.02847222222222222,0.6833333333333333,0.01849283308953,0.011291863268701324
0.0,0.081991896135636,0,1,1,1,0,0.0,0x336e5cff9ba54bd15230afbc3e437cf440984d4e,0.0,0.0,0.081991896135636,0.0
