eth_sent,eth_received,num_sent_txs,num_received_txs,total_txs,address
0.01035,0.0,1,0,1,0x8ff7a5c57b4e2acb6014b191dca6a85dc18cca86
0.156934087641164,0.15713602050724998,6,6,12,0x4490d66f7d1867047c2eb1c06b8df495fd68a9fb
1.29491863100359,0.0,111,0,111,0xaa0e9a1e2d2ccf2b867fda047bb5394bef1883e0
0.09541999999999999,0.0,2,0,2,0x439792edfb53c4d0a710eb3a3fcbdd10e1e38216
0.0,0.010343508610431,0,1,1,0xeefc52a28ba21a22aeb2c9ca4eca8ba30a9e347c
0.0,0.01353956,0,1,1,0xe7aec68afe4388ab7eae524b9385db86384fa345
0.0,0.014073456716037,0,1,1,0x228cc3df130dbf23e1a8f5e38bf561cd8549306d
0.0,0.03698566617906,0,2,2,0x0d9152a3fd34a48be841c2ce647ed4245f131d0d
0.0,0.081991896135636,0,1,1,0x336e5cff9ba54bd15230afbc3e437cf440984d4e
