eth_sent,eth_received,num_sent_txs,num_received_txs,total_txs,address
37.17444470162208,12.476899890597348,355,81,436,0x6c84fb26344adb5ea68878811171ba8abd32ee11
1.1196416726094882,1.0927319089401482,16,16,32,0x44aa722e057befb493e2e309dd5d2a35f420d394
4.671669538583961,8.950000000000001,10,12,22,0x4582e22b66d995706b303ce04790e9998de99b64
0.0,0.0,0,5741,5741,0xa0b86991c6218b36c1d19d4a2e9eb0ce3606eb48
0.0,0.0,0,11205,11205,0xdac17f958d2ee523a2206206994597c13d831ec7
0.0,0.0,0,9,9,0xb131f4a55907b10d1f0a50d8ab8fa09ec342cd74
1180.83604998,16032.761666857281,297,237,534,0x28c6c06298d514db089934071355e5743bf21d60
0.0,0.0,0,84,84,0x4d224452801aced8b2f0aebe155379bb5d594381
