eth_sent,eth_received,num_sent_txs,num_received_txs,total_txs,address
0.00965,0.0,1,0,1,0x3ece2163af8fe093adb0d7b73f76b34932025543
0.0313086782614256,0.031900000000000005,2,3,5,0x46f2eb74d3740dccd462246d1a4f0e18eb0ea1d5
0.0188,0.0,1,0,1,0x6a8ed03366ec59612682f8cdb12cb1f02dc4afc0
0.00345,0.0,1,0,1,0xe884ec8fccea3f09f4a663e975e363c96db05bf1
0.0,0.1728496207889339,0,5,5,0xdc8dd6a5b2976b757b14bd29251ade3ae5c82cbd
