eth_sent,eth_received,num_sent_txs,num_received_txs,total_txs,address
1.4429999999999998,15.839445879486751,16,18,34,0xa873ea5db09816c84b242694d08ab7edd95085e6
16.23812105,114.44065280072387,64,207,271,0xb5d85cbf7cb3ee0d56b3bb207d5fc4b82f43f511
0.01,0.021270999999999998,5,3,8,0x47c5b35c3468af8bd46d5ee29880c800d5af82a1
0.0,0.0,0,2,2,0xe28b3b32b6c345a34ff64674606124dd5aceca30
0.0,383.1798895123511,0,2075,2075,0x66a9893cc07d91d95644aedd05d03f95e1dba8af
0.0,0.0,0,1,1,0x5c697fee285b513711a816018dbb34dc0cfc4875
0.0,0.0,0,1,1,0xdbb5cf12408a3ac17d668037ce289f9ea75439d7
