eth_sent,eth_received,num_sent_txs,num_received_txs,total_txs,address,account_age_days,avg_time_diff_hours,avg_tx_value,std_dev_tx_value
0.415600015588,0.0,33,0,33,0x97b9d2102a9a65a26e1ee82d59e42d1b73b68689,864.0981944444444,648.0736458333333,0.012593939866303031,0.052936614335813925
0.0,0.004753215588,63,31,94,0x47ba2bb614205ca1434de90ff5d5f496ac0af7ea,95.04722222222222,24.52831541218638,5.056612327659575e-05,0.00013490584780819889
0.0,0.0,0,91,91,0x6c3ea9036406852006290770bedfcaba0e23a0e8,713.1154166666666,190.1641111111111,0.0,0.0
