eth_sent,eth_received,num_sent_txs,num_received_txs,total_txs,in_degree,out_degree,sent_received_ratio,address,account_age_days,avg_time_diff_hours,avg_tx_value,std_dev_tx_value
19900.0,30000.001999999997,102,10,112,5,4,0.663333289089003,0x18345118bd04c405b4d74941563a21b5a2bf06b7,1746.0265162037037,377.5192467467468,445.53573214285717,1554.5085422358
14999.993165,14999.999370000001,7,3,10,2,2,0.9999995862666492,0x474aa9c6f46dc6379c638690fd8f5ade22df5205,156.40836805555554,417.0889814814815,2999.9992535,2343.7852051288783
5002.21057,5000.001165000001,4,3,7,1,3,1.0004418806969533,0x57b174839cbd0a503b9dfcb655e4f4b1b47b3296,157.62362268518518,630.4944907407407,1428.8873907142859,2439.5339570987835
