eth_sent,eth_received,num_sent_txs,num_received_txs,total_txs,address
0.415600015588,0.0,33,0,33,0x97b9d2102a9a65a26e1ee82d59e42d1b73b68689
0.0,0.004753215588,63,31,94,0x47ba2bb614205ca1434de90ff5d5f496ac0af7ea
0.0,0.0,0,91,91,0x6c3ea9036406852006290770bedfcaba0e23a0e8
