eth_sent,eth_received,num_sent_txs,num_received_txs,total_txs,address,account_age_days,avg_time_diff_hours,avg_tx_value,std_dev_tx_value
1.4429999999999998,15.839445879486751,16,18,34,0xa873ea5db09816c84b242694d08ab7edd95085e6,285.9527777777778,207.96565656565656,0.5083072317496103,2.688784845556411
16.23812105,114.44065280072387,64,207,271,0xb5d85cbf7cb3ee0d56b3bb207d5fc4b82f43f511,1548.9310763888889,137.682762345679,0.4822094976041471,1.3153665320797294
0.01,0.021270999999999998,5,3,8,0x47c5b35c3468af8bd46d5ee29880c800d5af82a1,21.991527777777776,75.39952380952381,0.003908875,0.0043678862307757055
0.0,0.0,0,2,2,0xe28b3b32b6c345a34ff64674606124dd5aceca30,573.4565277777778,13762.956666666667,0.0,0.0
0.0,383.1798895123511,0,2075,2075,0x66a9893cc07d91d95644aedd05d03f95e1dba8af,180.97180555555556,2.094177113468338,0.18466500699390412,0.7855244123210863
0.0,0.0,0,1,1,0x5c697fee285b513711a816018dbb34dc0cfc4875,0.0,0.0,0.0,0.0
0.0,0.0,0,1,1,0xdbb5cf12408a3ac17d668037ce289f9ea75439d7,0.0,0.0,0.0,0.0
