eth_sent,eth_received,num_sent_txs,num_received_txs,total_txs,address
19900.0,30000.001999999997,102,10,112,0x18345118bd04c405b4d74941563a21b5a2bf06b7
14999.993165,14999.999370000001,7,3,10,0x474aa9c6f46dc6379c638690fd8f5ade22df5205
5002.21057,5000.001165000001,4,3,7,0x57b174839cbd0a503b9dfcb655e4f4b1b47b3296
