eth_sent,eth_received,num_sent_txs,num_received_txs,total_txs,address
0.6843369046897564,0.0,29,0,29,0x5babe600b9fcd5fb7b66c0611bf4896d967b23a1
0.00030401065300951204,0.0324962514408938,6,1,7,0x488c0306df318313fdccdb6df855706de2000320
0.0,15.14599490211477,0,242,242,0xa5f565650890fba1824ee0f21ebbbf660a179934
0.102748000000006,0.010925362900013046,6,13,19,0x623777cc098c6058a46cf7530f45150ff6a8459d
0.0,0.025231237051992754,0,24,24,0x391e7c679d29bd940d63be94ad22a25d25b5a604
0.0,0.0,0,5,5,0xa0b73e1ff0b80914ab6fe0444e65848c4c34450b
0.0,0.011520996177855092,0,17,17,0xb584d4be1a5470ca1a8778e9b86c81e165204599
0.0,342.2253157085877,0,1408,1408,0xc02aaa39b223fe8d0a0e5c4f27ead9083c756cc2
