eth_sent,eth_received,num_sent_txs,num_received_txs,total_txs,in_degree,out_degree,sent_received_ratio,address,account_age_days,avg_time_diff_hours,avg_tx_value,std_dev_tx_value
0.6843369046897564,0.0,29,0,29,0,15,684336.9046897565,0x5babe600b9fcd5fb7b66c0611bf4896d967b23a1,333.17875,285.5817857142857,0.02359782429964677,0.050514569252679324
0.00030401065300951204,0.0324962514408938,6,1,7,1,6,0.009354965097969854,0x488c0306df318313fdccdb6df855706de2000320,19.200555555555557,76.80222222222223,0.004685751727700473,0.0122633401184519
0.0,15.14599490211477,0,242,242,42,0,0.0,0xa5f565650890fba1824ee0f21ebbbf660a179934,412.8238888888889,41.11109266943292,0.06258675579386268,0.1670995156025629
0.102748000000006,0.010925362900013046,6,13,19,3,4,9.40367814434237,0x623777cc098c6058a46cf7530f45150ff6a8459d,144.7838888888889,193.04518518518518,0.005982808573685212,0.010186885173230386
0.0,0.025231237051992754,0,24,24,11,0,0.0,0x391e7c679d29bd940d63be94ad22a25d25b5a604,249.17444444444445,260.00811594202895,0.0010513015438330315,0.002330088021593251
0.0,0.0,0,5,5,5,0,0.0,0xa0b73e1ff0b80914ab6fe0444e65848c4c34450b,1522.3825,9134.295,0.0,0.0
0.0,0.011520996177855092,0,17,17,9,0,0.0,0xb584d4be1a5470ca1a8778e9b86c81e165204599,735.1641666666667,1102.74625,0.0006777056575208878,0.0007517416976019084
0.0,342.2253157085877,0,1408,1408,101,0,0.0,0xc02aaa39b223fe8d0a0e5c4f27ead9083c756cc2,2570.0885763888887,43.839463989575925,0.2430577526339401,1.0409589884521075
