eth_sent,eth_received,num_sent_txs,num_received_txs,total_txs,address
0.9945104868630272,0.0,1,0,1,0x4fbe486b6a61a3ed603032d69c4fcd7c8e98029c
3.5061874868630274,3.5075104868630267,3,4,7,0x48d0a447b1d7b9a89112578db4536032d3047b2e
1.933,0.0,1,0,1,0x7e732400a146e6a08b184330a1b74465d678658b
0.01,0.0,1,0,1,0xd40260a8e572fa4fa504061dfe5bdaecf890ea21
0.57,0.0,1,0,1,0xc825cd463b404a2f9c63987a27aed19948f5a19f
0.0,9.648952486863028,0,5,5,0xcd6b7048d1c42cfeb97b53822bbd6be9913bdc89
