eth_sent,eth_received,num_sent_txs,num_received_txs,total_txs,in_degree,out_degree,sent_received_ratio,address,account_age_days,avg_time_diff_hours,avg_tx_value,std_dev_tx_value
0.9945104868630272,0.0,1,0,1,0,1,994510.4868630273,0x4fbe486b6a61a3ed603032d69c4fcd7c8e98029c,0.0,0.0,0.9945104868630272,0.0
3.5061874868630274,3.5075104868630267,3,4,7,4,1,0.9996225244008584,0x48d0a447b1d7b9a89112578db4536032d3047b2e,2.5963194444444446,10.385277777777778,1.0019568533894365,0.7166620620060395
1.933,0.0,1,0,1,0,1,1933000.0000000002,0x7e732400a146e6a08b184330a1b74465d678658b,0.0,0.0,1.933,0.0
0.01,0.0,1,0,1,0,1,10000.0,0xd40260a8e572fa4fa504061dfe5bdaecf890ea21,0.0,0.0,0.01,0.0
0.57,0.0,1,0,1,0,1,570000.0,0xc825cd463b404a2f9c63987a27aed19948f5a19f,0.0,0.0,0.57,0.0
0.0,9.648952486863028,0,5,5,3,0,0.0,0xcd6b7048d1c42cfeb97b53822bbd6be9913bdc89,199.0931712962963,1194.5590277777778,1.9297904973726054,2.3695165507486617
