eth_sent,eth_received,num_sent_txs,num_received_txs,total_txs,address
16.23812105,114.44065280072387,64,207,271,0xb5d85cbf7cb3ee0d56b3bb207d5fc4b82f43f511
0.0,0.00528551,10,1,11,0x493db2f19e5291fe950518f69ce932273dcf043a
0.0,0.0,0,42,42,0xa35923162c49cf95e6bf26623385eb431ad920d3
0.0,0.0,0,101,101,0xfaba6f8e4a5e8ab82f62fe7c39859fa577269be3
0.0,0.0,0,11205,11205,0xdac17f958d2ee523a2206206994597c13d831ec7
