eth_sent,eth_received,num_sent_txs,num_received_txs,total_txs,address,account_age_days,avg_time_diff_hours,avg_tx_value,std_dev_tx_value
16.23812105,114.44065280072387,64,207,271,0xb5d85cbf7cb3ee0d56b3bb207d5fc4b82f43f511,1548.9310763888889,137.682762345679,0.4822094976041471,1.3153665320797294
0.0,0.00528551,10,1,11,0x493db2f19e5291fe950518f69ce932273dcf043a,215.68597222222223,517.6463333333334,0.00048050090909090913,0.0015936412268792153
0.0,0.0,0,42,42,0xa35923162c49cf95e6bf26623385eb431ad920d3,429.50416666666666,251.4170731707317,0.0,0.0
0.0,0.0,0,101,101,0xfaba6f8e4a5e8ab82f62fe7c39859fa577269be3,560.4044444444445,134.49706666666665,0.0,0.0
0.0,0.0,0,11205,11205,0xdac17f958d2ee523a2206206994597c13d831ec7,1959.5113425925927,4.197453786346146,0.0,0.0
