eth_sent,eth_received,num_sent_txs,num_received_txs,total_txs,in_degree,out_degree,sent_received_ratio,address,account_age_days,avg_time_diff_hours,avg_tx_value,std_dev_tx_value
0.12,0.0,1,0,1,0,1,120000.0,0x4172ba663af0eacab3511035ce782a0b24cba518,0.0,0.0,0.12,0.0
0.3283177459727388,0.23563441436446078,6,4,10,4,4,1.3933293807225635,0x49ea10e433bcef36f3c9e931f65c75034801810d,1187.163576388889,3165.769537037037,0.056395216033719955,0.054368795268135726
0.11,0.0,1,0,1,0,1,110000.0,0x6cc4736a2ebcdc31912369ecd4b99cd21c215647,0.0,0.0,0.11,0.0
0.0006344143644608,0.0,1,0,1,0,1,634.4143644608,0x3235f5abd19b9a27aeefd7c9f8c893c356181d6d,0.0,0.0,0.0006344143644608,0.0
0.009000000000000001,0.0039425479970891,2,1,3,1,2,2.2822088146621478,0xf3f1dd8633458ab4b46c963aa0012057dd9b7921,0.006527777777777778,0.07833333333333334,0.004314182665696367,0.0005946295024493191
0.0,9.91479989379739,0,71,71,21,0,0.0,0x4dbd4fc535ac27206064b68ffcf827b0a60bab3f,1083.4539699074073,371.46993253968253,0.13964506892672382,0.4030941876300362
0.0,8.922554150435188,0,55,55,25,0,0.0,0xabea9132b05a70803a4e85094fd0e1800777fbef,763.0248495370371,339.12215534979424,0.16222825728063978,0.325663135083991
0.0,0.3361247200293301,0,5,5,2,0,0.0,0x9ead6327d296adaab46fc686e32970495b3269de,22.025972222222222,132.15583333333333,0.06722494400586602,0.05271784802530823
0.0,0.0,0,5741,5741,312,0,0.0,0xa0b86991c6218b36c1d19d4a2e9eb0ce3606eb48,1915.7207175925926,8.009982094463803,0.0,0.0
