eth_sent,eth_received,num_sent_txs,num_received_txs,total_txs,address
261.08561597000005,0.0,308,0,308,0xdfd5293d8e347dfe59e90efd55b2956a1343963d
0.040921545364499705,0.053553030873228796,6,3,9,0x49c12c4a82e81a33fdcc64cc787d793da32b253c
6.171564900475267,1.9588087460993586,47,22,69,0xee074486131e1c86788b5060c33f20bf1e1ebe0d
0.0,1091.941335759052,0,5480,5480,0x7a250d5630b4cf539739df2c5dacb4c659f2488d
0.0,0.0145047545592361,0,1,1,0x28730e1f9ce90f86007619a26419889041750abd
0.0,0.0066025583205342,0,3,3,0x1ab01a59f6ebf9cbc6efea6e344222f6d055cb92
0.0,0.0,0,3,3,0x4e15361fd6b4bb609fa63c81a2be19d873717870
0.0,8.158131801420689,0,1057,1057,0x6088d94c5a40cecd3ae2d4e0710ca687b91c61d0
