eth_sent,eth_received,num_sent_txs,num_received_txs,total_txs,address
0.12,0.0,1,0,1,0x4172ba663af0eacab3511035ce782a0b24cba518
0.3283177459727388,0.23563441436446078,6,4,10,0x49ea10e433bcef36f3c9e931f65c75034801810d
0.11,0.0,1,0,1,0x6cc4736a2ebcdc31912369ecd4b99cd21c215647
0.0006344143644608,0.0,1,0,1,0x3235f5abd19b9a27aeefd7c9f8c893c356181d6d
0.009000000000000001,0.0039425479970891,2,1,3,0xf3f1dd8633458ab4b46c963aa0012057dd9b7921
0.0,9.91479989379739,0,71,71,0x4dbd4fc535ac27206064b68ffcf827b0a60bab3f
0.0,8.922554150435188,0,55,55,0xabea9132b05a70803a4e85094fd0e1800777fbef
0.0,0.3361247200293301,0,5,5,0x9ead6327d296adaab46fc686e32970495b3269de
0.0,0.0,0,5741,5741,0xa0b86991c6218b36c1d19d4a2e9eb0ce3606eb48
