eth_sent,eth_received,num_sent_txs,num_received_txs,total_txs,address
0.0495089674464116,0.0,1,0,1,0x9aa46df362c8c6a66f877205d966ee349103a3c0
18.072436221542052,18.33598522215481,63,19,82,0xe481398a7e018c60c37fe2be955c23862ffa72ff
0.5268289167935484,0.4048103007797448,6,3,9,0x4a5e78ec86889059246db06a1d9fd07baf4c44b2
0.0,1091.941335759052,0,5480,5480,0x7a250d5630b4cf539739df2c5dacb4c659f2488d
0.0,0.1518289167935484,0,1,1,0xce8877230184b32b737fbbc37859df506f31f851
