eth_sent,eth_received,num_sent_txs,num_received_txs,total_txs,in_degree,out_degree,sent_received_ratio,address,account_age_days,avg_time_diff_hours,avg_tx_value,std_dev_tx_value
0.00016,0.0,1,0,1,0,1,160.00000000000003,0x06c955e9c2dd863bb530a7b81d1f68dbcc61d50e,0.0,0.0,0.00016,0.0
0.0002484388456762,0.00032,3,2,5,2,3,0.7739527902685357,0x4b9eaf53844daf56378b9de0b08f9ea7ed712c8a,67.87263888888889,407.23583333333335,0.00011368776913523999,0.00010988325143781533
0.00016,0.0,1,0,1,0,1,160.00000000000003,0xe520299dab926f06e2666fd390c437e2f115d529,0.0,0.0,0.00016,0.0
0.0,0.0,0,38,38,11,0,0.0,0xc944e90c64b2c07662a292be6244bdf05cda44a7,1687.7694444444444,1094.7693693693693,0.0,0.0
0.0,0.0,0,9,9,9,0,0.0,0xb131f4a55907b10d1f0a50d8ab8fa09ec342cd74,569.2394444444444,1707.7183333333332,0.0,0.0
0.0,0.0054501793455968015,0,22,22,22,0,0.0,0xc4cbab6f25aacd8cadc432abb91b85698bf9b43e,0.004583333333333333,0.005238095238095238,0.0002477354247998545,1.216885152517588e-05
