eth_sent,eth_received,num_sent_txs,num_received_txs,total_txs,address
0.00016,0.0,1,0,1,0x06c955e9c2dd863bb530a7b81d1f68dbcc61d50e
0.0002484388456762,0.00032,3,2,5,0x4b9eaf53844daf56378b9de0b08f9ea7ed712c8a
0.00016,0.0,1,0,1,0xe520299dab926f06e2666fd390c437e2f115d529
0.0,0.0,0,38,38,0xc944e90c64b2c07662a292be6244bdf05cda44a7
0.0,0.0,0,9,9,0xb131f4a55907b10d1f0a50d8ab8fa09ec342cd74
0.0,0.0054501793455968015,0,22,22,0xc4cbab6f25aacd8cadc432abb91b85698bf9b43e
