eth_sent,eth_received,num_sent_txs,num_received_txs,total_txs,address,account_age_days,avg_time_diff_hours,avg_tx_value,std_dev_tx_value
11.50042266,0.0,180,0,180,0xeba88149813bec1cccccfdb0dacefaaa5de94cb1,316.01944444444445,42.37132216014898,0.06389123699999999,0.07605219081962836
0.0,0.00856646,7,1,8,0x4c110d7d33799703704641dd54553d453d3b4998,51.760555555555555,177.4647619047619,0.0010708075,0.0030287009783816557
0.0,0.0,0,11205,11205,0xdac17f958d2ee523a2206206994597c13d831ec7,1959.5113425925927,4.197453786346146,0.0,0.0
