eth_sent,eth_received,num_sent_txs,num_received_txs,total_txs,address
8.13958,3.8169269536633443,98,25,123,0x9aeca49f5479e8d898f595215ef55b247060743c
0.25697000000000003,0.0,6,0,6,0xe43a02a55c3fe386562438253017a84e98bd38ae
2.5930652,4.81632,5,85,90,0x4ce28da7c1c195802d57b92957765a8b2b5f5785
0.40327,0.0,11,0,11,0xf336e40649f37f56018aef092380e269a8f3cf6f
0.07572000000000001,0.0,3,0,3,0x623067943d4d11a2ca805dabf30656a83c849346
0.1722,0.0,1,0,1,0x5b933707f185d38fe7d2552efe9f9f1467debec4
0.0,2.5930652,0,5,5,0x4240b755a3e20a4ca734bd5076bb4507e37d01e1
