eth_sent,eth_received,num_sent_txs,num_received_txs,total_txs,address,account_age_days,avg_time_diff_hours,avg_tx_value,std_dev_tx_value
8.13958,3.8169269536633443,98,25,123,0x9aeca49f5479e8d898f595215ef55b247060743c,49.24319444444444,9.687185792349727,0.09720737360701906,0.15801677807507233
0.25697000000000003,0.0,6,0,6,0xe43a02a55c3fe386562438253017a84e98bd38ae,19.784583333333334,94.966,0.042828333333333336,0.007857725922088825
2.5930652,4.81632,5,85,90,0x4ce28da7c1c195802d57b92957765a8b2b5f5785,101.26402777777778,27.307153558052434,0.08232650222222222,0.14027902296601982
0.40327,0.0,11,0,11,0xf336e40649f37f56018aef092380e269a8f3cf6f,22.95652777777778,55.095666666666666,0.03666090909090909,0.009309420448712644
0.07572000000000001,0.0,3,0,3,0x623067943d4d11a2ca805dabf30656a83c849346,2.1344444444444446,25.613333333333333,0.025240000000000002,0.0014353048456686825
0.1722,0.0,1,0,1,0x5b933707f185d38fe7d2552efe9f9f1467debec4,0.0,0.0,0.1722,0.0
0.0,2.5930652,0,5,5,0x4240b755a3e20a4ca734bd5076bb4507e37d01e1,70.17388888888888,421.04333333333335,0.51861304,0.3336416414154909
