eth_sent,eth_received,num_sent_txs,num_received_txs,total_txs,address
0.009545153262313217,0.007437000503013,11,8,19,0x4d19eb30c6acfca715814e3ae355cd40b55907b7
0.007437000503013,0.0,1,0,1,0xa79a217360e062a66fe32759dd0680c8df6d7b97
0.0,0.001970406961679,0,1,1,0x4b7a91c3bc1fca69c3f5b890ea6c46cfa93a1a36
0.0,0.00425,0,27,27,0xfe5fc40c15c67983694642f9a8711241157fdb0a
0.0,0.00108075907411042,0,25,25,0x565e79f526245cae4a8c130ad95c7a2778f3ab4b
0.0,0.007384998624147,0,1,1,0x0d145536182197eed83a0278e3aa71c5417783ac
