eth_sent,eth_received,num_sent_txs,num_received_txs,total_txs,address,account_age_days,avg_time_diff_hours,avg_tx_value,std_dev_tx_value
0.96483777,0.0,4,0,4,0x7b09cd37709e90b502e7aa22da8fa4d86b115dd5,0.24083333333333334,1.9266666666666667,0.2412094425,0.27665297052598326
0.9548377,0.96483777,1,4,5,0x4e69cee762830968227ed65c06baab799063fa2f,124.05236111111111,744.3141666666667,0.38393509400000003,0.39906854994616553
0.0,129.6778677068854,0,469,469,0x1231deb6f5749ef6ce6943a275a1d3e7486f4eae,708.1729166666667,36.316559829059834,0.27649865182704775,1.3215193889971413
