eth_sent,eth_received,num_sent_txs,num_received_txs,total_txs,address
0.000398949377949006,0.0,3,0,3,0xdc601950c59b9a0f9dbcb23594418f5613576ec3
0.0,0.000398949377949006,8,3,11,0x4ee47cddd0f3f6800d125cee2ca904234e198434
0.0,0.0,0,5741,5741,0xa0b86991c6218b36c1d19d4a2e9eb0ce3606eb48
