eth_sent,eth_received,num_sent_txs,num_received_txs,total_txs,in_degree,out_degree,sent_received_ratio,address,account_age_days,avg_time_diff_hours,avg_tx_value,std_dev_tx_value
0.000398949377949006,0.0,3,0,3,0,1,398.949377949006,0xdc601950c59b9a0f9dbcb23594418f5613576ec3,44.72361111111111,536.6833333333333,0.000132983125983002,7.44667210061274e-05
0.0,0.000398949377949006,8,3,11,1,1,0.0,0x4ee47cddd0f3f6800d125cee2ca904234e198434,60.71375,145.71300000000002,3.626812526809146e-05,7.048047562861652e-05
0.0,0.0,0,5741,5741,312,0,0.0,0xa0b86991c6218b36c1d19d4a2e9eb0ce3606eb48,1915.7207175925926,8.009982094463803,0.0,0.0
