eth_sent,eth_received,num_sent_txs,num_received_txs,total_txs,in_degree,out_degree,sent_received_ratio,address,account_age_days,avg_time_diff_hours,avg_tx_value,std_dev_tx_value
30.349568201292694,0.0567308016996215,279,13,292,7,80,534.9657033983319,0xf70da97812cb96acdf810712aa562db8dfa3dbef,541.1308333333334,44.6293470790378,0.10413116096915177,0.4757862062565904
0.000164812110120941,0.0009532684511055,7,1,8,1,4,0.1727104253839783,0x4ecadcd24cfbc13d4bb1fcba4a561d88692d7bde,0.2586111111111111,0.8866666666666667,0.00013976007015330513,0.0003308804556787671
0.0,383.1798895123511,0,2075,2075,101,0,0.0,0x66a9893cc07d91d95644aedd05d03f95e1dba8af,180.97180555555556,2.094177113468338,0.18466500699390412,0.7855244123210863
0.0,0.0,0,11205,11205,394,0,0.0,0xdac17f958d2ee523a2206206994597c13d831ec7,1959.5113425925927,4.197453786346146,0.0,0.0
0.0,0.0,0,207,207,81,0,0.0,0x6b175474e89094c44da98b954eedeac495271d0f,1840.8956365740742,214.47327804746493,0.0,0.0
0.0,0.0,0,5741,5741,312,0,0.0,0xa0b86991c6218b36c1d19d4a2e9eb0ce3606eb48,1915.7207175925926,8.009982094463803,0.0,0.0
