eth_sent,eth_received,num_sent_txs,num_received_txs,total_txs,address
0.96483777,0.0,4,0,4,0x7b09cd37709e90b502e7aa22da8fa4d86b115dd5
0.9548377,0.96483777,1,4,5,0x4e69cee762830968227ed65c06baab799063fa2f
0.0,129.6778677068854,0,469,469,0x1231deb6f5749ef6ce6943a275a1d3e7486f4eae
