eth_sent,eth_received,num_sent_txs,num_received_txs,total_txs,address
0.46599999999999997,0.0,2,0,2,0xe0b76cd9cefca358adde7c404e4096217e6a4e85
5.0,0.0,1,0,1,0xa82635639dc1c6fd483c1d1167252fb98e7b8eaa
4.0,0.0,1,0,1,0xce606ed492d2d8f9cf1e36007e6463c746dd8989
0.038,0.0,1,0,1,0x16131fd152270046c00dcf9659f52e35ed55e898
9.503853,9.504,1,5,6,0x4fafc9291a0112a0ee0928361c02848ff2fdf6bd
0.0,9.503853,0,1,1,0xa57985a62902853ea6aba26ab020d025a4269501
