eth_sent,eth_received,num_sent_txs,num_received_txs,total_txs,in_degree,out_degree,sent_received_ratio,address,account_age_days,avg_time_diff_hours,avg_tx_value,std_dev_tx_value
0.46599999999999997,0.0,2,0,2,0,1,466000.0,0xe0b76cd9cefca358adde7c404e4096217e6a4e85,0.015960648148148147,0.38305555555555554,0.23299999999999998,0.024041630560342617
5.0,0.0,1,0,1,0,1,5000000.0,0xa82635639dc1c6fd483c1d1167252fb98e7b8eaa,0.0,0.0,5.0,0.0
4.0,0.0,1,0,1,0,1,4000000.0,0xce606ed492d2d8f9cf1e36007e6463c746dd8989,0.0,0.0,4.0,0.0
0.038,0.0,1,0,1,0,1,38000.0,0x16131fd152270046c00dcf9659f52e35ed55e898,0.0,0.0,0.038,0.0
9.503853,9.504,1,5,6,4,1,0.9999844276110662,0x4fafc9291a0112a0ee0928361c02848ff2fdf6bd,47.42274305555556,227.62916666666666,3.1679755000000003,3.774053768403611
0.0,9.503853,0,1,1,1,0,0.0,0xa57985a62902853ea6aba26ab020d025a4269501,0.0,0.0,9.503853,0.0
