eth_sent,eth_received,num_sent_txs,num_received_txs,total_txs,in_degree,out_degree,sent_received_ratio,address,account_age_days,avg_time_diff_hours,avg_tx_value,std_dev_tx_value
0.0995184662401805,0.0,1,0,1,0,1,99518.46624018051,0x7dc86a0adb45806b63091eaa4a0665d6faac84cf,0.0,0.0,0.0995184662401805,0.0
0.1,0.1995184662401805,3,2,5,2,2,0.5012042277600148,0x4f6589fcbf92e9bfcce14788a8c409f13b514e56,1.0981944444444445,6.589166666666666,0.059903693248036106,0.054684693468611295
0.1,0.0,1,0,1,0,1,100000.00000000001,0x4e1643d4455e9bb102e96e290ed166d3da253602,0.0,0.0,0.1,0.0
0.0,0.0,0,11205,11205,394,0,0.0,0xdac17f958d2ee523a2206206994597c13d831ec7,1959.5113425925927,4.197453786346146,0.0,0.0
0.0,0.1,0,1,1,1,0,0.0,0x9e4fb8184dcfbc5957b1e1d7ae91720d3e105873,0.0,0.0,0.1,0.0
