eth_sent,eth_received,num_sent_txs,num_received_txs,total_txs,address
0.003019,0.0,1,0,1,0xc883767d69e89f3ad566332326ded35c637990e9
0.0,0.003019,6,7,13,0x4f8c826b689d016f7353c5ef097b341aad700c26
