eth_sent,eth_received,num_sent_txs,num_received_txs,total_txs,address,account_age_days,avg_time_diff_hours,avg_tx_value,std_dev_tx_value
0.00099985680694204,0.0,4,0,4,0x354e9fa5c6ee7e6092158a8c1b203ccac932d66d,30.53097222222222,244.24777777777777,0.00024996420173551,0.0003338369085099012
0.0,0.00099985680694204,4,4,8,0x4f0bbe4ae9dd5b898f2df5cdae4c49dadd77d664,30.53236111111111,104.68238095238095,0.000124982100867755,0.00025615437553745533
0.0,0.0,0,5741,5741,0xa0b86991c6218b36c1d19d4a2e9eb0ce3606eb48,1915.7207175925926,8.009982094463803,0.0,0.0
