eth_sent,eth_received,num_sent_txs,num_received_txs,total_txs,address
0.0995184662401805,0.0,1,0,1,0x7dc86a0adb45806b63091eaa4a0665d6faac84cf
0.1,0.1995184662401805,3,2,5,0x4f6589fcbf92e9bfcce14788a8c409f13b514e56
0.1,0.0,1,0,1,0x4e1643d4455e9bb102e96e290ed166d3da253602
0.0,0.0,0,11205,11205,0xdac17f958d2ee523a2206206994597c13d831ec7
0.0,0.1,0,1,1,0x9e4fb8184dcfbc5957b1e1d7ae91720d3e105873
