eth_sent,eth_received,num_sent_txs,num_received_txs,total_txs,address
35.3393336734069,0.0,365,0,365,0x923f1b1b22b6da8a56a439dbeefe2580a5d4bfce
35.85812441857618,35.87676796707309,366,375,741,0x5193d205d90d2ef7934740569d1c4685c28c868d
0.2283589477610118,0.0,2,0,2,0x9e2a58d257963a276452fff1be94c0eb7e2775cc
0.30907534590518004,0.0,4,0,4,0xc41f97449724a0d2fdc09b7f130267dc2adc0003
0.0,0.0,4,0,4,0x92322b1b06c7c651e1724512e5c9cec809222fce
0.11422465,65.78871021837273,3,583,586,0xdfaa75323fb721e5f29d43859390f62cc4b600b8
