eth_sent,eth_received,num_sent_txs,num_received_txs,total_txs,address,account_age_days,avg_time_diff_hours,avg_tx_value,std_dev_tx_value
35.3393336734069,0.0,365,0,365,0x923f1b1b22b6da8a56a439dbeefe2580a5d4bfce,45.187222222222225,2.979377289377289,0.0968200922559093,0.025573586607059263
35.85812441857618,35.87676796707309,366,375,741,0x5193d205d90d2ef7934740569d1c4685c28c868d,45.187777777777775,1.4655495495495496,0.09680822184298146,0.026901433571514984
0.2283589477610118,0.0,2,0,2,0x9e2a58d257963a276452fff1be94c0eb7e2775cc,0.17902777777777779,4.296666666666667,0.1141794738805059,0.008155030345092676
0.30907534590518004,0.0,4,0,4,0xc41f97449724a0d2fdc09b7f130267dc2adc0003,1.6175,12.94,0.07726883647629501,0.003397059396496311
0.0,0.0,4,0,4,0x92322b1b06c7c651e1724512e5c9cec809222fce,2.310138888888889,18.48111111111111,0.0,0.0
0.11422465,65.78871021837273,3,583,586,0xdfaa75323fb721e5f29d43859390f62cc4b600b8,640.9611111111111,26.295840455840455,0.11246234619176233,0.06886410707449811
