eth_sent,eth_received,num_sent_txs,num_received_txs,total_txs,address
0.7,0.0,1,0,1,0xf7ff00b80d4e70f4c3a06e9740714881d253b9d8
0.7239132344409379,0.7057005399999999,5,2,7,0x52160a61c302809bbe88796410fc3bbc7d0d35f0
129.65836502,0.0,259,0,259,0x4976a4a02f38326660d17bf34b431dc6e2eb2327
0.0,9.91479989379739,0,71,71,0x4dbd4fc535ac27206064b68ffcf827b0a60bab3f
0.0,0.6433824044409379,0,2,2,0x047de8caa467771cbee6b4ee94f463905829f91d
0.0,0.0,0,9,9,0x0b9857ae2d4a3dbe74ffe1d7df045bb7f96e4840
0.0,0.04053083,0,1,1,0x015b006118116e84f5bb105f8f0a9a2bb9461a2d
