eth_sent,eth_received,num_sent_txs,num_received_txs,total_txs,address,account_age_days,avg_time_diff_hours,avg_tx_value,std_dev_tx_value
0.7,0.0,1,0,1,0xf7ff00b80d4e70f4c3a06e9740714881d253b9d8,0.0,0.0,0.7,0.0
0.7239132344409379,0.7057005399999999,5,2,7,0x52160a61c302809bbe88796410fc3bbc7d0d35f0,1366.6906597222223,5466.762638888889,0.2042305392058483,0.3190913905102011
129.65836502,0.0,259,0,259,0x4976a4a02f38326660d17bf34b431dc6e2eb2327,1395.5531365740742,129.81889642549527,0.500611447953668,1.5680482408800984
0.0,9.91479989379739,0,71,71,0x4dbd4fc535ac27206064b68ffcf827b0a60bab3f,1083.4539699074073,371.46993253968253,0.13964506892672382,0.4030941876300362
0.0,0.6433824044409379,0,2,2,0x047de8caa467771cbee6b4ee94f463905829f91d,396.0468287037037,9505.12388888889,0.32169120222046893,0.45015661884248775
0.0,0.0,0,9,9,0x0b9857ae2d4a3dbe74ffe1d7df045bb7f96e4840,1002.8333333333334,3008.5,0.0,0.0
0.0,0.04053083,0,1,1,0x015b006118116e84f5bb105f8f0a9a2bb9461a2d,0.0,0.0,0.04053083,0.0
