eth_sent,eth_received,num_sent_txs,num_received_txs,total_txs,address
29.381191467917375,29.2379712621,8,8,16,0x1077698fe94f7662127eb17ce387c64ea1b3f20d
14.690288319045308,29.381191467917375,4,8,12,0x53f1663487f3948a4a824d0b7a8b878faaac36e3
29.05719573,14.690288319045308,2,4,6,0xffe15ff598e719d29dfe5e1d60be1a5521a779ae
