eth_sent,eth_received,num_sent_txs,num_received_txs,total_txs,address,account_age_days,avg_time_diff_hours,avg_tx_value,std_dev_tx_value
29.381191467917375,29.2379712621,8,8,16,0x1077698fe94f7662127eb17ce387c64ea1b3f20d,115.96458333333334,185.54333333333332,3.6636976706260858,8.325769855047785
14.690288319045308,29.381191467917375,4,8,12,0x53f1663487f3948a4a824d0b7a8b878faaac36e3,115.91444444444444,252.90424242424243,3.6726233155802235,6.529568325888207
29.05719573,14.690288319045308,2,4,6,0xffe15ff598e719d29dfe5e1d60be1a5521a779ae,115.90430555555555,556.3406666666666,7.291247341507552,12.04366915404935
