eth_sent,eth_received,num_sent_txs,num_received_txs,total_txs,address
0.009545976957073217,0.007437000503013,11,8,19,0x5433e6ffdb68c5b4fe0781ab73e2d2be2ba73684
0.007437000503013,0.0,1,0,1,0x56d058370c5021989b46179a636e339b5841583e
0.0,0.001970443943519,0,1,1,0xf427cb6a04fa4dc9f037bf0d0c4afe348a7fc76c
0.0,0.00425,0,27,27,0xfe5fc40c15c67983694642f9a8711241157fdb0a
0.0,0.00108075907411042,0,25,25,0x565e79f526245cae4a8c130ad95c7a2778f3ab4b
0.0,0.007385785337067,0,1,1,0xd7697ceb959d9b168333188f138f634907312a20
