eth_sent,eth_received,num_sent_txs,num_received_txs,total_txs,in_degree,out_degree,sent_received_ratio,address,account_age_days,avg_time_diff_hours,avg_tx_value,std_dev_tx_value
1.1153251741590378,0.0,2,0,2,0,1,1115325.1741590379,0x7d437e77c8d9f609e877d8f1e2fbbc8aedcd6e32,1.4105555555555556,33.85333333333333,0.5576625870795189,0.6472326376386132
0.005,1.1153251741590378,17,2,19,1,2,0.0044829935097416935,0x5472fa9e02e94c404476aaae18a3788a9ba453dd,2.234166666666667,2.9788888888888887,0.05896448285047567,0.23271952775371563
0.0,0.005,0,1,1,1,0,0.0,0x1979a1640a79e786617f68d171c9fe00c5d443a5,0.0,0.0,0.005,0.0
0.0,0.0,0,11205,11205,394,0,0.0,0xdac17f958d2ee523a2206206994597c13d831ec7,1959.5113425925927,4.197453786346146,0.0,0.0
