eth_sent,eth_received,num_sent_txs,num_received_txs,total_txs,address,account_age_days,avg_time_diff_hours,avg_tx_value,std_dev_tx_value
0.0,0.0,90,0,90,0x44d1ca986e649e28cd6d84eada5097ef16df214a,292.98555555555555,79.00734082397004,0.0,0.0
0.0,0.0,0,89,89,0x54d28b26487e6529cf447434bccf439bea352e5d,282.37444444444446,77.01121212121213,0.0,0.0
