eth_sent,eth_received,num_sent_txs,num_received_txs,total_txs,address,account_age_days,avg_time_diff_hours,avg_tx_value,std_dev_tx_value
0.03652951294422321,0.0,12,0,12,0x7fca6f65b64c7c212e7e2b405bbe168bbcc682c8,2631.3914930555557,5741.217803030303,0.0030441260786852674,0.0017341474447881788
0.002329334651838,0.004,5,1,6,0x54a5c4352b1b4caed1e63704c4d9c211921c1a65,2631.4670601851853,12631.041888888889,0.0010548891086396668,0.001551525299243753
0.0,0.0,0,9,9,0xd6d62024d82b5bf4fe4a9e214991743d543f1673,0.001875,0.005625,0.0,0.0
0.0,0.0,0,8,8,0x17fc9b03c1a14874157ea8c64ea75cce02a18f70,0.028923611111111112,0.09916666666666667,0.0,0.0
0.0,0.0,0,9,9,0x72ebd5af462bc879013ee11fe47824ccc5d6196f,0.0009606481481481482,0.0028819444444444444,0.0,0.0
0.0,1.3033109298720165,0,923,923,0x31cf33ddff558495307ecf77b5d823c1e6efe593,0.35347222222222224,0.009201012292118583,0.0014120378438483385,0.0033806376127403226
