eth_sent,eth_received,num_sent_txs,num_received_txs,total_txs,address
1.1153251741590378,0.0,2,0,2,0x7d437e77c8d9f609e877d8f1e2fbbc8aedcd6e32
0.005,1.1153251741590378,17,2,19,0x5472fa9e02e94c404476aaae18a3788a9ba453dd
0.0,0.005,0,1,1,0x1979a1640a79e786617f68d171c9fe00c5d443a5
0.0,0.0,0,11205,11205,0xdac17f958d2ee523a2206206994597c13d831ec7
