eth_sent,eth_received,num_sent_txs,num_received_txs,total_txs,address,account_age_days,avg_time_diff_hours,avg_tx_value,std_dev_tx_value
7.203053489999999,171.90780760772694,17,152,169,0x45300136662dd4e58fc0df61e6290dffd992b785,486.9773611111111,69.56819444444444,1.0598275804599229,2.327107323105993
2.76837105356391,2.76873918,4,3,7,0x5425662696b4da15f6df074abf08a0e89571b632,64.66125,258.645,0.7910157476519871,0.6852185525237681
382.3806886357,0.9444430823469055,292,6,298,0x267be1c1d684f78cb4f6a176c4911b741e4ffdc0,2954.578622685185,238.75382809577255,1.2863259453625733,7.159234666486514
0.013,0.185257,1,1,2,0x759b9a9fa58b1c08325e1e2a83dec0264346e5e6,49.25666666666667,1182.16,0.09912850000000001,0.12180409280685112
0.0,0.001522,0,1,1,0x3367d9f6372d54822adbe4043602980487144879,0.0,0.0,0.001522,0.0
0.0,0.9138085908256348,0,1,1,0x78c7b27678f91cdfddc73b6d86384d709a45bd94,0.0,0.0,0.9138085908256348,0.0
0.0,1.667783462738275,0,1,1,0x2c688b1118025f777ccaa03806652ead28d2bc0c,0.0,0.0,1.667783462738275,0.0
