eth_sent,eth_received,num_sent_txs,num_received_txs,total_txs,address,account_age_days,avg_time_diff_hours,avg_tx_value,std_dev_tx_value
0.009545976957073217,0.007437000503013,11,8,19,0x5433e6ffdb68c5b4fe0781ab73e2d2be2ba73684,46.397083333333335,101.23,0.0008938409189519061,0.002340292604686709
0.007437000503013,0.0,1,0,1,0x56d058370c5021989b46179a636e339b5841583e,0.0,0.0,0.007437000503013,0.0
0.0,0.001970443943519,0,1,1,0xf427cb6a04fa4dc9f037bf0d0c4afe348a7fc76c,0.0,0.0,0.001970443943519,0.0
0.0,0.00425,0,27,27,0xfe5fc40c15c67983694642f9a8711241157fdb0a,9.8925,9.131538461538462,0.00015740740740740743,3.849001794597505e-05
0.0,0.00108075907411042,0,25,25,0x565e79f526245cae4a8c130ad95c7a2778f3ab4b,0.018472222222222223,0.018472222222222223,4.323036296441681e-05,3.3743733084283035e-06
0.0,0.007385785337067,0,1,1,0xd7697ceb959d9b168333188f138f634907312a20,0.0,0.0,0.007385785337067,0.0
