eth_sent,eth_received,num_sent_txs,num_received_txs,total_txs,address,account_age_days,avg_time_diff_hours,avg_tx_value,std_dev_tx_value
0.009349073533210999,0.007448904216891,11,10,21,0x55e30935110a2959b90f40f423da997005c78a7b,46.39875,101.23363636363635,0.0007999037023858095,0.0022402092135669046
0.007448904216891,0.0,1,0,1,0xd7f154baf499b905632049cbb86075b80e3b9f84,0.0,0.0,0.007448904216891,0.0
0.0,0.001970951276114,0,1,1,0xf7f744a4266c2ba0fc30ebf44efa6de5cbe05ae7,0.0,0.0,0.001970951276114,0.0
0.0,0.007378122257097,0,1,1,0xea24d42c497cdc7252a2ff5d72bc8440ae76946e,0.0,0.0,0.007378122257097,0.0
