eth_sent,eth_received,num_sent_txs,num_received_txs,total_txs,address
2.0,0.0,1,0,1,0x6d0d06693c9ca01b158a3105ee16e2c3dde8bc9f
2.0685856397867672,2.086472253540039,4,5,9,0x56f0e244ea07e894170731285daf8cf4864e368e
0.0121782119745104,0.011,1,1,2,0xad3366a19b237d6878c3e2c358b743a5467f7efa
0.0442940415655286,0.0,1,0,1,0x9a3bafbf7ffc4097f2b2e807805903623a90db85
0.02,0.0,1,0,1,0x440883846fbcd2aaa73b69fe0fed9bd68811e242
0.01,0.0,1,0,1,0x2331af609fb5f36dafe69c2e86ceb83b7a46f427
0.0,3.5597155372999505,0,4,4,0xc810169a85027e97394f320d0d047687affeb1d1
0.0,0.0589680589680589,0,1,1,0xee09510e2a08e434fcac273a841c0cd854afc86c
