eth_sent,eth_received,num_sent_txs,num_received_txs,total_txs,address
443.4285291300001,0.0,58,0,58,0xa7efae728d2936e78bda97dc267687568dd593f3
0.012285964362961399,0.01354,7,1,8,0x56e04c890b0602720d6d74ab610b614ac89e7c52
0.0,0.011520996177855092,0,17,17,0xb584d4be1a5470ca1a8778e9b86c81e165204599
0.0,0.0035870008,0,8,8,0x77a6ab7dc9096e7a311eb9bb4791494460f53c82
0.0,0.009733084223,0,1,1,0x5d1c584e830dc4c1e80bb49c2a18e8d3f0b1b3ed
0.0,0.0,0,51,51,0x26d85a13212433fe6a8381969c2b0db390a0b0ae
0.0,0.0005578799399614,0,1,1,0x4174cbcb4237221abd747fe2db41e468f4ba71d4
