eth_sent,eth_received,num_sent_txs,num_received_txs,total_txs,in_degree,out_degree,sent_received_ratio,address,account_age_days,avg_time_diff_hours,avg_tx_value,std_dev_tx_value
443.4285291300001,0.0,58,0,58,0,33,443428529.1300001,0xa7efae728d2936e78bda97dc267687568dd593f3,1181.7340509259259,497.5722319688109,7.645319467758621,46.024778694090415
0.012285964362961399,0.01354,7,1,8,1,5,0.9073158823544346,0x56e04c890b0602720d6d74ab610b614ac89e7c52,370.0036111111111,1268.5838095238096,0.0032282455453701746,0.005293163262829891
0.0,0.011520996177855092,0,17,17,9,0,0.0,0xb584d4be1a5470ca1a8778e9b86c81e165204599,735.1641666666667,1102.74625,0.0006777056575208878,0.0007517416976019084
0.0,0.0035870008,0,8,8,4,0,0.0,0x77a6ab7dc9096e7a311eb9bb4791494460f53c82,34.15277777777778,117.0952380952381,0.0004483751,0.00023586009018665527
0.0,0.009733084223,0,1,1,1,0,0.0,0x5d1c584e830dc4c1e80bb49c2a18e8d3f0b1b3ed,0.0,0.0,0.009733084223,0.0
0.0,0.0,0,51,51,45,0,0.0,0x26d85a13212433fe6a8381969c2b0db390a0b0ae,2.902361111111111,1.3931333333333333,0.0,0.0
0.0,0.0005578799399614,0,1,1,1,0,0.0,0x4174cbcb4237221abd747fe2db41e468f4ba71d4,0.0,0.0,0.0005578799399614,0.0
