eth_sent,eth_received,num_sent_txs,num_received_txs,total_txs,in_degree,out_degree,sent_received_ratio,address,account_age_days,avg_time_diff_hours,avg_tx_value,std_dev_tx_value
2.0,0.0,1,0,1,0,1,2000000.0,0x6d0d06693c9ca01b158a3105ee16e2c3dde8bc9f,0.0,0.0,2.0,0.0
2.0685856397867672,2.086472253540039,4,5,9,5,3,0.9914268664968877,0x56f0e244ea07e894170731285daf8cf4864e368e,25.79797453703704,77.3939236111111,0.46167309925853395,0.8591137350505876
0.0121782119745104,0.011,1,1,2,1,1,1.1070095422698303,0xad3366a19b237d6878c3e2c358b743a5467f7efa,0.1476736111111111,3.5441666666666665,0.0115891059872552,0.0008331216768514965
0.0442940415655286,0.0,1,0,1,0,1,44294.041565528605,0x9a3bafbf7ffc4097f2b2e807805903623a90db85,0.0,0.0,0.0442940415655286,0.0
0.02,0.0,1,0,1,0,1,20000.0,0x440883846fbcd2aaa73b69fe0fed9bd68811e242,0.0,0.0,0.02,0.0
0.01,0.0,1,0,1,0,1,10000.0,0x2331af609fb5f36dafe69c2e86ceb83b7a46f427,0.0,0.0,0.01,0.0
0.0,3.5597155372999505,0,4,4,2,0,0.0,0xc810169a85027e97394f320d0d047687affeb1d1,8.248819444444445,65.99055555555556,0.8899288843249876,0.8090361488486544
0.0,0.0589680589680589,0,1,1,1,0,0.0,0xee09510e2a08e434fcac273a841c0cd854afc86c,0.0,0.0,0.0589680589680589,0.0
