eth_sent,eth_received,num_sent_txs,num_received_txs,total_txs,address
0.0005181639231987999,0.0,13,0,13,0x828b684fbaa3f9d588ded8f361227f261577bb2d
0.0019799038130340002,0.0,58,0,58,0x1367a850998ccdcfd518dc9f64a60f9353c5474c
0.0,0.00016935359960650002,5,6,11,0x574159562a782eb2adb40e8d07980ba52c8bb7bf
0.0011960194160669999,0.0,39,0,39,0x6911d34a39b06c091c3253221c6b5786f9e3f92a
0.0,0.0,0,5,5,0x574be013006558d0a5682a6b0508f02d147377bf
