eth_sent,eth_received,num_sent_txs,num_received_txs,total_txs,address,account_age_days,avg_time_diff_hours,avg_tx_value,std_dev_tx_value
0.0005181639231987999,0.0,13,0,13,0x828b684fbaa3f9d588ded8f361227f261577bb2d,43.60166666666667,87.20333333333333,3.985876332298462e-05,3.835310315746786e-05
0.0019799038130340002,0.0,58,0,58,0x1367a850998ccdcfd518dc9f64a60f9353c5474c,56.75555555555555,23.89707602339181,3.413627263851724e-05,6.585256126398034e-05
0.0,0.00016935359960650002,5,6,11,0x574159562a782eb2adb40e8d07980ba52c8bb7bf,12.66611111111111,30.398666666666667,1.5395781782409094e-05,3.069266847472538e-05
0.0011960194160669999,0.0,39,0,39,0x6911d34a39b06c091c3253221c6b5786f9e3f92a,40.03597222222222,25.285877192982454,3.066716451453846e-05,4.544438899812622e-05
0.0,0.0,0,5,5,0x574be013006558d0a5682a6b0508f02d147377bf,9.140416666666667,54.8425,0.0,0.0
