eth_sent,eth_received,num_sent_txs,num_received_txs,total_txs,address,account_age_days,avg_time_diff_hours,avg_tx_value,std_dev_tx_value
17.271122313213592,0.0,42,0,42,0x580eed42e0f28ad8cb447827942b5c46719f970f,23.859861111111112,13.966747967479677,0.41121719793365696,0.3600971355629339
0.0,103.22197141190841,0,299,299,0x3328f7f4a1d1c57c35df56bbf0c9dcafca309c49,413.6423611111111,33.313478747203575,0.3452239846552121,0.6693289652437994
0.0,4.499249246250412,0,13,13,0xa11862326d9391f19cca45705a9ed8da958d2d26,23.674305555555556,47.34861111111111,0.3460960958654163,0.4916490710577515
0.0,1091.941335759052,0,5480,5480,0x7a250d5630b4cf539739df2c5dacb4c659f2488d,1854.3875925925927,8.122887793798544,0.19925936783924303,3.4350150712954384
0.0,0.0,0,1,1,0xe3538c96a4ff1454cf267e5a50987d7a4bb72d2a,0.0,0.0,0.0,0.0
0.0,0.0,0,3,3,0x8f6ee40abda4c358988750ffbaa8a7c8e6def675,0.16833333333333333,2.02,0.0,0.0
