eth_sent,eth_received,num_sent_txs,num_received_txs,total_txs,address,account_age_days,avg_time_diff_hours,avg_tx_value,std_dev_tx_value
0.0044,0.0,8,0,8,0x05775497b24ccd9fee025b86f1e3d46f746def11,0.001388888888888889,0.0047619047619047615,0.00055,0.0
3.0000000000000004e-05,0.0005800000000000001,11,11,22,0x5848ab3dbc3de31042db42ed35acf74f32e123cc,4.9061111111111115,10.704242424242425,2.7727272727272732e-05,0.00011673869143485407
0.0,0.0,0,51,51,0x26d85a13212433fe6a8381969c2b0db390a0b0ae,2.902361111111111,1.3931333333333333,0.0,0.0
