eth_sent,eth_received,num_sent_txs,num_received_txs,total_txs,address
17.271122313213592,0.0,42,0,42,0x580eed42e0f28ad8cb447827942b5c46719f970f
0.0,103.22197141190841,0,299,299,0x3328f7f4a1d1c57c35df56bbf0c9dcafca309c49
0.0,4.499249246250412,0,13,13,0xa11862326d9391f19cca45705a9ed8da958d2d26
0.0,1091.941335759052,0,5480,5480,0x7a250d5630b4cf539739df2c5dacb4c659f2488d
0.0,0.0,0,1,1,0xe3538c96a4ff1454cf267e5a50987d7a4bb72d2a
0.0,0.0,0,3,3,0x8f6ee40abda4c358988750ffbaa8a7c8e6def675
