eth_sent,eth_received,num_sent_txs,num_received_txs,total_txs,in_degree,out_degree,sent_received_ratio,address,account_age_days,avg_time_diff_hours,avg_tx_value,std_dev_tx_value
30.349568201292694,0.0567308016996215,279,13,292,7,80,534.9657033983319,0xf70da97812cb96acdf810712aa562db8dfa3dbef,541.1308333333334,44.6293470790378,0.10413116096915177,0.4757862062565904
0.0,0.0076776503599750995,7,4,11,4,3,0.0,0x598fd83d77d68a960ccedb4fdfb0a92f3d30f766,4.603472222222222,11.048333333333334,0.0006979682145431908,0.0011207134249185625
754.93533307,0.0,221,0,221,0,63,754935333.0699999,0x56eddb7aa87536c09ccc2793473599fd21a8b17f,1513.7317476851852,165.1343724747475,3.415996982217195,31.648237211748274
380.81854021000004,0.0,320,0,320,0,72,380818540.21000004,0x21a31ee1afc51d94c2efccaa2092ad1028285549,1532.7846412037038,115.31922065482411,1.1900579381562502,7.275906843913503
261.08561597000005,0.0,308,0,308,0,57,261085615.97000006,0xdfd5293d8e347dfe59e90efd55b2956a1343963d,1506.6719791666667,117.7854315960912,0.8476805713311688,4.911604496911626
0.0,0.0,0,11205,11205,394,0,0.0,0xdac17f958d2ee523a2206206994597c13d831ec7,1959.5113425925927,4.197453786346146,0.0,0.0
0.0,71.69771557070139,0,931,931,67,0,0.0,0x0000000000001ff3684f28c67538d4d072c22734,301.1926388888889,7.772713261648746,0.07701150974296604,1.0450143511542198
0.0,0.0,0,2,2,1,0,0.0,0xda9c657d8e3f2cb92ce71855a328d8a7affb557f,0.010277777777777778,0.24666666666666667,0.0,0.0
