eth_sent,eth_received,num_sent_txs,num_received_txs,total_txs,in_degree,out_degree,sent_received_ratio,address,account_age_days,avg_time_diff_hours,avg_tx_value,std_dev_tx_value
0.006,0.0,1,0,1,0,1,6000.0,0x6c42ec9b3e5a4fe59a6283ddfcf80d70ed7e3c24,0.0,0.0,0.006,0.0
0.0041,0.006,12,11,23,2,3,0.6832194634227629,0x595998e0d2d81b5bc453921299ed7f8dcd4eefa2,453.9611111111111,907.9222222222222,0.00043913043478260877,0.0014705407571968469
0.0,0.004,0,1,1,1,0,0.0,0xaf358a303cde8b5f7b8df3f13209e9c40a78cef9,0.0,0.0,0.004,0.0
0.0,79.06316259879999,0,260,260,28,0,0.0,0xb2ecfe4e4d61f8790bbb9de2d1259b9e2410cea5,755.8331944444444,70.03859716859716,0.30408908691846154,1.3008649687041043
