eth_sent,eth_received,num_sent_txs,num_received_txs,total_txs,address
2785.09719086,88.48972635484162,110,198,308,0xf89d7b9c864f589bbf53a82105107622b35eaa40
0.005540617612390101,0.00701897,9,5,14,0x59de90ebe32903399576d55c6b5cc7b69fc273c6
10.39707535,0.0,21,0,21,0x416299aade6443e6f6e8ab67126e65a7f606eef5
0.0,0.0,0,11205,11205,0xdac17f958d2ee523a2206206994597c13d831ec7
0.0,0.0022172693277753,0,1,1,0x7bd3062b3336e431a478a8dbcdb5fe5a4bf54cf9
0.0,0.0020105541162482,0,1,1,0x9a02d5d728ae0c0161daaed83ebe106c96c4948d
0.0,0.0013127941683666,0,1,1,0x1ba465854f622e622346701c75c1f99ce35846b6
