eth_sent,eth_received,num_sent_txs,num_received_txs,total_txs,address
30.349568201292694,0.0567308016996215,279,13,292,0xf70da97812cb96acdf810712aa562db8dfa3dbef
0.0,0.0076776503599750995,7,4,11,0x598fd83d77d68a960ccedb4fdfb0a92f3d30f766
754.93533307,0.0,221,0,221,0x56eddb7aa87536c09ccc2793473599fd21a8b17f
380.81854021000004,0.0,320,0,320,0x21a31ee1afc51d94c2efccaa2092ad1028285549
261.08561597000005,0.0,308,0,308,0xdfd5293d8e347dfe59e90efd55b2956a1343963d
0.0,0.0,0,11205,11205,0xdac17f958d2ee523a2206206994597c13d831ec7
0.0,71.69771557070139,0,931,931,0x0000000000001ff3684f28c67538d4d072c22734
0.0,0.0,0,2,2,0xda9c657d8e3f2cb92ce71855a328d8a7affb557f
