eth_sent,eth_received,num_sent_txs,num_received_txs,total_txs,address
0.009552909550588058,0.007439099422269,11,8,19,0x5a12c4f5f0691acd680916bda333136609c0360e
0.007439099422269,0.0,1,0,1,0xbfefd1b5b555d52e8e316e5f09fa41a8e8be959b
0.0,0.001969546853906,0,1,1,0x80060d177b7ccf5163f07dfd9d34bbcbf32d4024
0.0,0.00425,0,27,27,0xfe5fc40c15c67983694642f9a8711241157fdb0a
0.0,0.00108075907411042,0,25,25,0x565e79f526245cae4a8c130ad95c7a2778f3ab4b
0.0,0.007388083868253,0,1,1,0x540c6b432fc85a6df897438bedc311b95b9194e7
