eth_sent,eth_received,num_sent_txs,num_received_txs,total_txs,in_degree,out_degree,sent_received_ratio,address,account_age_days,avg_time_diff_hours,avg_tx_value,std_dev_tx_value
1.94744842,0.0,8,0,8,0,5,1947448.4200000002,0xef317e433b0836f294866d43f67d6871b609b351,39.669444444444444,136.0095238095238,0.24343105249999997,0.5720903756214121
0.0,0.0013214,4,1,5,1,1,0.0,0x5bd8a36a869356f3e667cd7d58a6528284e37946,0.03666666666666667,0.22,0.00026428,0.0005909480450936444
0.0,0.0,0,11205,11205,394,0,0.0,0xdac17f958d2ee523a2206206994597c13d831ec7,1959.5113425925927,4.197453786346146,0.0,0.0
