eth_sent,eth_received,num_sent_txs,num_received_txs,total_txs,address
1.94744842,0.0,8,0,8,0xef317e433b0836f294866d43f67d6871b609b351
0.0,0.0013214,4,1,5,0x5bd8a36a869356f3e667cd7d58a6528284e37946
0.0,0.0,0,11205,11205,0xdac17f958d2ee523a2206206994597c13d831ec7
