eth_sent,eth_received,num_sent_txs,num_received_txs,total_txs,address,account_age_days,avg_time_diff_hours,avg_tx_value,std_dev_tx_value
0.0035930307505059,0.005,5,1,6,0x5bef0ea5c3ffec241e61b62faa003a640e824c27,190.99694444444444,916.7853333333334,0.0014321717917509834,0.002262881955717428
0.005,0.0,1,0,1,0x4871de2f75464a6cf57463601b2f1f4e90dc2e6a,0.0,0.0,0.005,0.0
0.0,0.0,0,1358,1358,0xcc8cf44e196cab28dba2d514dc7353af0efb370e,7.925972222222223,0.14017931712110046,0.0,0.0
0.0,0.0,0,3,3,0xb9069ef582031fe646739d8c01f92f008652bcc8,1.8358333333333334,22.03,0.0,0.0
0.0,0.0,0,13,13,0x4c1746a800d224393fe2470c70a35717ed4ea5f1,192.06986111111112,384.13972222222225,0.0,0.0
0.0,0.0035930307505059,0,1,1,0x3edcd01fd25a052df01767aeb0343607efcaa8d3,0.0,0.0,0.0035930307505059,0.0
