eth_sent,eth_received,num_sent_txs,num_received_txs,total_txs,address
0.0035930307505059,0.005,5,1,6,0x5bef0ea5c3ffec241e61b62faa003a640e824c27
0.005,0.0,1,0,1,0x4871de2f75464a6cf57463601b2f1f4e90dc2e6a
0.0,0.0,0,1358,1358,0xcc8cf44e196cab28dba2d514dc7353af0efb370e
0.0,0.0,0,3,3,0xb9069ef582031fe646739d8c01f92f008652bcc8
0.0,0.0,0,13,13,0x4c1746a800d224393fe2470c70a35717ed4ea5f1
0.0,0.0035930307505059,0,1,1,0x3edcd01fd25a052df01767aeb0343607efcaa8d3
