eth_sent,eth_received,num_sent_txs,num_received_txs,total_txs,address
0.022794494292203402,0.029507622696823214,14,19,33,0x2c8d512dfaaec1ca447136d5022814d5af3ebeb9
0.0051223071537605,0.0093930080940579,5,6,11,0x5bdc10c3a90b4b158cab9b4141be1edf63213f33
0.0018680345661116,0.0018667094765373,1,1,2,0x93cb0ec28b730286477b2e8173329b459893d012
0.0086620739480169,0.0,3,0,3,0xe8dc00adfc5f9a183e1ede36007275292a562760
0.0015940891175521,0.0,1,0,1,0x44857ffec38a25c64da06d91a9c8f48760371113
0.005059291969176,0.0,1,0,1,0x27e7961016f45a7f876e7f50a149fd88ff654d0b
