eth_sent,eth_received,num_sent_txs,num_received_txs,total_txs,address,account_age_days,avg_time_diff_hours,avg_tx_value,std_dev_tx_value
14.350000000000001,0.0,5,0,5,0xa67525249fb0d55bf5967c4b8f60e04135e4ea4e,51.98027777777778,311.88166666666666,2.87,1.6316402789830853
0.0,0.0,1,0,1,0xa6704e652ff609bde47493702a3a5c147fbf3a4e,0.0,0.0,0.0,0.0
14.334400603999999,14.350000000000001,16,6,22,0x5ce8fd7a5ce1d4952d7de1909eeb9e1f8c3522ab,51.98861111111111,59.41555555555556,1.303836391090909,1.775815819375696
1180.83604998,16032.761666857281,297,237,534,0x28c6c06298d514db089934071355e5743bf21d60,1532.6296527777777,69.01146654158849,32.23520171692374,74.22571340519141
0.0,0.0,0,181,181,0x6982508145454ce325ddbe47a25d4ec3d2311933,834.1009722222223,111.21346296296296,0.0,0.0
0.0,0.0,0,40,40,0x7fc66500c84a76ad7e9c93437bfc5ac33e2ddae9,1571.6195601851853,967.1504985754987,0.0,0.0
0.0,0.0,0,5741,5741,0xa0b86991c6218b36c1d19d4a2e9eb0ce3606eb48,1915.7207175925926,8.009982094463803,0.0,0.0
0.0,0.0,0,61,61,0x1f9840a85d5af5bf1d1762f925bdaddc4201f984,1778.612060185185,711.4448240740741,0.0,0.0
0.0,0.0,0,99,99,0x57e114b691db790c35207b2e685d4a43181e6061,486.1823611111111,119.06506802721088,0.0,0.0
