eth_sent,eth_received,num_sent_txs,num_received_txs,total_txs,address
7.271597014539179,0.03145,25,1,26,0x5c09b921611191a49a862977184fcee1d2d79c5f
382.3806886357,0.9444430823469055,292,6,298,0x267be1c1d684f78cb4f6a176c4911b741e4ffdc0
0.0,0.0,0,11205,11205,0xdac17f958d2ee523a2206206994597c13d831ec7
0.0,370.9676023162886,0,581,581,0x111111125421ca6dc452d289314280a0f8842a65
0.0,0.0,0,5741,5741,0xa0b86991c6218b36c1d19d4a2e9eb0ce3606eb48
0.0,71.69771557070139,0,931,931,0x0000000000001ff3684f28c67538d4d072c22734
0.0,7.244647538457557,0,1,1,0xd075662633f49b12a26ab53c794030dcc8696d0a
0.0,140.13276073902253,0,168,168,0xb685760ebd368a891f27ae547391f4e2a289895b
