eth_sent,eth_received,num_sent_txs,num_received_txs,total_txs,in_degree,out_degree,sent_received_ratio,address,account_age_days,avg_time_diff_hours,avg_tx_value,std_dev_tx_value
7.271597014539179,0.03145,25,1,26,1,6,231.20400033509836,0x5c09b921611191a49a862977184fcee1d2d79c5f,22.050416666666667,21.168400000000002,0.28088642363612226,1.4203563859212216
382.3806886357,0.9444430823469055,292,6,298,3,52,404.87382554772256,0x267be1c1d684f78cb4f6a176c4911b741e4ffdc0,2954.578622685185,238.75382809577255,1.2863259453625733,7.159234666486514
0.0,0.0,0,11205,11205,394,0,0.0,0xdac17f958d2ee523a2206206994597c13d831ec7,1959.5113425925927,4.197453786346146,0.0,0.0
0.0,370.9676023162886,0,581,581,59,0,0.0,0x111111125421ca6dc452d289314280a0f8842a65,515.0973611111111,21.314373563218393,0.638498454933371,9.326392767410253
0.0,0.0,0,5741,5741,312,0,0.0,0xa0b86991c6218b36c1d19d4a2e9eb0ce3606eb48,1915.7207175925926,8.009982094463803,0.0,0.0
0.0,71.69771557070139,0,931,931,67,0,0.0,0x0000000000001ff3684f28c67538d4d072c22734,301.1926388888889,7.772713261648746,0.07701150974296604,1.0450143511542198
0.0,7.244647538457557,0,1,1,1,0,0.0,0xd075662633f49b12a26ab53c794030dcc8696d0a,0.0,0.0,7.244647538457557,0.0
0.0,140.13276073902253,0,168,168,18,0,0.0,0xb685760ebd368a891f27ae547391f4e2a289895b,270.09319444444446,38.81578842315369,0.8341235758275152,1.340330386527655
