eth_sent,eth_received,num_sent_txs,num_received_txs,total_txs,address,account_age_days,avg_time_diff_hours,avg_tx_value,std_dev_tx_value
0.035,0.0,1,0,1,0x6bccf642b6bcb4e0c8ac490ead141dedd03a4c4f,0.0,0.0,0.035,0.0
0.16999999999999998,0.035,7,1,8,0x5c4953af4bc3cfcefc1fc57703bbf99dbd925930,1911.4671759259259,6553.601746031746,0.025625000000000002,0.01953705270943979
0.0,0.08,0,2,2,0xbcf935d206ca32929e1b887a07ed240f0d8ccd22,4.990833333333334,119.78,0.04,0.014142135623730954
0.0,0.05,0,1,1,0x5acc84a3e955bdd76467d3348077d003f00ffb97,0.0,0.0,0.05,0.0
0.0,0.04,0,2,2,0x8554e2599ff12539215ecc02ffbe2e208cdb1823,78.12443287037037,1874.986388888889,0.02,0.0
0.0,0.0,0,11205,11205,0xdac17f958d2ee523a2206206994597c13d831ec7,1959.5113425925927,4.197453786346146,0.0,0.0
