eth_sent,eth_received,num_sent_txs,num_received_txs,total_txs,address
1.29644168,0.0,3,0,3,0xde2faca4bbc0aca08ff04d387c39b6f6325bf82a
0.5012082680804737,0.31079903999999997,8,3,11,0x5d6bbf7012eeaeb0b2abee27c3408d160a2e5dbd
6.2380582906379995,4466.4088900013485,66,110,176,0x1ab4973a48dc892cd9971ece8e01dcc7688f8f23
0.0,383.1798895123511,0,2075,2075,0x66a9893cc07d91d95644aedd05d03f95e1dba8af
0.0,0.0,0,1,1,0x230f5ed78a45452f726365b8ad1d6866f5faa68f
0.0,0.1830635010277285,0,1,1,0x7a17e3be58a60eed513b982c4738f7de6096a6bd
0.089296857484,0.10617797727756711,3,4,7,0xd667a0b33bc210dbced5dc17051da6204bb5f4d3
