eth_sent,eth_received,num_sent_txs,num_received_txs,total_txs,in_degree,out_degree,sent_received_ratio,address,account_age_days,avg_time_diff_hours,avg_tx_value,std_dev_tx_value
2785.09719086,88.48972635484162,110,198,308,4,41,31.47367806538525,0xf89d7b9c864f589bbf53a82105107622b35eaa40,989.0069444444445,77.31650380021716,9.329827653294942,52.24859152435264
0.0704181517264453,0.00797093,26,2,28,2,3,8.833262676220855,0x5e49280417f50674ce4a3cc051b47086cbab95d1,102.67875,91.27,0.002799610061658761,0.013296159077798908
6.2380582906379995,4466.4088900013485,66,110,176,8,24,0.0013966608169722354,0x1ab4973a48dc892cd9971ece8e01dcc7688f8f23,560.7894444444445,76.90826666666666,25.412766751659024,46.3532283537195
0.0,0.0,0,11205,11205,394,0,0.0,0xdac17f958d2ee523a2206206994597c13d831ec7,1959.5113425925927,4.197453786346146,0.0,0.0
0.0,0.0704181517264453,0,1,1,1,0,0.0,0xa179d86c9135c94ccff116be27cd30f6458131a2,0.0,0.0,0.0704181517264453,0.0
0.0,0.0,0,5741,5741,312,0,0.0,0xa0b86991c6218b36c1d19d4a2e9eb0ce3606eb48,1915.7207175925926,8.009982094463803,0.0,0.0
