eth_sent,eth_received,num_sent_txs,num_received_txs,total_txs,address
2785.09719086,88.48972635484162,110,198,308,0xf89d7b9c864f589bbf53a82105107622b35eaa40
0.0704181517264453,0.00797093,26,2,28,0x5e49280417f50674ce4a3cc051b47086cbab95d1
6.2380582906379995,4466.4088900013485,66,110,176,0x1ab4973a48dc892cd9971ece8e01dcc7688f8f23
0.0,0.0,0,11205,11205,0xdac17f958d2ee523a2206206994597c13d831ec7
0.0,0.0704181517264453,0,1,1,0xa179d86c9135c94ccff116be27cd30f6458131a2
0.0,0.0,0,5741,5741,0xa0b86991c6218b36c1d19d4a2e9eb0ce3606eb48
