eth_sent,eth_received,num_sent_txs,num_received_txs,total_txs,address
8.14675428,0.0,34,0,34,0x74dec05e5b894b0efec69cdf6316971802a2f9a1
7.535641548748585,7.537740010382078,70,77,147,0x5f44edcd5a685771734565da08f7ed9d028cffa6
0.49480073712893013,0.0,28,0,28,0x580bb1dfd83b4a0e522fd7bf93e5962cb84dcf34
0.28311961605778996,0.0,11,0,11,0x8f8d1206d1bce12ff892731f8a140ed18b93884e
1.3894726619463649,0.0,61,0,61,0x0ada3111b866ff1ad0477f0c5d2e8ed35a36eb5b
0.0,15.664700689096794,0,342,342,0xa26148ae51fa8e787df319c04137602cc018b521
