eth_sent,eth_received,num_sent_txs,num_received_txs,total_txs,address
0.0,0.0,262,0,262,0xf24246e0d5399ea85dbdadcfdbc9e8f14490db58
0.0,0.0,2,0,2,0x690d0dc805728233975cd6ca24b382a648da98c3
0.0285858945327012,0.0,2,0,2,0x0085daf1eafb2d9b60ef1222bc556d5b5f91f0fa
0.0,0.0285858945327012,0,5,5,0x5f6ab160206bc6a5d663ca5d0f237d82c572272b
