eth_sent,eth_received,num_sent_txs,num_received_txs,total_txs,in_degree,out_degree,sent_received_ratio,address,account_age_days,avg_time_diff_hours,avg_tx_value,std_dev_tx_value
25.387290280000002,0.0,491,0,491,0,14,25387290.280000005,0xb23360ccdd9ed1b15d45e5d3824bb409c8d7c460,807.0229166666667,39.52765306122449,0.05170527551934827,0.19580013150522838
0.30169,0.30194927,17,2,19,1,4,0.9991380368694489,0x5f040678943a8ad96bd9b6a4c3f0bc4699094e05,148.99625,198.66166666666666,0.03177048789473684,0.06562696848740687
0.0,0.55169,0,6,6,3,0,0.0,0x31d70b48f653d487981076f02becfbb8f46daf3f,154.0701388888889,739.5366666666666,0.09194833333333334,0.08913020058693162
0.0,0.0,0,26,26,3,0,0.0,0x66b0fa76a0f54a04ffb7bf1bed1e1b009af9c908,38.60041666666667,37.056400000000004,0.0,0.0
0.0,0.0,0,7,7,4,0,0.0,0xe0b7ad7f8f26e2b00c8b47b5df370f15f90fcf48,34.134027777777774,136.5361111111111,0.0,0.0
0.0,71.69771557070139,0,931,931,67,0,0.0,0x0000000000001ff3684f28c67538d4d072c22734,301.1926388888889,7.772713261648746,0.07701150974296604,1.0450143511542198
