eth_sent,eth_received,num_sent_txs,num_received_txs,total_txs,address
25.387290280000002,0.0,491,0,491,0xb23360ccdd9ed1b15d45e5d3824bb409c8d7c460
0.30169,0.30194927,17,2,19,0x5f040678943a8ad96bd9b6a4c3f0bc4699094e05
0.0,0.55169,0,6,6,0x31d70b48f653d487981076f02becfbb8f46daf3f
0.0,0.0,0,26,26,0x66b0fa76a0f54a04ffb7bf1bed1e1b009af9c908
0.0,0.0,0,7,7,0xe0b7ad7f8f26e2b00c8b47b5df370f15f90fcf48
0.0,71.69771557070139,0,931,931,0x0000000000001ff3684f28c67538d4d072c22734
