eth_sent,eth_received,num_sent_txs,num_received_txs,total_txs,address,account_age_days,avg_time_diff_hours,avg_tx_value,std_dev_tx_value
0.0005181639231987999,0.0,13,0,13,0x828b684fbaa3f9d588ded8f361227f261577bb2d,43.60166666666667,87.20333333333333,3.985876332298462e-05,3.835310315746786e-05
0.0,0.0005704720184754,9,8,17,0x5f147e509edac59aef344fa368401149d858c3e8,56.371944444444445,84.55791666666667,3.3557177557376466e-05,9.118693533973901e-05
0.0005728816382246,0.0,2,0,2,0x633dcf31bb890b26279c9a0480754dc09e27c01e,2.3343055555555554,56.02333333333333,0.0002864408191123,0.00010904450296843924
0.0019799038130340002,0.0,58,0,58,0x1367a850998ccdcfd518dc9f64a60f9353c5474c,56.75555555555555,23.89707602339181,3.413627263851724e-05,6.585256126398034e-05
0.0,0.0,0,6,6,0x413e0512d336e45690363104ea28a3a859ec1375,31.93263888888889,153.27666666666667,0.0,0.0
0.0,0.0,0,5741,5741,0xa0b86991c6218b36c1d19d4a2e9eb0ce3606eb48,1915.7207175925926,8.009982094463803,0.0,0.0
0.0,0.0,0,2,2,0x15dc34aa6ee58e3d56ffda7d45889cd8cd33ee29,0.10777777777777778,2.5866666666666664,0.0,0.0
