eth_sent,eth_received,num_sent_txs,num_received_txs,total_txs,address,account_age_days,avg_time_diff_hours,avg_tx_value,std_dev_tx_value
8.14675428,0.0,34,0,34,0x74dec05e5b894b0efec69cdf6316971802a2f9a1,980.9090277777777,713.3883838383838,0.23961042,0.2301155986313206
7.535641548748585,7.537740010382078,70,77,147,0x5f44edcd5a685771734565da08f7ed9d028cffa6,25.464305555555555,4.185913242009132,0.10254001060633104,0.13294751722143922
0.49480073712893013,0.0,28,0,28,0x580bb1dfd83b4a0e522fd7bf93e5962cb84dcf34,70.20569444444445,62.40506172839506,0.017671454897461792,0.011446479717056183
0.28311961605778996,0.0,11,0,11,0x8f8d1206d1bce12ff892731f8a140ed18b93884e,7.780138888888889,18.67233333333333,0.02573814691434454,0.018465627598536045
1.3894726619463649,0.0,61,0,61,0x0ada3111b866ff1ad0477f0c5d2e8ed35a36eb5b,182.77333333333334,73.10933333333332,0.022778240359776474,0.01801438996142282
0.0,15.664700689096794,0,342,342,0xa26148ae51fa8e787df319c04137602cc018b521,126.59041666666667,8.90958944281525,0.04580321838917191,0.07843889172723464
