eth_sent,eth_received,num_sent_txs,num_received_txs,total_txs,address
0.0005181639231987999,0.0,13,0,13,0x828b684fbaa3f9d588ded8f361227f261577bb2d
0.0,0.0005704720184754,9,8,17,0x5f147e509edac59aef344fa368401149d858c3e8
0.0005728816382246,0.0,2,0,2,0x633dcf31bb890b26279c9a0480754dc09e27c01e
0.0019799038130340002,0.0,58,0,58,0x1367a850998ccdcfd518dc9f64a60f9353c5474c
0.0,0.0,0,6,6,0x413e0512d336e45690363104ea28a3a859ec1375
0.0,0.0,0,5741,5741,0xa0b86991c6218b36c1d19d4a2e9eb0ce3606eb48
0.0,0.0,0,2,2,0x15dc34aa6ee58e3d56ffda7d45889cd8cd33ee29
