eth_sent,eth_received,num_sent_txs,num_received_txs,total_txs,address
11.0025,0.0,44,0,44,0x151b381058f91cf871e7ea1ee83c45326f61e96d
6.09385441450473,0.04285750597752,98,4,102,0x60720c9ded419ef50af31fa6cb704aa301ce4bdd
16.562199999999997,0.0,69,0,69,0x8216874887415e2650d12d53ff53516f04a74fd7
0.019946270904292997,0.0,2,0,2,0x911a978f0cac392079b51db03e6f3027dfe6f96e
0.11422465,65.78871021837273,3,583,586,0xdfaa75323fb721e5f29d43859390f62cc4b600b8
0.0,0.0,0,5741,5741,0xa0b86991c6218b36c1d19d4a2e9eb0ce3606eb48
