eth_sent,eth_received,num_sent_txs,num_received_txs,total_txs,address
0.0714828618654807,0.0,2,0,2,0x8082073db46048bd49bc209714b87b5dd497f917
0.7470829769038618,0.7519878418654806,3,4,7,0x60624a13421e9b04a59547393682bf78365d1fcf
380.81854021000004,0.0,320,0,320,0x21a31ee1afc51d94c2efccaa2092ad1028285549
1180.83604998,16032.761666857281,297,237,534,0x28c6c06298d514db089934071355e5743bf21d60
0.0,1973.5586073366694,0,63,63,0xfa52274dd61e1643d2205169732f29114bc240b3
382.3806886357,0.9444430823469055,292,6,298,0x267be1c1d684f78cb4f6a176c4911b741e4ffdc0
