eth_sent,eth_received,num_sent_txs,num_received_txs,total_txs,in_degree,out_degree,sent_received_ratio,address,account_age_days,avg_time_diff_hours,avg_tx_value,std_dev_tx_value
0.0714828618654807,0.0,2,0,2,0,1,71482.86186548069,0x8082073db46048bd49bc209714b87b5dd497f917,0.012083333333333333,0.29,0.03574143093274035,0.016921539680212424
0.7470829769038618,0.7519878418654806,3,4,7,3,2,0.9934761466015257,0x60624a13421e9b04a59547393682bf78365d1fcf,1580.9144791666668,6323.657916666667,0.21415297410990605,0.28481587284029974
380.81854021000004,0.0,320,0,320,0,72,380818540.21000004,0x21a31ee1afc51d94c2efccaa2092ad1028285549,1532.7846412037038,115.31922065482411,1.1900579381562502,7.275906843913503
1180.83604998,16032.761666857281,297,237,534,8,72,0.07365144411441965,0x28c6c06298d514db089934071355e5743bf21d60,1532.6296527777777,69.01146654158849,32.23520171692374,74.22571340519141
0.0,1973.5586073366694,0,63,63,2,0,0.0,0xfa52274dd61e1643d2205169732f29114bc240b3,1096.3863657407408,424.4076254480287,31.326327100582056,19.574112689232425
382.3806886357,0.9444430823469055,292,6,298,3,52,404.87382554772256,0x267be1c1d684f78cb4f6a176c4911b741e4ffdc0,2954.578622685185,238.75382809577255,1.2863259453625733,7.159234666486514
