eth_sent,eth_received,num_sent_txs,num_received_txs,total_txs,address,account_age_days,avg_time_diff_hours,avg_tx_value,std_dev_tx_value
11.0025,0.0,44,0,44,0x151b381058f91cf871e7ea1ee83c45326f61e96d,1073.988298611111,599.4353294573643,0.2500568181818182,0.39345316224763505
6.09385441450473,0.04285750597752,98,4,102,0x60720c9ded419ef50af31fa6cb704aa301ce4bdd,182.02555555555554,43.25359735973597,0.06016384235766913,0.0440289895920801
16.562199999999997,0.0,69,0,69,0x8216874887415e2650d12d53ff53516f04a74fd7,1076.0808796296296,379.7932516339869,0.24003188405797102,0.4516020210750226
0.019946270904292997,0.0,2,0,2,0x911a978f0cac392079b51db03e6f3027dfe6f96e,142.39263888888888,3417.423333333333,0.009973135452146498,2.2103414989562565e-05
0.11422465,65.78871021837273,3,583,586,0xdfaa75323fb721e5f29d43859390f62cc4b600b8,640.9611111111111,26.295840455840455,0.11246234619176233,0.06886410707449811
0.0,0.0,0,5741,5741,0xa0b86991c6218b36c1d19d4a2e9eb0ce3606eb48,1915.7207175925926,8.009982094463803,0.0,0.0
