eth_sent,eth_received,num_sent_txs,num_received_txs,total_txs,address
229.51728115407397,0.0,656,0,656,0x46340b20830761efd32832a74d7169b29feb9758
2.4692181604936008,2.479625,1,4,5,0x61917a7f36a856219dab643e84d083e1205ab785
0.0,2.4692181604936008,0,1,1,0x5e55bfafaa40edc12f5a677de525c6fc79e9153d
