eth_sent,eth_received,num_sent_txs,num_received_txs,total_txs,address,account_age_days,avg_time_diff_hours,avg_tx_value,std_dev_tx_value
0.0149357660154493,0.0,1,0,1,0x596aea315475ccf8290ede5d8404fe26061502e9,0.0,0.0,0.0149357660154493,0.0
0.283947173208,0.0149357660154493,14,1,15,0x613e0f5a5bd1ea0659a1e05b7a38f0da22cd7915,317.05583333333334,543.5242857142857,0.019925529281563287,0.005765811992255877
6.2380582906379995,4466.4088900013485,66,110,176,0x1ab4973a48dc892cd9971ece8e01dcc7688f8f23,560.7894444444445,76.90826666666666,25.412766751659024,46.3532283537195
