eth_sent,eth_received,num_sent_txs,num_received_txs,total_txs,address
0.0149357660154493,0.0,1,0,1,0x596aea315475ccf8290ede5d8404fe26061502e9
0.283947173208,0.0149357660154493,14,1,15,0x613e0f5a5bd1ea0659a1e05b7a38f0da22cd7915
6.2380582906379995,4466.4088900013485,66,110,176,0x1ab4973a48dc892cd9971ece8e01dcc7688f8f23
