eth_sent,eth_received,num_sent_txs,num_received_txs,total_txs,address,account_age_days,avg_time_diff_hours,avg_tx_value,std_dev_tx_value
229.51728115407397,0.0,656,0,656,0x46340b20830761efd32832a74d7169b29feb9758,1742.6767708333334,63.85380534351145,0.3498739041982835,0.8540319028239794
2.4692181604936008,2.479625,1,4,5,0x61917a7f36a856219dab643e84d083e1205ab785,9.77625,58.6575,0.98976863209872,0.9075498014433621
0.0,2.4692181604936008,0,1,1,0x5e55bfafaa40edc12f5a677de525c6fc79e9153d,0.0,0.0,2.4692181604936008,0.0
