eth_sent,eth_received,num_sent_txs,num_received_txs,total_txs,address
7.262441151345603,2.5616587418454353,150,22,172,0x67af802f935145319a2ba983c063da998d828d5c
0.37788625081204513,0.24,8,2,10,0x6286f71b77ccba22abd569d13bdbf6b4f48fd5a0
0.0,51.37316875264784,0,175,175,0x80a64c6d7f12c47b7c66c5b4e20e72bc1fcd5d9e
0.0,0.0,0,6,6,0x2800144a491136d025b8dab17b11df2aa4e700ea
0.0,103.22197141190841,0,299,299,0x3328f7f4a1d1c57c35df56bbf0c9dcafca309c49
