eth_sent,eth_received,num_sent_txs,num_received_txs,total_txs,address
3.5822718301309564,3.685894808825088,86,88,174,0x623a45039fe8eb067818c4742cc42353d8bf18da
1.4863939031489941,0.0,25,0,25,0x6081258689a75d253d87ce902a8de3887239fe80
0.0,0.0273350213058693,0,1,1,0xf00bd0fb0efeaaeee2ec8e0d8cf2cc348a083d1a
