eth_sent,eth_received,num_sent_txs,num_received_txs,total_txs,address,account_age_days,avg_time_diff_hours,avg_tx_value,std_dev_tx_value
3.5822718301309564,3.685894808825088,86,88,174,0x623a45039fe8eb067818c4742cc42353d8bf18da,9.329583333333334,2.544431818181818,0.041771072637678416,0.06004965955408855
1.4863939031489941,0.0,25,0,25,0x6081258689a75d253d87ce902a8de3887239fe80,1082.9466898148148,1082.9466898148148,0.059455756125959755,0.04213432714087648
0.0,0.0273350213058693,0,1,1,0xf00bd0fb0efeaaeee2ec8e0d8cf2cc348a083d1a,0.0,0.0,0.0273350213058693,0.0
