eth_sent,eth_received,num_sent_txs,num_received_txs,total_txs,in_degree,out_degree,sent_received_ratio,address,account_age_days,avg_time_diff_hours,avg_tx_value,std_dev_tx_value
7.262441151345603,2.5616587418454353,150,22,172,10,58,2.835053005952186,0x67af802f935145319a2ba983c063da998d828d5c,71.53611111111111,10.040155945419103,0.05711685984413393,0.07312659467204115
0.37788625081204513,0.24,8,2,10,1,4,1.5745194845523358,0x6286f71b77ccba22abd569d13bdbf6b4f48fd5a0,0.5052777777777778,1.3474074074074074,0.06178862508120451,0.061356415789850884
0.0,51.37316875264784,0,175,175,17,0,0.0,0x80a64c6d7f12c47b7c66c5b4e20e72bc1fcd5d9e,603.8816666666667,83.29402298850574,0.29356096430084483,0.32116860242078266
0.0,0.0,0,6,6,4,0,0.0,0x2800144a491136d025b8dab17b11df2aa4e700ea,0.5338888888888889,2.562666666666667,0.0,0.0
0.0,103.22197141190841,0,299,299,22,0,0.0,0x3328f7f4a1d1c57c35df56bbf0c9dcafca309c49,413.6423611111111,33.313478747203575,0.3452239846552121,0.6693289652437994
