eth_sent,eth_received,num_sent_txs,num_received_txs,total_txs,address
0.007498475,0.0,1,0,1,0x0b9f5202b50f826e17312f5b0350e401c2ca2bfe
0.005608794,0.007498475,4,1,5,0x63cfa80bbbee233a4257857dcdc9d78cbc8efe37
0.0,0.0,0,5,5,0x9992ec3cf6a55b00978cddf2b27bc6882d88d1ec
0.0,0.0,0,6,6,0xfa1a856cfa3409cfa145fa4e20eb270df3eb21ab
0.0,0.005608794,0,1,1,0xaf927d3d9f03b22302200239c54646287b168b6a
