eth_sent,eth_received,num_sent_txs,num_received_txs,total_txs,in_degree,out_degree,sent_received_ratio,address,account_age_days,avg_time_diff_hours,avg_tx_value,std_dev_tx_value
0.007498475,0.0,1,0,1,0,1,7498.475,0x0b9f5202b50f826e17312f5b0350e401c2ca2bfe,0.0,0.0,0.007498475,0.0
0.005608794,0.007498475,4,1,5,1,3,0.7478915524086687,0x63cfa80bbbee233a4257857dcdc9d78cbc8efe37,63.47400462962963,380.8440277777778,0.0026214538000000004,0.0036512188832083458
0.0,0.0,0,5,5,4,0,0.0,0x9992ec3cf6a55b00978cddf2b27bc6882d88d1ec,78.66530092592592,471.9918055555556,0.0,0.0
0.0,0.0,0,6,6,5,0,0.0,0xfa1a856cfa3409cfa145fa4e20eb270df3eb21ab,78.65881944444445,377.5623333333333,0.0,0.0
0.0,0.005608794,0,1,1,1,0,0.0,0xaf927d3d9f03b22302200239c54646287b168b6a,0.0,0.0,0.005608794,0.0
