eth_sent,eth_received,num_sent_txs,num_received_txs,total_txs,in_degree,out_degree,sent_received_ratio,address,account_age_days,avg_time_diff_hours,avg_tx_value,std_dev_tx_value
7.683563500985393,0.0,46,0,46,0,1,7683563.500985393,0x1020dddf28736eaec77b1b30fff096b5dfad0e37,317.01222222222225,169.0731851851852,0.16703398915185638,0.2271349247771274
7.572370739132199,7.683563500985393,34,46,80,1,2,0.985528362280432,0x637b616496edcdc4390cbfeec309eabc1401a9a0,317.01222222222225,96.30751054852321,0.1906991780014699,0.2458746709376798
0.0,57.25546178377093,0,156,156,8,0,0.0,0xa9d1e08c7793af67e9d92fe308d5697fb81d3e43,1049.5906944444444,162.5172688172043,0.3670221909216085,1.0681271559086087
16.23812105,114.44065280072387,64,207,271,9,21,0.14189119435017847,0xb5d85cbf7cb3ee0d56b3bb207d5fc4b82f43f511,1548.9310763888889,137.682762345679,0.4822094976041471,1.3153665320797294
