eth_sent,eth_received,num_sent_txs,num_received_txs,total_txs,address
7.683563500985393,0.0,46,0,46,0x1020dddf28736eaec77b1b30fff096b5dfad0e37
7.572370739132199,7.683563500985393,34,46,80,0x637b616496edcdc4390cbfeec309eabc1401a9a0
0.0,57.25546178377093,0,156,156,0xa9d1e08c7793af67e9d92fe308d5697fb81d3e43
16.23812105,114.44065280072387,64,207,271,0xb5d85cbf7cb3ee0d56b3bb207d5fc4b82f43f511
