eth_sent,eth_received,num_sent_txs,num_received_txs,total_txs,in_degree,out_degree,sent_received_ratio,address,account_age_days,avg_time_diff_hours,avg_tx_value,std_dev_tx_value
0.00016,0.0,1,0,1,0,1,160.00000000000003,0xc1223aa4ca9a2de75b202b7f53b52c2894df9dcf,0.0,0.0,0.00016,0.0
0.0002447941880928,0.00032,3,2,5,2,3,0.7625987167999999,0x63e23199c2c986230fff45d9d22b05c624f158c6,67.5123611111111,405.07416666666666,0.00011295883761856,0.00010877235349955903
0.00016,0.0,1,0,1,0,1,160.00000000000003,0x80e68f2a476382fe87829f474bb190e28a9377e2,0.0,0.0,0.00016,0.0
0.0,0.0,0,37,37,6,0,0.0,0x3073f7aaa4db83f95e9fff17424f71d4751a3073,141.58805555555554,94.39203703703703,0.0,0.0
0.0,0.0,0,181,181,38,0,0.0,0x6982508145454ce325ddbe47a25d4ec3d2311933,834.1009722222223,111.21346296296296,0.0,0.0
0.0,0.0054501793455968015,0,22,22,22,0,0.0,0xc4cbab6f25aacd8cadc432abb91b85698bf9b43e,0.004583333333333333,0.005238095238095238,0.0002477354247998545,1.216885152517588e-05
