eth_sent,eth_received,num_sent_txs,num_received_txs,total_txs,address
0.00016,0.0,1,0,1,0xc1223aa4ca9a2de75b202b7f53b52c2894df9dcf
0.0002447941880928,0.00032,3,2,5,0x63e23199c2c986230fff45d9d22b05c624f158c6
0.00016,0.0,1,0,1,0x80e68f2a476382fe87829f474bb190e28a9377e2
0.0,0.0,0,37,37,0x3073f7aaa4db83f95e9fff17424f71d4751a3073
0.0,0.0,0,181,181,0x6982508145454ce325ddbe47a25d4ec3d2311933
0.0,0.0054501793455968015,0,22,22,0xc4cbab6f25aacd8cadc432abb91b85698bf9b43e
