eth_sent,eth_received,num_sent_txs,num_received_txs,total_txs,address
1.1000000000000003e-08,0.0,14,0,14,0x66f90483e57233e3574d50df59f90960f1da72de
248.61,76.34005501490002,194,52,246,0x3473c9a757c164aae1bd0dfc6aafc04299a6a243
0.0,2e-09,0,3,3,0x6a78a3f8ea630e9914571f9a503c9e49534a67c9
0.0,12.000000001,0,4,4,0xa18f8744c062f3edf564f146ec862af3a4c58b95
