eth_sent,eth_received,num_sent_txs,num_received_txs,total_txs,in_degree,out_degree,sent_received_ratio,address,account_age_days,avg_time_diff_hours,avg_tx_value,std_dev_tx_value
0.638278635615792,0.43954838706087296,11,5,16,2,2,1.452120408775356,0x66b1d190dde14fc2ecfb4786753e2607d45210ca,1.7383333333333333,2.781333333333333,0.06736418891729157,0.0691207116839779
12.771266843179943,0.0,16,0,16,0,6,12771266.843179943,0x016606acc6b0cfe537acc221e3bf1bb44b4049ee,379.01416666666665,606.4226666666667,0.7982041776987464,2.384438775098662
0.3821817723607914,1.961318818563975,11,70,81,4,2,0.19485948632315078,0x307576dd4f73f91bb8c4a2edb762938e8e067d31,31.906388888888888,9.571916666666667,0.028932106060799587,0.04509020074557094
0.198987207229983,0.398278635615792,5,10,15,1,1,0.49961682555605175,0xa2191a8672a94e91963ac611e081a0f5234eefac,1.737638888888889,2.978809523809524,0.039817722856385004,0.015134908800516716
0.0,0.24,0,1,1,1,0,0.0,0x15adbc6db28d3b41171697d861537b8ab219dabc,0.0,0.0,0.24,0.0
