eth_sent,eth_received,num_sent_txs,num_received_txs,total_txs,address
0.0005728816382246,0.0,2,0,2,0x633dcf31bb890b26279c9a0480754dc09e27c01e
0.0001120188475167,0.00024791268827618,3,2,5,0x66f0088da1b3195c3278d9d8d053c20554c08212
3.857797666398e-05,0.0,1,0,1,0x89a777753f2b51ef82f8d44aa5459dda32acbe45
0.0,0.0,0,11205,11205,0xdac17f958d2ee523a2206206994597c13d831ec7
0.0,0.0001120188475167,0,1,1,0x98fc0f580eabac0d669fbdea3ccb4aaa541f2f75
