eth_sent,eth_received,num_sent_txs,num_received_txs,total_txs,address
0.638278635615792,0.43954838706087296,11,5,16,0x66b1d190dde14fc2ecfb4786753e2607d45210ca
12.771266843179943,0.0,16,0,16,0x016606acc6b0cfe537acc221e3bf1bb44b4049ee
0.3821817723607914,1.961318818563975,11,70,81,0x307576dd4f73f91bb8c4a2edb762938e8e067d31
0.198987207229983,0.398278635615792,5,10,15,0xa2191a8672a94e91963ac611e081a0f5234eefac
0.0,0.24,0,1,1,0x15adbc6db28d3b41171697d861537b8ab219dabc
