eth_sent,eth_received,num_sent_txs,num_received_txs,total_txs,in_degree,out_degree,sent_received_ratio,address,account_age_days,avg_time_diff_hours,avg_tx_value,std_dev_tx_value
1.1000000000000003e-08,0.0,14,0,14,0,3,0.011000000000000003,0x66f90483e57233e3574d50df59f90960f1da72de,1.4654166666666666,2.7053846153846153,7.857142857142859e-10,4.258153136263201e-10
248.61,76.34005501490002,194,52,246,16,18,3.2566127532245512,0x3473c9a757c164aae1bd0dfc6aafc04299a6a243,20.15013888888889,1.9738911564625852,1.3209351829873983,6.264300452700935
0.0,2e-09,0,3,3,1,0,0.0,0x6a78a3f8ea630e9914571f9a503c9e49534a67c9,0.04694444444444444,0.5633333333333334,6.666666666666667e-10,5.773502691896258e-10
0.0,12.000000001,0,4,4,2,0,0.0,0xa18f8744c062f3edf564f146ec862af3a4c58b95,3.4009722222222223,27.20777777777778,3.00000000025,2.44948974237493
