eth_sent,eth_received,num_sent_txs,num_received_txs,total_txs,address,account_age_days,avg_time_diff_hours,avg_tx_value,std_dev_tx_value
0.04662287927356935,0.364358864072217,216,15,231,0x0abbc482fbd91dbf413e3d6cc5622e03552ac13a,71.74083333333333,7.486,0.0017791417460856554,0.006462555197958433
0.0,0.04662287927356935,206,216,422,0x675edc15e9d10896ea9ff3e8b81349ef3253a9d8,71.70833333333333,4.087885985748219,0.00011048075657243923,0.00017895627579972694
0.0,0.0,0,5741,5741,0xa0b86991c6218b36c1d19d4a2e9eb0ce3606eb48,1915.7207175925926,8.009982094463803,0.0,0.0
