eth_sent,eth_received,num_sent_txs,num_received_txs,total_txs,address,account_age_days,avg_time_diff_hours,avg_tx_value,std_dev_tx_value
0.0,0.3095969992913788,1323,3,1326,0x67c9cc4af1bd9ec25d004d5c94d360009fab163c,3.8631944444444444,0.07002769385699899,0.00023348189991808356,0.0060112995877285936
0.1584704835971712,0.0,1,0,1,0x6b063481f8216b5624ec496dd72376bef00faffd,0.0,0.0,0.1584704835971712,0.0
0.1511265156942076,0.0,1,0,1,0x943810707e090f1bdc486c4c990d43da3b162e52,0.0,0.0,0.1511265156942076,0.0
0.0,0.0,0,1322,1322,0xa9d635ef85bc37eb9ff9d6165481ea230ed32392,3.8631944444444444,0.07018672722684835,0.0,0.0
