eth_sent,eth_received,num_sent_txs,num_received_txs,total_txs,address
0.04662287927356935,0.364358864072217,216,15,231,0x0abbc482fbd91dbf413e3d6cc5622e03552ac13a
0.0,0.04662287927356935,206,216,422,0x675edc15e9d10896ea9ff3e8b81349ef3253a9d8
0.0,0.0,0,5741,5741,0xa0b86991c6218b36c1d19d4a2e9eb0ce3606eb48
