eth_sent,eth_received,num_sent_txs,num_received_txs,total_txs,address
0.0043131,0.0,1,0,1,0x7da9a3b5494cfa5ef24354b32a04e07cf19cee1a
9.8e-05,0.0043131,6,1,7,0x676e3f098801bcfaa7c50482eb769de2ecbed0ad
0.0,4e-05,0,1,1,0x67ed6f64de02c71c53d48f3ce3ff4ed7a0ff378e
0.0,0.0,0,11205,11205,0xdac17f958d2ee523a2206206994597c13d831ec7
0.0,5.8e-05,0,1,1,0xfc5b1caa7b29b7a3df2f9199245398d29046b8f2
