eth_sent,eth_received,num_sent_txs,num_received_txs,total_txs,address,account_age_days,avg_time_diff_hours,avg_tx_value,std_dev_tx_value
30.349568201292694,0.0567308016996215,279,13,292,0xf70da97812cb96acdf810712aa562db8dfa3dbef,541.1308333333334,44.6293470790378,0.10413116096915177,0.4757862062565904
5.6799434538046e-05,0.011545700634541453,7,3,10,0x67101e43ba71bc9384ace8a3d8f57c71dbdb88a8,26.112083333333334,89.52714285714285,0.0011602500069079502,0.0036443147947085117
0.0,342.2253157085877,0,1408,1408,0xc02aaa39b223fe8d0a0e5c4f27ead9083c756cc2,2570.0885763888887,43.839463989575925,0.2430577526339401,1.0409589884521075
0.0,0.011520996177855092,0,17,17,0xb584d4be1a5470ca1a8778e9b86c81e165204599,735.1641666666667,1102.74625,0.0006777056575208878,0.0007517416976019084
0.0,0.0,0,181,181,0x6982508145454ce325ddbe47a25d4ec3d2311933,834.1009722222223,111.21346296296296,0.0,0.0
0.0,0.0,0,26,26,0x3845badade8e6dff049820680d1f14bd3903a5d0,1379.4359375,1324.2585,0.0,0.0
