eth_sent,eth_received,num_sent_txs,num_received_txs,total_txs,address
30.349568201292694,0.0567308016996215,279,13,292,0xf70da97812cb96acdf810712aa562db8dfa3dbef
5.6799434538046e-05,0.011545700634541453,7,3,10,0x67101e43ba71bc9384ace8a3d8f57c71dbdb88a8
0.0,342.2253157085877,0,1408,1408,0xc02aaa39b223fe8d0a0e5c4f27ead9083c756cc2
0.0,0.011520996177855092,0,17,17,0xb584d4be1a5470ca1a8778e9b86c81e165204599
0.0,0.0,0,181,181,0x6982508145454ce325ddbe47a25d4ec3d2311933
0.0,0.0,0,26,26,0x3845badade8e6dff049820680d1f14bd3903a5d0
