eth_sent,eth_received,num_sent_txs,num_received_txs,total_txs,address
0.14,0.0,3,0,3,0x52e63dc45f4478378afa9a5985a0b9c0b59f1457
0.139895,0.14,3,3,6,0x6834d3096793d0731348f1581ae1b20c9b79e26a
63.237576887328586,0.139895,56,3,59,0x7ed1e469fcb3ee19c0366d829e291451be638e59
