eth_sent,eth_received,num_sent_txs,num_received_txs,total_txs,in_degree,out_degree,sent_received_ratio,address,account_age_days,avg_time_diff_hours,avg_tx_value,std_dev_tx_value
32.06368173037078,31.483728609284736,77,36,113,18,15,1.0184206931098472,0xaa61d979a8e4a2d482b3011102de056128995cd9,30.03013888888889,6.435029761904762,0.5623664631827923,0.9030913283211818
0.0046058376067924,0.0053534976067924,6,4,10,1,2,0.860181093544557,0x68792915aa7feeb7ca337ce26de10ca8205c87da,1.040138888888889,2.773703703703704,0.0009959335213584799,0.0005376398709173487
0.0,0.0,0,11205,11205,394,0,0.0,0xdac17f958d2ee523a2206206994597c13d831ec7,1959.5113425925927,4.197453786346146,0.0,0.0
