eth_sent,eth_received,num_sent_txs,num_received_txs,total_txs,address
32.06368173037078,31.483728609284736,77,36,113,0xaa61d979a8e4a2d482b3011102de056128995cd9
0.0046058376067924,0.0053534976067924,6,4,10,0x68792915aa7feeb7ca337ce26de10ca8205c87da
0.0,0.0,0,11205,11205,0xdac17f958d2ee523a2206206994597c13d831ec7
