eth_sent,eth_received,num_sent_txs,num_received_txs,total_txs,in_degree,out_degree,sent_received_ratio,address,account_age_days,avg_time_diff_hours,avg_tx_value,std_dev_tx_value
0.14,0.0,3,0,3,0,1,140000.00000000003,0x52e63dc45f4478378afa9a5985a0b9c0b59f1457,0.030844907407407408,0.3701388888888889,0.04666666666666667,0.04725815626252609
0.139895,0.14,3,3,6,1,1,0.9992428625509816,0x6834d3096793d0731348f1581ae1b20c9b79e26a,0.03253472222222222,0.15616666666666668,0.046649166666666665,0.042267328907403964
63.237576887328586,0.139895,56,3,59,1,33,452.03277354126345,0x7ed1e469fcb3ee19c0366d829e291451be638e59,590.3576736111111,244.285933908046,1.0741944387682811,4.945374174921218
