eth_sent,eth_received,num_sent_txs,num_received_txs,total_txs,address
18.072436221542052,18.33598522215481,63,19,82,0xe481398a7e018c60c37fe2be955c23862ffa72ff
0.0755639470163431,0.0,1,0,1,0xc57de14c3c238e6228e735da52710e8d9d416948
0.6677552961403804,0.4604377247941207,4,3,7,0x68a8220e69ef6da30595b86e433880e776dd9e43
0.0,1091.941335759052,0,5480,5480,0x7a250d5630b4cf539739df2c5dacb4c659f2488d
0.0,0.0677552961403803,0,1,1,0xb57bff5aa982f83a3eeaa9ff8198d88cdec6dca0
