eth_sent,eth_received,num_sent_txs,num_received_txs,total_txs,address,account_age_days,avg_time_diff_hours,avg_tx_value,std_dev_tx_value
18.072436221542052,18.33598522215481,63,19,82,0xe481398a7e018c60c37fe2be955c23862ffa72ff,0.06652777777777778,0.0197119341563786,0.4440051395572789,1.4439276077872252
0.0755639470163431,0.0,1,0,1,0xc57de14c3c238e6228e735da52710e8d9d416948,0.0,0.0,0.0755639470163431,0.0
0.6677552961403804,0.4604377247941207,4,3,7,0x68a8220e69ef6da30595b86e433880e776dd9e43,0.06916666666666667,0.27666666666666667,0.1611704315620716,0.061282469740399165
0.0,1091.941335759052,0,5480,5480,0x7a250d5630b4cf539739df2c5dacb4c659f2488d,1854.3875925925927,8.122887793798544,0.19925936783924303,3.4350150712954384
0.0,0.0677552961403803,0,1,1,0xb57bff5aa982f83a3eeaa9ff8198d88cdec6dca0,0.0,0.0,0.0677552961403803,0.0
