eth_sent,eth_received,num_sent_txs,num_received_txs,total_txs,address,account_age_days,avg_time_diff_hours,avg_tx_value,std_dev_tx_value
0.8581889765840001,0.31963741,22,5,27,0x2210f9dc0bc0a4bb38c39473270551b8f040cfbb,502.9538888888889,464.2651282051282,0.04362319950311111,0.04559704961436739
13.34171331333068,317.70315141139173,91,84,175,0x75e89d5979e4f6fba9f97c104c2f0afb3f1dcb88,1523.5856134259259,210.14973978288634,1.8916849412841277,3.2961774997222135
0.2220765539039882,0.558188976584,4,10,14,0x69eaf6c516a1cd3197fc283aa3532334949f9097,502.9484722222222,928.5202564102564,0.055733252177713445,0.06880262688031441
0.539316476804537,8.560411640294056,30,3,33,0xe8832a868c091263ed190a9f4be304a03895dd91,305.3543055555556,229.01572916666666,0.2757493368817755,0.8853324113268454
0.0,0.0,0,2,2,0x59e9261255644c411afdd00bd89162d09d862e38,40.920972222222225,982.1033333333334,0.0,0.0
0.0,0.0,0,18,18,0x7b10d50b5885be4c7985a88408265c109bd1eec8,17.09777777777778,24.138039215686273,0.0,0.0
12.03110131376005,529.607187402371,136,175,311,0x9642b23ed1e01df1092b92641051881a322f5d4e,326.7388888888889,25.295913978494625,1.7416022145213215,3.708433918001893
