eth_sent,eth_received,num_sent_txs,num_received_txs,total_txs,in_degree,out_degree,sent_received_ratio,address,account_age_days,avg_time_diff_hours,avg_tx_value,std_dev_tx_value
0.009553149141982058,0.007438889305593,11,8,19,2,5,1.2840445266840728,0x69e7ab804a0afd147e01e3efdd959e797b4edfc5,46.39763888888889,101.23121212121212,0.0008943178130302662,0.00234070770540417
0.007438889305593,0.0,1,0,1,0,1,7438.889305593,0xe20c65c7098bca41ba77c842941d9e483159e233,0.0,0.0,0.007438889305593,0.0
0.0,0.001970594695715,0,1,1,1,0,0.0,0x8530953537ffbf2cd22fb86769a8463b018ea228,0.0,0.0,0.001970594695715,0.0
0.0,0.00425,0,27,27,27,0,0.0,0xfe5fc40c15c67983694642f9a8711241157fdb0a,9.8925,9.131538461538462,0.00015740740740740743,3.849001794597505e-05
0.0,0.00108075907411042,0,25,25,25,0,0.0,0x565e79f526245cae4a8c130ad95c7a2778f3ab4b,0.018472222222222223,0.018472222222222223,4.323036296441681e-05,3.3743733084283035e-06
0.0,0.007387275617838,0,1,1,1,0,0.0,0x9f1e770ed7b29dcdf92ab4f7a94c71ce496018ff,0.0,0.0,0.007387275617838,0.0
