eth_sent,eth_received,num_sent_txs,num_received_txs,total_txs,address
0.009553149141982058,0.007438889305593,11,8,19,0x69e7ab804a0afd147e01e3efdd959e797b4edfc5
0.007438889305593,0.0,1,0,1,0xe20c65c7098bca41ba77c842941d9e483159e233
0.0,0.001970594695715,0,1,1,0x8530953537ffbf2cd22fb86769a8463b018ea228
0.0,0.00425,0,27,27,0xfe5fc40c15c67983694642f9a8711241157fdb0a
0.0,0.00108075907411042,0,25,25,0x565e79f526245cae4a8c130ad95c7a2778f3ab4b
0.0,0.007387275617838,0,1,1,0x9f1e770ed7b29dcdf92ab4f7a94c71ce496018ff
