eth_sent,eth_received,num_sent_txs,num_received_txs,total_txs,address
382.3806886357,0.9444430823469055,292,6,298,0x267be1c1d684f78cb4f6a176c4911b741e4ffdc0
0.3221916147,0.3248652,6,6,12,0x6ae24b2d5d2fa2e5c0f14835b2c8fc08d7b7f04d
0.0,0.3221916147,0,6,6,0xd4e3311816aa8447f1988686e0ce74b4c74d851c
