eth_sent,eth_received,num_sent_txs,num_received_txs,total_txs,address,account_age_days,avg_time_diff_hours,avg_tx_value,std_dev_tx_value
0.6843369046897564,0.0,29,0,29,0x5babe600b9fcd5fb7b66c0611bf4896d967b23a1,333.17875,285.5817857142857,0.02359782429964677,0.050514569252679324
0.00022,0.000262512628886781,3,2,5,0x6a6e21bac7c303349c60e11731f393de8876efa7,0.002916666666666667,0.0175,9.65025257773562e-05,6.140515004858274e-05
30.349568201292694,0.0567308016996215,279,13,292,0xf70da97812cb96acdf810712aa562db8dfa3dbef,541.1308333333334,44.6293470790378,0.10413116096915177,0.4757862062565904
0.0,0.025231237051992754,0,24,24,0x391e7c679d29bd940d63be94ad22a25d25b5a604,249.17444444444445,260.00811594202895,0.0010513015438330315,0.002330088021593251
