eth_sent,eth_received,num_sent_txs,num_received_txs,total_txs,in_degree,out_degree,sent_received_ratio,address,account_age_days,avg_time_diff_hours,avg_tx_value,std_dev_tx_value
382.3806886357,0.9444430823469055,292,6,298,3,52,404.87382554772256,0x267be1c1d684f78cb4f6a176c4911b741e4ffdc0,2954.578622685185,238.75382809577255,1.2863259453625733,7.159234666486514
0.3221916147,0.3248652,6,6,12,1,1,0.9917671173547756,0x6ae24b2d5d2fa2e5c0f14835b2c8fc08d7b7f04d,13.515555555555556,29.48848484848485,0.053921401225,0.07635867787904177
0.0,0.3221916147,0,6,6,1,0,0.0,0xd4e3311816aa8447f1988686e0ce74b4c74d851c,13.504305555555556,64.82066666666667,0.05369860245,0.08013284002798651
