eth_sent,eth_received,num_sent_txs,num_received_txs,total_txs,address
0.009531680903953057,0.007417722722379,11,8,19,0x6cc248a44fdad683656750e2657d2b7c2536f99a
0.007417722722379,0.0,1,0,1,0xc691a978b765ef325aeb227bbdbc17d88835967a
0.0,0.001970594695715,0,1,1,0xad38d98981a0dd1c4ab50447054ba4d6cfaaa4eb
0.0,0.00425,0,27,27,0xfe5fc40c15c67983694642f9a8711241157fdb0a
0.0,0.00108075907411042,0,25,25,0x565e79f526245cae4a8c130ad95c7a2778f3ab4b
0.0,0.007365807379809,0,1,1,0x6503b0fb8d6f732fd1ab2a0e247d44bf5cfd2d2b
