eth_sent,eth_received,num_sent_txs,num_received_txs,total_txs,in_degree,out_degree,sent_received_ratio,address,account_age_days,avg_time_diff_hours,avg_tx_value,std_dev_tx_value
14.719102083994361,0.13969126055952713,644,5,649,5,20,105.36805707802333,0x9c75d19c32f173091df6acc2c39cfd49edef6bbb,750.4456944444445,27.794284979423868,0.022894904999312612,0.2453719587476417
3.75396456875615,7.127552608131869,51,282,333,4,3,0.5266834562244792,0x6cd63c9cd3e9f124ec285d180c498c3bda0629a6,750.4381944444444,54.24854417670683,0.032677228759423485,0.052047429018311345
0.018869999999999998,0.0,2,0,2,0,1,18870.0,0x4d2f5c5216de74e7032ebd0ea924850b5e7a16a7,1.525,36.6,0.009434999999999999,0.0007990306627407993
12.128183714148646,1.123837535624023,69,12,81,3,12,10.79174928577649,0xc94ebb328ac25b95db0e0aa968371885fa516215,1149.6348148148147,344.8904444444445,0.16360520061447736,0.32958413410661874
0.7457525782875952,0.0,10,0,10,0,2,745752.5782875953,0x5f7762d2dbc26a0bb23e4b84930fbda46e208a75,107.61347222222223,286.9692592592593,0.07457525782875953,0.06316357806287062
0.0,57.25546178377093,0,156,156,8,0,0.0,0xa9d1e08c7793af67e9d92fe308d5697fb81d3e43,1049.5906944444444,162.5172688172043,0.3670221909216085,1.0681271559086087
0.0,0.1685617185555119,0,3,3,2,0,0.0,0x77696bb39917c91a0c3908d577d5e322095425ca,111.66486111111111,1339.9783333333332,0.05618723951850396,0.04149642615201673
16.23812105,114.44065280072387,64,207,271,9,21,0.14189119435017847,0xb5d85cbf7cb3ee0d56b3bb207d5fc4b82f43f511,1548.9310763888889,137.682762345679,0.4822094976041471,1.3153665320797294
