eth_sent,eth_received,num_sent_txs,num_received_txs,total_txs,address
14.719102083994361,0.13969126055952713,644,5,649,0x9c75d19c32f173091df6acc2c39cfd49edef6bbb
3.75396456875615,7.127552608131869,51,282,333,0x6cd63c9cd3e9f124ec285d180c498c3bda0629a6
0.018869999999999998,0.0,2,0,2,0x4d2f5c5216de74e7032ebd0ea924850b5e7a16a7
12.128183714148646,1.123837535624023,69,12,81,0xc94ebb328ac25b95db0e0aa968371885fa516215
0.7457525782875952,0.0,10,0,10,0x5f7762d2dbc26a0bb23e4b84930fbda46e208a75
0.0,57.25546178377093,0,156,156,0xa9d1e08c7793af67e9d92fe308d5697fb81d3e43
0.0,0.1685617185555119,0,3,3,0x77696bb39917c91a0c3908d577d5e322095425ca
16.23812105,114.44065280072387,64,207,271,0xb5d85cbf7cb3ee0d56b3bb207d5fc4b82f43f511
