eth_sent,eth_received,num_sent_txs,num_received_txs,total_txs,address,account_age_days,avg_time_diff_hours,avg_tx_value,std_dev_tx_value
3.9993856039085265,0.0,10,0,10,0x6d6a0e4131c4df66589d5bbc8a4608ef7155e321,0.26430555555555557,0.7048148148148149,0.3999385603908526,0.3420082816179267
0.0,103.22197141190841,0,299,299,0x3328f7f4a1d1c57c35df56bbf0c9dcafca309c49,413.6423611111111,33.313478747203575,0.3452239846552121,0.6693289652437994
0.0,1091.941335759052,0,5480,5480,0x7a250d5630b4cf539739df2c5dacb4c659f2488d,1854.3875925925927,8.122887793798544,0.19925936783924303,3.4350150712954384
0.0,0.0,0,3,3,0x8f6ee40abda4c358988750ffbaa8a7c8e6def675,0.16833333333333333,2.02,0.0,0.0
0.0,0.2222904395127178,0,2,2,0xb1afcc4b3cbfa10d39e05ff5ffe51905b7c8b899,0.0,0.0,0.1111452197563589,0.11801543400035985
