eth_sent,eth_received,num_sent_txs,num_received_txs,total_txs,address
294.24562943,0.0,240,0,240,0x9696f59e4d72e237be84ffd425dcad154bf96976
261.08561597000005,0.0,308,0,308,0xdfd5293d8e347dfe59e90efd55b2956a1343963d
0.1310611252833886,0.13314511,6,3,9,0x6e26f1f35b581523d7bb2bbbe789f6388c79620b
0.0,0.1321176,0,3,3,0xac2ea402314c50987478abafb2922dfbe3560c22
0.0,0.0060611252833886,0,1,1,0x747a3474682e5485afeb3907ae552758c99570ee
0.0,0.0,0,5,5,0x8d0d000ee44948fc98c9b98a4fa4921476f08b0d
0.0,0.658544837361494,0,54,54,0xb300000b72deaeb607a12d5f54773d1c19c7028d
0.0,0.0,0,5741,5741,0xa0b86991c6218b36c1d19d4a2e9eb0ce3606eb48
