eth_sent,eth_received,num_sent_txs,num_received_txs,total_txs,address
575.2224600000002,0.0,51,0,51,0xbf94f0ac752c739f623c463b5210a7fb2cbb420b
0.010034,0.01490237,7,5,12,0x6e2f6ca42c72f6be0e049b55e83469296c7459cd
0.0,0.003209,0,1,1,0x1dd72b3896e55914f1e1faf82bc16aa14fca8041
0.0,0.003193,0,1,1,0xfdf4e43da9b6179abb0d6b1f8a050edf2b70b431
0.0,0.003632,0,1,1,0x56920b7fd78ae27952768008786b49dc7bbfd234
