eth_sent,eth_received,num_sent_txs,num_received_txs,total_txs,address
0.001368345411793584,0.0,11,0,11,0xe0fa8dc4f284f12e0361f8ad3e5d26a060b60e60
0.0,0.000294361911456,4,1,5,0x6e7f47eb3f53abc4a082c9462cb92f1cb511b821
0.0,0.0,0,11205,11205,0xdac17f958d2ee523a2206206994597c13d831ec7
