eth_sent,eth_received,num_sent_txs,num_received_txs,total_txs,in_degree,out_degree,sent_received_ratio,address,account_age_days,avg_time_diff_hours,avg_tx_value,std_dev_tx_value
0.001368345411793584,0.0,11,0,11,0,3,1368.3454117935842,0xe0fa8dc4f284f12e0361f8ad3e5d26a060b60e60,61.965,148.71599999999998,0.00012439503743578038,0.00011581744656429937
0.0,0.000294361911456,4,1,5,1,1,0.0,0x6e7f47eb3f53abc4a082c9462cb92f1cb511b821,63.00958333333333,378.0575,5.88723822912e-05,0.00013164264880047803
0.0,0.0,0,11205,11205,394,0,0.0,0xdac17f958d2ee523a2206206994597c13d831ec7,1959.5113425925927,4.197453786346146,0.0,0.0
