eth_sent,eth_received,num_sent_txs,num_received_txs,total_txs,in_degree,out_degree,sent_received_ratio,address,account_age_days,avg_time_diff_hours,avg_tx_value,std_dev_tx_value
294.24562943,0.0,240,0,240,0,64,294245629.43,0x9696f59e4d72e237be84ffd425dcad154bf96976,1470.2332175925926,147.63848210134822,1.2260234559583334,5.8064564647822365
261.08561597000005,0.0,308,0,308,0,57,261085615.97000006,0xdfd5293d8e347dfe59e90efd55b2956a1343963d,1506.6719791666667,117.7854315960912,0.8476805713311688,4.911604496911626
0.1310611252833886,0.13314511,6,3,9,2,5,0.9843406261241021,0x6e26f1f35b581523d7bb2bbbe789f6388c79620b,174.64333333333335,523.93,0.029356248364820956,0.039822191245018075
0.0,0.1321176,0,3,3,2,0,0.0,0xac2ea402314c50987478abafb2922dfbe3560c22,25.573194444444443,306.87833333333333,0.0440392,0.04559225164345363
0.0,0.0060611252833886,0,1,1,1,0,0.0,0x747a3474682e5485afeb3907ae552758c99570ee,0.0,0.0,0.0060611252833886,0.0
0.0,0.0,0,5,5,4,0,0.0,0x8d0d000ee44948fc98c9b98a4fa4921476f08b0d,42.02583333333333,252.155,0.0,0.0
0.0,0.658544837361494,0,54,54,7,0,0.0,0xb300000b72deaeb607a12d5f54773d1c19c7028d,102.05638888888889,46.21421383647799,0.012195274765953593,0.04131636807719795
0.0,0.0,0,5741,5741,312,0,0.0,0xa0b86991c6218b36c1d19d4a2e9eb0ce3606eb48,1915.7207175925926,8.009982094463803,0.0,0.0
