eth_sent,eth_received,num_sent_txs,num_received_txs,total_txs,address
0.4476491183128411,0.0,1,0,1,0xd3d2a7bb26fb976a861cfb91b38dbde18d252e32
5.794118393775592,0.4476491183128411,101,1,102,0x6fcab6520c97f58068f1783b98cbb636be71efcd
0.0,342.2253157085877,0,1408,1408,0xc02aaa39b223fe8d0a0e5c4f27ead9083c756cc2
0.0,0.0,0,1,1,0x4c3e9772698084b00b413106723e700797921c6b
0.0,1091.941335759052,0,5480,5480,0x7a250d5630b4cf539739df2c5dacb4c659f2488d
