eth_sent,eth_received,num_sent_txs,num_received_txs,total_txs,in_degree,out_degree,sent_received_ratio,address,account_age_days,avg_time_diff_hours,avg_tx_value,std_dev_tx_value
168.47936876376974,44.05796220364773,820,197,1017,17,56,3.8240389821248177,0x028a25ef5529e197232fef2e9c966b383d5ad778,814.2618055555556,19.272468770545693,0.20898459288831614,0.6223472219401568
25.387290280000002,0.0,491,0,491,0,14,25387290.280000005,0xb23360ccdd9ed1b15d45e5d3824bb409c8d7c460,807.0229166666667,39.52765306122449,0.05170527551934827,0.19580013150522838
11.30663623332124,26.435538103143458,40,138,178,3,3,0.4277059071580184,0x6f1e3ee4f1a1d75ee5a1b12377cce95b6e472da9,596.5619444444444,80.88975517890772,0.21203468728350955,0.9018985437391468
380.81854021000004,0.0,320,0,320,0,72,380818540.21000004,0x21a31ee1afc51d94c2efccaa2092ad1028285549,1532.7846412037038,115.31922065482411,1.1900579381562502,7.275906843913503
0.0,0.0,0,11205,11205,394,0,0.0,0xdac17f958d2ee523a2206206994597c13d831ec7,1959.5113425925927,4.197453786346146,0.0,0.0
0.0,11.30663623332124,0,1,1,1,0,0.0,0xf7c8da79da4cb294c4f55dfebb1b404e3e38d921,0.0,0.0,11.30663623332124,0.0
0.0,0.0,0,5741,5741,312,0,0.0,0xa0b86991c6218b36c1d19d4a2e9eb0ce3606eb48,1915.7207175925926,8.009982094463803,0.0,0.0
