eth_sent,eth_received,num_sent_txs,num_received_txs,total_txs,address
168.47936876376974,44.05796220364773,820,197,1017,0x028a25ef5529e197232fef2e9c966b383d5ad778
25.387290280000002,0.0,491,0,491,0xb23360ccdd9ed1b15d45e5d3824bb409c8d7c460
11.30663623332124,26.435538103143458,40,138,178,0x6f1e3ee4f1a1d75ee5a1b12377cce95b6e472da9
380.81854021000004,0.0,320,0,320,0x21a31ee1afc51d94c2efccaa2092ad1028285549
0.0,0.0,0,11205,11205,0xdac17f958d2ee523a2206206994597c13d831ec7
0.0,11.30663623332124,0,1,1,0xf7c8da79da4cb294c4f55dfebb1b404e3e38d921
0.0,0.0,0,5741,5741,0xa0b86991c6218b36c1d19d4a2e9eb0ce3606eb48
