eth_sent,eth_received,num_sent_txs,num_received_txs,total_txs,address,account_age_days,avg_time_diff_hours,avg_tx_value,std_dev_tx_value
0.4476491183128411,0.0,1,0,1,0xd3d2a7bb26fb976a861cfb91b38dbde18d252e32,0.0,0.0,0.4476491183128411,0.0
5.794118393775592,0.4476491183128411,101,1,102,0x6fcab6520c97f58068f1783b98cbb636be71efcd,2.2802777777777776,0.5418481848184818,0.061193799138121896,0.07442286653830826
0.0,342.2253157085877,0,1408,1408,0xc02aaa39b223fe8d0a0e5c4f27ead9083c756cc2,2570.0885763888887,43.839463989575925,0.2430577526339401,1.0409589884521075
0.0,0.0,0,1,1,0x4c3e9772698084b00b413106723e700797921c6b,0.0,0.0,0.0,0.0
0.0,1091.941335759052,0,5480,5480,0x7a250d5630b4cf539739df2c5dacb4c659f2488d,1854.3875925925927,8.122887793798544,0.19925936783924303,3.4350150712954384
