eth_sent,eth_received,num_sent_txs,num_received_txs,total_txs,address,account_age_days,avg_time_diff_hours,avg_tx_value,std_dev_tx_value
1.25,0.0,2,0,2,0x19bcc1039684e2dbcc1ade0e260caeb88a903d45,149.31597222222223,3583.5833333333335,0.625,0.1767766952966369
0.0,1.902956840978533,753,3,756,0x6fd5ffee1220b0458c2114d6ce7fb4de2bc8fee6,392.83444444444444,12.487452538631347,0.002517138678543033,0.040429197860202354
0.6529568409785329,0.0,1,0,1,0x80daee0f1fbe722d7e67544d53046981ac8af143,0.0,0.0,0.6529568409785329,0.0
0.0,0.0,0,753,753,0xe3490297a08d6fc8da46edb7b6142e4f461b62d3,389.0361111111111,12.41604609929078,0.0,0.0
