eth_sent,eth_received,num_sent_txs,num_received_txs,total_txs,address
1.25,0.0,2,0,2,0x19bcc1039684e2dbcc1ade0e260caeb88a903d45
0.0,1.902956840978533,753,3,756,0x6fd5ffee1220b0458c2114d6ce7fb4de2bc8fee6
0.6529568409785329,0.0,1,0,1,0x80daee0f1fbe722d7e67544d53046981ac8af143
0.0,0.0,0,753,753,0xe3490297a08d6fc8da46edb7b6142e4f461b62d3
