eth_sent,eth_received,num_sent_txs,num_received_txs,total_txs,address
0.009560064331351235,0.007450961280543,11,8,19,0x70ef880b30ebc9dc2772b6a963301931eeb70a88
0.007450961280543,0.0,1,0,1,0x37783c2c1d7c710267531c1687ba49335757d7ce
0.0,0.001969910588942,0,1,1,0xb2a7765bc288b20401be386d7501955d7840bda9
0.0,0.00425,0,27,27,0xfe5fc40c15c67983694642f9a8711241157fdb0a
0.0,0.00108075907411042,0,25,25,0x565e79f526245cae4a8c130ad95c7a2778f3ab4b
0.0,0.007399869464859,0,1,1,0x58c0b35db01765fc1652e71535210451acbf3e6b
