eth_sent,eth_received,num_sent_txs,num_received_txs,total_txs,in_degree,out_degree,sent_received_ratio,address,account_age_days,avg_time_diff_hours,avg_tx_value,std_dev_tx_value
0.009560064331351235,0.007450961280543,11,8,19,2,5,1.2828923784551152,0x70ef880b30ebc9dc2772b6a963301931eeb70a88,46.39555555555555,101.22666666666667,0.0008953171374681177,0.002344607286428312
0.007450961280543,0.0,1,0,1,0,1,7450.961280543001,0x37783c2c1d7c710267531c1687ba49335757d7ce,0.0,0.0,0.007450961280543,0.0
0.0,0.001969910588942,0,1,1,1,0,0.0,0xb2a7765bc288b20401be386d7501955d7840bda9,0.0,0.0,0.001969910588942,0.0
0.0,0.00425,0,27,27,27,0,0.0,0xfe5fc40c15c67983694642f9a8711241157fdb0a,9.8925,9.131538461538462,0.00015740740740740743,3.849001794597505e-05
0.0,0.00108075907411042,0,25,25,25,0,0.0,0x565e79f526245cae4a8c130ad95c7a2778f3ab4b,0.018472222222222223,0.018472222222222223,4.323036296441681e-05,3.3743733084283035e-06
0.0,0.007399869464859,0,1,1,1,0,0.0,0x58c0b35db01765fc1652e71535210451acbf3e6b,0.0,0.0,0.007399869464859,0.0
