eth_sent,eth_received,num_sent_txs,num_received_txs,total_txs,in_degree,out_degree,sent_received_ratio,address,account_age_days,avg_time_diff_hours,avg_tx_value,std_dev_tx_value
0.034379856182680996,0.0063999999999999994,9,2,11,2,5,5.371013307714575,0x702d6cb293576b26b122e2e8b0c1dabc66a548bf,7.055,16.932,0.003707259652971,0.005260900904347647
0.0039,0.0,1,0,1,0,1,3900.0,0x62305f093e8aa5213e5e3a44747063c0fd886ac5,0.0,0.0,0.0039,0.0
0.0025,0.0,1,0,1,0,1,2500.0,0x52afc59d9007ced137ed1fe9417d3f8b1ae48736,0.0,0.0,0.0025,0.0
0.0,0.0,0,167,167,156,0,0.0,0x69356e84076429abbb2f164d98e2b15bc746a856,7.4215277777777775,1.0729919678714859,0.0,0.0
0.0,383.1798895123511,0,2075,2075,101,0,0.0,0x66a9893cc07d91d95644aedd05d03f95e1dba8af,180.97180555555556,2.094177113468338,0.18466500699390412,0.7855244123210863
0.0,0.014,0,1,1,1,0,0.0,0xc0880c1302684fa2aa76b33e79e6b617a5e25c70,0.0,0.0,0.014,0.0
0.0,0.0,0,5741,5741,312,0,0.0,0xa0b86991c6218b36c1d19d4a2e9eb0ce3606eb48,1915.7207175925926,8.009982094463803,0.0,0.0
0.0,0.011378,0,1,1,1,0,0.0,0x6928302eda831923cc6f4213126e97e4844f571c,0.0,0.0,0.011378,0.0
