eth_sent,eth_received,num_sent_txs,num_received_txs,total_txs,address
0.011938133119512001,0.0117601337474918,4,4,8,0xcd61a8d0d220e2a50a48f6f014724f29808c3dfb
0.0117601337474918,0.011938133119512001,8,4,12,0x70acb5c1fe568b3ccc27ebe12938ae98d19f1a3a
0.0,0.0,0,11205,11205,0xdac17f958d2ee523a2206206994597c13d831ec7
