eth_sent,eth_received,num_sent_txs,num_received_txs,total_txs,address
39.283481600474786,0.10398376396671251,255,71,326,0x264bd8291fae1d75db2c5f573b07faa6715997b5
1.355786692620932,1.3580579719041475,33,24,57,0x70457d5bbfab04dfae6aeec6e0cd34b30f86dc13
0.6167468558812764,0.0,5,0,5,0x4a0190aa76c3e1c107929ea73f60b7c3f05e66bb
0.21848580332550027,0.0,22,0,22,0x8d18d00074dd99de3e3f22210b705b9b0a19835a
0.0,0.0,1,0,1,0x8d110acc7a8cf5d59973f88dd56496d72c61135a
0.3821817723607914,1.961318818563975,11,70,81,0x307576dd4f73f91bb8c4a2edb762938e8e067d31
0.0,0.0,0,5741,5741,0xa0b86991c6218b36c1d19d4a2e9eb0ce3606eb48
0.0,0.0,0,11205,11205,0xdac17f958d2ee523a2206206994597c13d831ec7
