eth_sent,eth_received,num_sent_txs,num_received_txs,total_txs,address
0.9153251767585546,0.0,12,0,12,0x787b8840100d9baadd7463f4a73b5ba73b00c6ca
0.001824300000007,0.0,1,0,1,0x8f2dd1be5579d44ce3286df5777dba8883e5b3ea
0.9441760118137609,0.9442879867585616,5,14,19,0x70d3853d3c36c2230564e658757e45f2c540658f
0.02713851,0.0,1,0,1,0xd78571f9ff1705c84673cbde7b0fe5980aae517f
0.0,57.25546178377093,0,156,156,0xa9d1e08c7793af67e9d92fe308d5697fb81d3e43
16.23812105,114.44065280072387,64,207,271,0xb5d85cbf7cb3ee0d56b3bb207d5fc4b82f43f511
