eth_sent,eth_received,num_sent_txs,num_received_txs,total_txs,address
0.0150215760767457,0.0,1,0,1,0xe20e54be6a82079632fb73d477d0f9720678db20
0.0,0.0150215760767457,18,1,19,0x72281a602539d2e31a1129dee7d26c4960c8f787
0.0,0.0,0,1,1,0x957c7fa189a408e78543113412f6ae1a9b4022c4
0.0,8.158131801420689,0,1057,1057,0x6088d94c5a40cecd3ae2d4e0710ca687b91c61d0
0.0,0.0,0,1,1,0xf3ae5d769e153ef72b4e3591ac004e89f48107a1
0.0,0.0,0,2,2,0x81ba3931816759d3fbb4a98a448a0dfdcd2a89bc
0.0,0.0,0,2,2,0xe9689028ede16c2fdfe3d11855d28f8e3fc452a3
0.0,0.0,0,1,1,0xc092a137df3cf2b9e5971ba1874d26487c12626d
