eth_sent,eth_received,num_sent_txs,num_received_txs,total_txs,in_degree,out_degree,sent_received_ratio,address,account_age_days,avg_time_diff_hours,avg_tx_value,std_dev_tx_value
0.0150215760767457,0.0,1,0,1,0,1,15021.576076745701,0xe20e54be6a82079632fb73d477d0f9720678db20,0.0,0.0,0.0150215760767457,0.0
0.0,0.0150215760767457,18,1,19,1,6,0.0,0x72281a602539d2e31a1129dee7d26c4960c8f787,1.0583333333333333,1.4111111111111112,0.0007906092671971421,0.0034461858995390887
0.0,0.0,0,1,1,1,0,0.0,0x957c7fa189a408e78543113412f6ae1a9b4022c4,0.0,0.0,0.0,0.0
0.0,8.158131801420689,0,1057,1057,18,0,0.0,0x6088d94c5a40cecd3ae2d4e0710ca687b91c61d0,71.19527777777778,1.618074494949495,0.007718194703330831,0.04398949095700717
0.0,0.0,0,1,1,1,0,0.0,0xf3ae5d769e153ef72b4e3591ac004e89f48107a1,0.0,0.0,0.0,0.0
0.0,0.0,0,2,2,2,0,0.0,0x81ba3931816759d3fbb4a98a448a0dfdcd2a89bc,38.105694444444445,914.5366666666666,0.0,0.0
0.0,0.0,0,2,2,2,0,0.0,0xe9689028ede16c2fdfe3d11855d28f8e3fc452a3,228.11833333333334,5474.84,0.0,0.0
0.0,0.0,0,1,1,1,0,0.0,0xc092a137df3cf2b9e5971ba1874d26487c12626d,0.0,0.0,0.0,0.0
