eth_sent,eth_received,num_sent_txs,num_received_txs,total_txs,address
0.021650000000000003,0.0,11,0,11,0xb256caa23992e461e277cfa44a2fd72e2d6d2344
0.00028158,0.00125,5,3,8,0x736a2b2079e5c7ef7e5f2466000ebc9470e7312a
0.0,0.0,0,11205,11205,0xdac17f958d2ee523a2206206994597c13d831ec7
0.0,0.0054501793455968015,0,22,22,0xc4cbab6f25aacd8cadc432abb91b85698bf9b43e
