eth_sent,eth_received,num_sent_txs,num_received_txs,total_txs,address
9.550476531279065,6.888826754818845,24,8,32,0x9cc01dcde7efd3f6645b88e79b80445e3ac1e0ac
0.0088544695914,0.0,16,0,16,0xc5267f13b9b4ba7bb73bdd53a2a3c944733a2961
2.3904378241,4.7808281968996,5,4,9,0x73753b11239d67d53f53c1a4600227840e50de28
0.0,0.0,0,11205,11205,0xdac17f958d2ee523a2206206994597c13d831ec7
205.92814491000001,31.8585258015,25,18,43,0xa9ac43f5b5e38155a288d1a01d2cbc4478e14573
