eth_sent,eth_received,num_sent_txs,num_received_txs,total_txs,address,account_age_days,avg_time_diff_hours,avg_tx_value,std_dev_tx_value
0.021650000000000003,0.0,11,0,11,0xb256caa23992e461e277cfa44a2fd72e2d6d2344,134.21813657407407,322.1235277777778,0.0019681818181818186,0.0016833408340666974
0.00028158,0.00125,5,3,8,0x736a2b2079e5c7ef7e5f2466000ebc9470e7312a,1959.3733449074075,6717.851468253969,0.00019144749999999998,0.00023560564338074997
0.0,0.0,0,11205,11205,0xdac17f958d2ee523a2206206994597c13d831ec7,1959.5113425925927,4.197453786346146,0.0,0.0
0.0,0.0054501793455968015,0,22,22,0xc4cbab6f25aacd8cadc432abb91b85698bf9b43e,0.004583333333333333,0.005238095238095238,0.0002477354247998545,1.216885152517588e-05
