eth_sent,eth_received,num_sent_txs,num_received_txs,total_txs,in_degree,out_degree,sent_received_ratio,address,account_age_days,avg_time_diff_hours,avg_tx_value,std_dev_tx_value
9.550476531279065,6.888826754818845,24,8,32,3,5,1.3863717995559337,0x9cc01dcde7efd3f6645b88e79b80445e3ac1e0ac,294.3877777777778,227.9131182795699,0.5137282276905597,0.7528067655364469
0.0088544695914,0.0,16,0,16,0,3,8854.4695914,0xc5267f13b9b4ba7bb73bdd53a2a3c944733a2961,114.53375,183.25400000000002,0.0005534043494625,0.0003593624784834522
2.3904378241,4.7808281968996,5,4,9,2,2,0.5000048580798944,0x73753b11239d67d53f53c1a4600227840e50de28,116.26375,348.79125,0.7968073356666223,1.1950039729277937
0.0,0.0,0,11205,11205,394,0,0.0,0xdac17f958d2ee523a2206206994597c13d831ec7,1959.5113425925927,4.197453786346146,0.0,0.0
205.92814491000001,31.8585258015,25,18,43,4,18,6.46383136901058,0xa9ac43f5b5e38155a288d1a01d2cbc4478e14573,116.25638888888889,66.43222222222222,5.529922574686046,18.67260873527586
