eth_sent,eth_received,num_sent_txs,num_received_txs,total_txs,address,account_age_days,avg_time_diff_hours,avg_tx_value,std_dev_tx_value
2.016544000000001,5.328454000000153,8,17,25,0x3bdb03ad7363152dfbc185ee23ebc93f0cf93fd1,226.02138888888888,226.02138888888888,0.2937999200000061,0.6053523491234205
0.0,1.0,1245,1,1246,0x732efacd14b0355999aebb133585787921aba3a9,196.89805555555554,3.7956251673360106,0.0008025682182985554,0.028329634983503677
0.0,0.0,0,6,6,0xe7c6bf469e97eeb0bfb74c8dbff5bd47d4c1c98a,76.54875,367.43399999999997,0.0,0.0
0.0,0.0,0,1241,1241,0x68b5a1c02dea0958388eee5361f021018bd8dbe7,196.63833333333332,3.805903225806452,0.0,0.0
0.0,0.0,0,5,5,0x6b7774cb12ed7573a7586e7d0e62a2a563ddd3f0,38.752361111111114,232.51416666666665,0.0,0.0
