eth_sent,eth_received,num_sent_txs,num_received_txs,total_txs,in_degree,out_degree,sent_received_ratio,address,account_age_days,avg_time_diff_hours,avg_tx_value,std_dev_tx_value
0.0,0.01,7,1,8,1,2,0.0,0x73b642c6f9d63cb8af0db384c98e57ccd312dba6,108.02527777777777,370.3723809523809,0.00125,0.003535533905932738
0.02,0.0,11,0,11,0,2,20000.0,0x5bf72c54c28a1e97e549e718200e00a661be7d8c,638.3176388888888,1531.9623333333334,0.0018181818181818182,0.004045199174779452
0.0,0.01,0,16,16,2,0,0.0,0x68574c202bbcdf1d65d0f798ed8d8229547f397f,702.0097222222222,1123.2155555555555,0.000625,0.0025
0.0,0.0,0,11205,11205,394,0,0.0,0xdac17f958d2ee523a2206206994597c13d831ec7,1959.5113425925927,4.197453786346146,0.0,0.0
