eth_sent,eth_received,num_sent_txs,num_received_txs,total_txs,address
2.016544000000001,5.328454000000153,8,17,25,0x3bdb03ad7363152dfbc185ee23ebc93f0cf93fd1
0.0,1.0,1245,1,1246,0x732efacd14b0355999aebb133585787921aba3a9
0.0,0.0,0,6,6,0xe7c6bf469e97eeb0bfb74c8dbff5bd47d4c1c98a
0.0,0.0,0,1241,1241,0x68b5a1c02dea0958388eee5361f021018bd8dbe7
0.0,0.0,0,5,5,0x6b7774cb12ed7573a7586e7d0e62a2a563ddd3f0
