eth_sent,eth_received,num_sent_txs,num_received_txs,total_txs,address
25.387290280000002,0.0,491,0,491,0xb23360ccdd9ed1b15d45e5d3824bb409c8d7c460
0.0,0.06430526,172,183,355,0x7465e11114fed317e498674e40dc2aa37712796b
0.0,0.0,0,11205,11205,0xdac17f958d2ee523a2206206994597c13d831ec7
