eth_sent,eth_received,num_sent_txs,num_received_txs,total_txs,address,account_age_days,avg_time_diff_hours,avg_tx_value,std_dev_tx_value
25.387290280000002,0.0,491,0,491,0xb23360ccdd9ed1b15d45e5d3824bb409c8d7c460,807.0229166666667,39.52765306122449,0.05170527551934827,0.19580013150522838
0.0,0.06430526,172,183,355,0x7465e11114fed317e498674e40dc2aa37712796b,328.6588888888889,22.28195856873823,0.00018114157746478875,0.00044848943377546704
0.0,0.0,0,11205,11205,0xdac17f958d2ee523a2206206994597c13d831ec7,1959.5113425925927,4.197453786346146,0.0,0.0
