eth_sent,eth_received,num_sent_txs,num_received_txs,total_txs,address
0.0211654244334856,0.0,1,0,1,0x60c3266f6e1778b4eee0d96e9ced6592e4e2c4b6
0.0212973268346545,0.021389424433485602,3,3,6,0x751914b9f31887019ec775d452f927b7ba9aa4de
0.00016,0.0,1,0,1,0x57cef9ff53c1dcec1b1d843d06b18522a8217ef5
6.4e-05,0.0,1,0,1,0x119405ba876cdb9937ad36869ab6904d9a90141b
0.0,0.9482276970920844,0,5,5,0x3b3ab975f4150398a0d24299892b8a3f244dd853
0.0,0.0,0,92,92,0x95ad61b0a150d79219dcf64e1e6cc01f0b64c4ce
0.0,0.0054501793455968015,0,22,22,0xc4cbab6f25aacd8cadc432abb91b85698bf9b43e
