eth_sent,eth_received,num_sent_txs,num_received_txs,total_txs,address
6.2380582906379995,4466.4088900013485,66,110,176,0x1ab4973a48dc892cd9971ece8e01dcc7688f8f23
0.0,0.00021513089099999997,4,4,8,0x759e0b1f0fe63ff4b0dfebfc599ede5b410b6cc0
0.0,0.0,0,11205,11205,0xdac17f958d2ee523a2206206994597c13d831ec7
