eth_sent,eth_received,num_sent_txs,num_received_txs,total_txs,address,account_age_days,avg_time_diff_hours,avg_tx_value,std_dev_tx_value
380.81854021000004,0.0,320,0,320,0x21a31ee1afc51d94c2efccaa2092ad1028285549,1532.7846412037038,115.31922065482411,1.1900579381562502,7.275906843913503
0.7382375962053729,0.738363596205373,3,3,6,0x75eb094265f0477694a28d54c233642c5a25420a,157.85430555555556,757.7006666666666,0.24610019873512431,0.17866712012355665
0.434,0.0,1,0,1,0x8d18ec661b323508b8d982e39cceec1f6022e303,0.0,0.0,0.434,0.0
0.268063596205373,0.0,1,0,1,0x4e2f551c8ca9f8b0c7e74c6cb01f65a37a0df2c6,0.0,0.0,0.268063596205373,0.0
0.0,0.7382375962053729,1,3,4,0xcffad3200574698b78f32232aa9d63eabd290703,157.8451388888889,1262.7611111111112,0.18455939905134322,0.20430457430651924
