eth_sent,eth_received,num_sent_txs,num_received_txs,total_txs,in_degree,out_degree,sent_received_ratio,address,account_age_days,avg_time_diff_hours,avg_tx_value,std_dev_tx_value
0.0211654244334856,0.0,1,0,1,0,1,21165.4244334856,0x60c3266f6e1778b4eee0d96e9ced6592e4e2c4b6,0.0,0.0,0.0211654244334856,0.0
0.0212973268346545,0.021389424433485602,3,3,6,3,3,0.9956476974488938,0x751914b9f31887019ec775d452f927b7ba9aa4de,188.87694444444443,906.6093333333333,0.007114458544690017,0.010841597483681326
0.00016,0.0,1,0,1,0,1,160.00000000000003,0x57cef9ff53c1dcec1b1d843d06b18522a8217ef5,0.0,0.0,0.00016,0.0
6.4e-05,0.0,1,0,1,0,1,64.0,0x119405ba876cdb9937ad36869ab6904d9a90141b,0.0,0.0,6.4e-05,0.0
0.0,0.9482276970920844,0,5,5,5,0,0.0,0x3b3ab975f4150398a0d24299892b8a3f244dd853,1.8156944444444445,10.894166666666667,0.1896455394184169,0.3971556196364693
0.0,0.0,0,92,92,21,0,0.0,0x95ad61b0a150d79219dcf64e1e6cc01f0b64c4ce,1539.0030555555556,405.8909157509158,0.0,0.0
0.0,0.0054501793455968015,0,22,22,22,0,0.0,0xc4cbab6f25aacd8cadc432abb91b85698bf9b43e,0.004583333333333333,0.005238095238095238,0.0002477354247998545,1.216885152517588e-05
