eth_sent,eth_received,num_sent_txs,num_received_txs,total_txs,address
0.24894626047802398,0.2179469633733,8,7,15,0x8c9f1fe71b9a8d25e71e80fe76215bed59fd7870
0.18671696337330002,0.24894626047802398,6,8,14,0x757f64cfb374406d31f47214bfe139bded18b25a
