eth_sent,eth_received,num_sent_txs,num_received_txs,total_txs,in_degree,out_degree,sent_received_ratio,address,account_age_days,avg_time_diff_hours,avg_tx_value,std_dev_tx_value
1671.25585652,0.0993880881608027,42,1,43,1,13,16815.285132871493,0xa03400e098f4421b34a3a44a1b4e571419517687,592.6372222222222,338.64984126984126,38.86872661879444,60.416464238198905
0.0,0.0370234,30,1,31,1,2,0.0,0x773fef815eecc537a2810ca6c627e62681118adf,58.95847222222222,47.166777777777774,0.0011943032258064515,0.006649598939058098
0.0,0.0,0,11205,11205,394,0,0.0,0xdac17f958d2ee523a2206206994597c13d831ec7,1959.5113425925927,4.197453786346146,0.0,0.0
0.0,0.0,0,5741,5741,312,0,0.0,0xa0b86991c6218b36c1d19d4a2e9eb0ce3606eb48,1915.7207175925926,8.009982094463803,0.0,0.0
