eth_sent,eth_received,num_sent_txs,num_received_txs,total_txs,address
1671.25585652,0.0993880881608027,42,1,43,0xa03400e098f4421b34a3a44a1b4e571419517687
0.0,0.0370234,30,1,31,0x773fef815eecc537a2810ca6c627e62681118adf
0.0,0.0,0,11205,11205,0xdac17f958d2ee523a2206206994597c13d831ec7
0.0,0.0,0,5741,5741,0xa0b86991c6218b36c1d19d4a2e9eb0ce3606eb48
