eth_sent,eth_received,num_sent_txs,num_received_txs,total_txs,address
0.00016,0.0,1,0,1,0xc064a1bb2cd31e8a7809d8476fe9b6c96a83e66e
0.0002408285598766,0.00032,3,2,5,0x77e6011486b694ab06030c53821629ba265f8692
0.00016,0.0,1,0,1,0x2f84d822607d56dbf355ce6021941ce068c132dc
0.0,0.0,0,1,1,0x0b38210ea11411557c13457d4da7dc6ea731b88a
0.0,0.0,0,49,49,0x3593d125a4f7849a1b059e64f4517a86dd60c95d
0.0,0.0054501793455968015,0,22,22,0xc4cbab6f25aacd8cadc432abb91b85698bf9b43e
