eth_sent,eth_received,num_sent_txs,num_received_txs,total_txs,address,account_age_days,avg_time_diff_hours,avg_tx_value,std_dev_tx_value
0.009134915567184,0.0,13,9,22,0x77fab5c01ad8b5c3dac6264960578b1f6bc25161,551.3970833333333,1102.7941666666666,0.000415223434872,0.001535504571294318
0.0,0.0,0,14,14,0x932261f9fc8da46c4a22e31b45c4de60623848bf,332.9140277777778,614.6105128205128,0.0,0.0
0.0,9.328300539671984,0,41,41,0x6774bcbd5cecef1336b5300fb5186a12ddd8b367,337.9109722222222,202.74658333333332,0.22751952535785328,0.399351315500327
0.007367328,0.054161489358078,11,41,52,0x596a6192146f5e8d13e0b1754f6fa6551a0023cb,555.2276388888889,309.89449612403104,0.0011832464876553462,0.0019020174554460955
