eth_sent,eth_received,num_sent_txs,num_received_txs,total_txs,address
6.2380582906379995,4466.4088900013485,66,110,176,0x1ab4973a48dc892cd9971ece8e01dcc7688f8f23
0.0,0.000202660666,4,3,7,0x78868643fa63b56a3f21e5535010460a94d4ab1c
0.0,0.0,0,11205,11205,0xdac17f958d2ee523a2206206994597c13d831ec7
