eth_sent,eth_received,num_sent_txs,num_received_txs,total_txs,address,account_age_days,avg_time_diff_hours,avg_tx_value,std_dev_tx_value
7456.439361763225,5974.46930879042,398,320,718,0xba83e9ce38b10522e3d6061a12779b7526839eda,110.04818287037037,3.683621183945452,18.706000933918727,82.6251386053612
4.791656912,0.8,9,4,13,0x7822b7b190604eaeb4dcaabd2dd5e1daafcb9d46,1.8704282407407407,3.7408564814814818,0.4301274547692308,0.5396657016985921
0.0,0.0,0,23,23,0xbbb1bd2d741f05e144e6c4517676a15554fd4b8d,5.673217592592593,6.188964646464647,0.0,0.0
0.0,7.5619342,0,1457,1457,0x8d12a197cb00d4747a1fe03395095ce2a5cc6819,1023.5735416666666,16.872091346153844,0.005190071516815374,0.0911799956847303
0.0,0.0,0,12,12,0xb24754be79281553dc1adc160ddf5cd9b74361a4,251.75664351851853,549.2872222222222,0.0,0.0
