eth_sent,eth_received,num_sent_txs,num_received_txs,total_txs,in_degree,out_degree,sent_received_ratio,address,account_age_days,avg_time_diff_hours,avg_tx_value,std_dev_tx_value
0.0039112766015699,0.0,1,0,1,0,1,3911.2766015699,0x3e476443dc1443c03f6832ef62f1bfe0bdc713f0,0.0,0.0,0.0039112766015699,0.0
0.0,0.0039112766015699,18,1,19,1,1,0.0,0x78ad0c30fc347741060fe02b1140aafdb128504e,41.86666666666667,55.82222222222222,0.00020585666324052105,0.0008973083919199154
0.0,0.0,0,5741,5741,312,0,0.0,0xa0b86991c6218b36c1d19d4a2e9eb0ce3606eb48,1915.7207175925926,8.009982094463803,0.0,0.0
