eth_sent,eth_received,num_sent_txs,num_received_txs,total_txs,address,account_age_days,avg_time_diff_hours,avg_tx_value,std_dev_tx_value
6.2380582906379995,4466.4088900013485,66,110,176,0x1ab4973a48dc892cd9971ece8e01dcc7688f8f23,560.7894444444445,76.90826666666666,25.412766751659024,46.3532283537195
0.0,0.000202660666,4,3,7,0x78868643fa63b56a3f21e5535010460a94d4ab1c,0.19875,0.795,2.8951523714285715e-05,5.3390726695421336e-05
0.0,0.0,0,11205,11205,0xdac17f958d2ee523a2206206994597c13d831ec7,1959.5113425925927,4.197453786346146,0.0,0.0
