eth_sent,eth_received,num_sent_txs,num_received_txs,total_txs,address
0.0039112766015699,0.0,1,0,1,0x3e476443dc1443c03f6832ef62f1bfe0bdc713f0
0.0,0.0039112766015699,18,1,19,0x78ad0c30fc347741060fe02b1140aafdb128504e
0.0,0.0,0,5741,5741,0xa0b86991c6218b36c1d19d4a2e9eb0ce3606eb48
