eth_sent,eth_received,num_sent_txs,num_received_txs,total_txs,address
7456.439361763225,5974.46930879042,398,320,718,0xba83e9ce38b10522e3d6061a12779b7526839eda
4.791656912,0.8,9,4,13,0x7822b7b190604eaeb4dcaabd2dd5e1daafcb9d46
0.0,0.0,0,23,23,0xbbb1bd2d741f05e144e6c4517676a15554fd4b8d
0.0,7.5619342,0,1457,1457,0x8d12a197cb00d4747a1fe03395095ce2a5cc6819
0.0,0.0,0,12,12,0xb24754be79281553dc1adc160ddf5cd9b74361a4
