eth_sent,eth_received,num_sent_txs,num_received_txs,total_txs,address
0.049,0.0,3,0,3,0x9430801ebaf509ad49202aabc5f5bc6fd8a3daf8
0.0,0.15400000000000003,3,2,5,0x79c8fb9dd7c39e997482a460a6873a2b27a499b6
1.43257623,0.0,2,0,2,0x58b704065b7aff3ed351052f8560019e05925023
0.0,0.0,0,11205,11205,0xdac17f958d2ee523a2206206994597c13d831ec7
