eth_sent,eth_received,num_sent_txs,num_received_txs,total_txs,address,account_age_days,avg_time_diff_hours,avg_tx_value,std_dev_tx_value
0.001160800012659,0.0,1,0,1,0x291cd03960283b5734949a9d1726409136f214d9,0.0,0.0,0.001160800012659,0.0
1180.83604998,16032.761666857281,297,237,534,0x28c6c06298d514db089934071355e5743bf21d60,1532.6296527777777,69.01146654158849,32.23520171692374,74.22571340519141
0.106,0.132557150012659,10,4,14,0x792d7a690fee36099c5e26730b8432631fc2e221,859.5411111111111,1586.8451282051283,0.017039796429475642,0.038356960783369504
2785.09719086,88.48972635484162,110,198,308,0xf89d7b9c864f589bbf53a82105107622b35eaa40,989.0069444444445,77.31650380021716,9.329827653294942,52.24859152435264
261.08561597000005,0.0,308,0,308,0xdfd5293d8e347dfe59e90efd55b2956a1343963d,1506.6719791666667,117.7854315960912,0.8476805713311688,4.911604496911626
0.0,0.0,0,2,2,0x4a220e6096b25eadb88358cb44068a3248254675,572.3594444444444,13736.626666666667,0.0,0.0
0.0,4.093,0,10,10,0x59861265f201088607e691dc3e4e317197cc99d7,586.2390277777778,1563.3040740740742,0.4093,0.2918692287081094
0.0,0.0,0,5741,5741,0xa0b86991c6218b36c1d19d4a2e9eb0ce3606eb48,1915.7207175925926,8.009982094463803,0.0,0.0
0.0,0.0,0,1,1,0x9d1a7a3191102e9f900faa10540837ba84dcbae7,0.0,0.0,0.0,0.0
