eth_sent,eth_received,num_sent_txs,num_received_txs,total_txs,address,account_age_days,avg_time_diff_hours,avg_tx_value,std_dev_tx_value
0.049,0.0,3,0,3,0x9430801ebaf509ad49202aabc5f5bc6fd8a3daf8,877.8325,10533.99,0.016333333333333335,0.0032145502536643188
0.0,0.15400000000000003,3,2,5,0x79c8fb9dd7c39e997482a460a6873a2b27a499b6,138.80027777777778,832.8016666666666,0.030800000000000004,0.06134492644057861
1.43257623,0.0,2,0,2,0x58b704065b7aff3ed351052f8560019e05925023,0.8384722222222222,20.123333333333335,0.716288115,0.8149944680674259
0.0,0.0,0,11205,11205,0xdac17f958d2ee523a2206206994597c13d831ec7,1959.5113425925927,4.197453786346146,0.0,0.0
