eth_sent,eth_received,num_sent_txs,num_received_txs,total_txs,address
0.001160800012659,0.0,1,0,1,0x291cd03960283b5734949a9d1726409136f214d9
1180.83604998,16032.761666857281,297,237,534,0x28c6c06298d514db089934071355e5743bf21d60
0.106,0.132557150012659,10,4,14,0x792d7a690fee36099c5e26730b8432631fc2e221
2785.09719086,88.48972635484162,110,198,308,0xf89d7b9c864f589bbf53a82105107622b35eaa40
261.08561597000005,0.0,308,0,308,0xdfd5293d8e347dfe59e90efd55b2956a1343963d
0.0,0.0,0,2,2,0x4a220e6096b25eadb88358cb44068a3248254675
0.0,4.093,0,10,10,0x59861265f201088607e691dc3e4e317197cc99d7
0.0,0.0,0,5741,5741,0xa0b86991c6218b36c1d19d4a2e9eb0ce3606eb48
0.0,0.0,0,1,1,0x9d1a7a3191102e9f900faa10540837ba84dcbae7
