eth_sent,eth_received,num_sent_txs,num_received_txs,total_txs,address
0.0009675533182525,0.0,3,0,3,0x59891e6ba52d31b5612dc01d585c2561ae6628c1
0.0,0.0053597305485839734,59,11,70,0x7af007c990cb3c73bf89c65dc1b99f913067fe30
0.001834022774616674,0.0,4,0,4,0x64bd83be58924106695ca923b159cbebb20628bd
0.0010196544008584,0.0,3,0,3,0x425f473795b15fae7310cfb3b4ba8e0bfeffc421
0.0015385000548564,0.0,1,0,1,0x1651a65f3f5e31411b32930f518bb12c49ea4e6b
0.0,0.0,0,11205,11205,0xdac17f958d2ee523a2206206994597c13d831ec7
