eth_sent,eth_received,num_sent_txs,num_received_txs,total_txs,address
174.90205128999995,0.0,95,0,95,0x0d0707963952f2fba59dd06f2b425ace40b492fe
0.2771521114303759,0.26544188173794087,16,9,25,0x7a45d2553af3615d35a1a9785bc14babf88b6b04
0.0126122417379409,0.0,1,0,1,0x248739adc0546b01c15076502365a0ef6e34c552
0.0,71.69771557070139,0,931,931,0x0000000000001ff3684f28c67538d4d072c22734
0.0,0.0,0,5741,5741,0xa0b86991c6218b36c1d19d4a2e9eb0ce3606eb48
0.0,129.6778677068854,0,469,469,0x1231deb6f5749ef6ce6943a275a1d3e7486f4eae
0.0,0.0013321,0,1,1,0xb6cd0775ef69f3d91c7f68aaeee27fbd2c44062d
