eth_sent,eth_received,num_sent_txs,num_received_txs,total_txs,address
0.12,0.26,5,2,7,0x9a0860f662523bcc2b5c352228fed1de47b5f5ec
5.2445075546,0.0,2,0,2,0x585c99170c3832014005e54e8f2cb77686841633
0.2,0.0,2,0,2,0xdd22b6e44d0bcecacd0d461f04f5c60b64097988
0.0,4.0545075546,0,5,5,0x7a18cfc4a36e48163034e51a9ed19d4bdea05f6f
