eth_sent,eth_received,num_sent_txs,num_received_txs,total_txs,in_degree,out_degree,sent_received_ratio,address,account_age_days,avg_time_diff_hours,avg_tx_value,std_dev_tx_value
0.12,0.26,5,2,7,1,2,0.46153668639736,0x9a0860f662523bcc2b5c352228fed1de47b5f5ec,1.2984953703703703,5.193981481481481,0.054285714285714284,0.06477065767180457
5.2445075546,0.0,2,0,2,0,2,5244507.5546,0x585c99170c3832014005e54e8f2cb77686841633,33.18741898148148,796.4980555555555,2.6222537773,1.5871065122820953
0.2,0.0,2,0,2,0,1,200000.00000000003,0xdd22b6e44d0bcecacd0d461f04f5c60b64097988,0.0009143518518518518,0.021944444444444444,0.1,0.0
0.0,4.0545075546,0,5,5,3,0,0.0,0x7a18cfc4a36e48163034e51a9ed19d4bdea05f6f,1.0530555555555556,6.318333333333333,0.81090151092,1.6403986195735152
