eth_sent,eth_received,num_sent_txs,num_received_txs,total_txs,in_degree,out_degree,sent_received_ratio,address,account_age_days,avg_time_diff_hours,avg_tx_value,std_dev_tx_value
0.0009675533182525,0.0,3,0,3,0,1,967.5533182525,0x59891e6ba52d31b5612dc01d585c2561ae6628c1,23.149722222222223,277.7966666666667,0.00032251777275083335,0.0002002304884379549
0.0,0.0053597305485839734,59,11,70,4,1,0.0,0x7af007c990cb3c73bf89c65dc1b99f913067fe30,24.914305555555554,8.66584541062802,7.656757926548535e-05,0.00024089461854541388
0.001834022774616674,0.0,4,0,4,0,1,1834.022774616674,0x64bd83be58924106695ca923b159cbebb20628bd,23.867916666666666,190.94333333333333,0.0004585056936541685,0.00038615148222130683
0.0010196544008584,0.0,3,0,3,0,1,1019.6544008584,0x425f473795b15fae7310cfb3b4ba8e0bfeffc421,21.15,253.8,0.0003398848002861333,0.00010107598116585834
0.0015385000548564,0.0,1,0,1,0,1,1538.5000548564,0x1651a65f3f5e31411b32930f518bb12c49ea4e6b,0.0,0.0,0.0015385000548564,0.0
0.0,0.0,0,11205,11205,394,0,0.0,0xdac17f958d2ee523a2206206994597c13d831ec7,1959.5113425925927,4.197453786346146,0.0,0.0
