eth_sent,eth_received,num_sent_txs,num_received_txs,total_txs,in_degree,out_degree,sent_received_ratio,address,account_age_days,avg_time_diff_hours,avg_tx_value,std_dev_tx_value
174.90205128999995,0.0,95,0,95,0,31,174902051.28999996,0x0d0707963952f2fba59dd06f2b425ace40b492fe,2610.3147685185186,666.4633451536644,1.841074224105263,7.640386395053293
0.2771521114303759,0.26544188173794087,16,9,25,2,4,1.044112050079365,0x7a45d2553af3615d35a1a9785bc14babf88b6b04,51.60944444444444,51.60944444444444,0.021703759726732674,0.015004615578863555
0.0126122417379409,0.0,1,0,1,0,1,12612.241737940902,0x248739adc0546b01c15076502365a0ef6e34c552,0.0,0.0,0.0126122417379409,0.0
0.0,71.69771557070139,0,931,931,67,0,0.0,0x0000000000001ff3684f28c67538d4d072c22734,301.1926388888889,7.772713261648746,0.07701150974296604,1.0450143511542198
0.0,0.0,0,5741,5741,312,0,0.0,0xa0b86991c6218b36c1d19d4a2e9eb0ce3606eb48,1915.7207175925926,8.009982094463803,0.0,0.0
0.0,129.6778677068854,0,469,469,53,0,0.0,0x1231deb6f5749ef6ce6943a275a1d3e7486f4eae,708.1729166666667,36.316559829059834,0.27649865182704775,1.3215193889971413
0.0,0.0013321,0,1,1,1,0,0.0,0xb6cd0775ef69f3d91c7f68aaeee27fbd2c44062d,0.0,0.0,0.0013321,0.0
