eth_sent,eth_received,num_sent_txs,num_received_txs,total_txs,address
382.3806886357,0.9444430823469055,292,6,298,0x267be1c1d684f78cb4f6a176c4911b741e4ffdc0
0.48462105092405194,0.4846954,2,3,5,0x7a03ee0fa70760d84f18a3b298a3bcce8b909799
0.0,0.48462105092405194,0,2,2,0x3a09c40f8f7b93c8c7e09a5422e56dfe7c7d2794
