eth_sent,eth_received,num_sent_txs,num_received_txs,total_txs,address
0.2,0.0,2,0,2,0xf89369d88b41eb14c2a4ac4dd9a4baeadb37fd0e
0.2,0.0,2,0,2,0x05ee58cab1de20e8155a02210333c03e8f718e41
0.2,0.0,2,0,2,0x0251a655c2193b1d1435019dc833cfd8b2adff71
63.237576887328586,0.139895,56,3,59,0x7ed1e469fcb3ee19c0366d829e291451be638e59
0.092,0.0,2,0,2,0xf6b4e16b9bd602e10c60543e96158cad2d031824
0.88,0.892,4,10,14,0x7bb386c33486fe345168d0af94bef03897e16022
587.31141325,1.5142898999780352,261,4,265,0x3f5ce5fbfe3e9af3971dd833d26ba9b5c936f0be
0.0,0.0,0,47,47,0x58b6a8a3302369daec383334672404ee733ab239
