eth_sent,eth_received,num_sent_txs,num_received_txs,total_txs,in_degree,out_degree,sent_received_ratio,address,account_age_days,avg_time_diff_hours,avg_tx_value,std_dev_tx_value
0.009337204107146,0.007438889305593,11,10,21,2,3,1.255019224563822,0x7b0ac16626ca600c339d4ab1d60f8f0962b6ff4a,46.39875,101.23363636363635,0.0007988615910828096,0.0022370234140524237
0.007438889305593,0.0,1,0,1,0,1,7438.889305593,0x409d2ed3fd0b7361cc8b541955ef9dfc64fe2560,0.0,0.0,0.007438889305593,0.0
0.0,0.001970594695715,0,1,1,1,0,0.0,0xf9565175480c7f788e44fdf81f64dff541bf0f9e,0.0,0.0,0.001970594695715,0.0
0.0,0.007366609411431,0,1,1,1,0,0.0,0xd62d6fb696e8f52ded36c68fccaf75e0d8bfbf97,0.0,0.0,0.007366609411431,0.0
