eth_sent,eth_received,num_sent_txs,num_received_txs,total_txs,address,account_age_days,avg_time_diff_hours,avg_tx_value,std_dev_tx_value
0.2,0.0,2,0,2,0xf89369d88b41eb14c2a4ac4dd9a4baeadb37fd0e,0.0,0.0,0.1,0.0
0.2,0.0,2,0,2,0x05ee58cab1de20e8155a02210333c03e8f718e41,0.0,0.0,0.1,0.0
0.2,0.0,2,0,2,0x0251a655c2193b1d1435019dc833cfd8b2adff71,0.0,0.0,0.1,0.0
63.237576887328586,0.139895,56,3,59,0x7ed1e469fcb3ee19c0366d829e291451be638e59,590.3576736111111,244.285933908046,1.0741944387682811,4.945374174921218
0.092,0.0,2,0,2,0xf6b4e16b9bd602e10c60543e96158cad2d031824,0.0,0.0,0.046,0.0
0.88,0.892,4,10,14,0x7bb386c33486fe345168d0af94bef03897e16022,1919.330138888889,3543.3787179487176,0.1265714285714286,0.13788161827938
587.31141325,1.5142898999780352,261,4,265,0x3f5ce5fbfe3e9af3971dd833d26ba9b5c936f0be,1340.3507523148148,121.85006839225589,2.2219837854716147,7.594647674432683
0.0,0.0,0,47,47,0x58b6a8a3302369daec383334672404ee733ab239,2312.598703703704,1206.5732367149758,0.0,0.0
