eth_sent,eth_received,num_sent_txs,num_received_txs,total_txs,address
0.0,0.00022471489054828902,742,2,744,0x7c088b4c6dceae8889e1fcc8c52de8cb930f89a0
4.518628132919125,0.0,127,0,127,0x95222290dd7278aa3ddd389cc1e1d165cc4bafe5
4.36919531750734,0.0,132,0,132,0x4838b106fce9647bdf1e7877bf73ce8b0bad5f97
0.0,0.0,0,596,596,0x5ff137d4b0fdcd49dca30c7cf57e578a026d2789
0.0,0.0,0,1899,1899,0x0000000071727de22e5e9d8baf0edac6f37da032
