eth_sent,eth_received,num_sent_txs,num_received_txs,total_txs,address
229.51728115407397,0.0,656,0,656,0x46340b20830761efd32832a74d7169b29feb9758
0.0785556430608302,0.07860479484346819,1,4,5,0x7c0a43691bb107184f833aedb403af78408df6ae
13.60678116,0.0785556430608302,231,1,232,0x9a10da8ce77f26231860764a2caab36e70584c4b
