eth_sent,eth_received,num_sent_txs,num_received_txs,total_txs,address,account_age_days,avg_time_diff_hours,avg_tx_value,std_dev_tx_value
229.51728115407397,0.0,656,0,656,0x46340b20830761efd32832a74d7169b29feb9758,1742.6767708333334,63.85380534351145,0.3498739041982835,0.8540319028239794
0.0785556430608302,0.07860479484346819,1,4,5,0x7c0a43691bb107184f833aedb403af78408df6ae,0.02763888888888889,0.16583333333333333,0.03143208758085968,0.028523959591008317
13.60678116,0.0785556430608302,231,1,232,0x9a10da8ce77f26231860764a2caab36e70584c4b,388.2104166666667,40.333549783549785,0.05898852070284841,0.07564913182057918
