eth_sent,eth_received,num_sent_txs,num_received_txs,total_txs,address,account_age_days,avg_time_diff_hours,avg_tx_value,std_dev_tx_value
0.001,0.0,1,0,1,0xff9407cfea65050d23c490c93a36b3a5d0c94a4a,0.0,0.0,0.001,0.0
0.0015181405706628,0.00116,5,2,7,0x7ddbdd36e603278490020faf028f5b411114a7ff,166.57083333333333,666.2833333333333,0.0003825915100946858,0.00038229070226288096
0.00016,0.0,1,0,1,0x842c33ed59f85416a221507f3a45bfdf974e181e,0.0,0.0,0.00016,0.0
0.0,0.0,0,12,12,0x45804880de22913dafe09f4980848ece6ecbaf78,563.74125,1229.980909090909,0.0,0.0
0.0,0.0,0,55,55,0x163f8c2467924be0ae7b5347228cabf260318753,400.0759722222222,177.81154320987653,0.0,0.0
0.0,0.00064,0,1,1,0x611c2446a2f83176a8117ea11b6b1542c6ae694b,0.0,0.0,0.00064,0.0
0.0,0.00064,0,1,1,0x50a8789a8d5db6e3ac49333744a0bed629a54731,0.0,0.0,0.00064,0.0
0.0,0.0054501793455968015,0,22,22,0xc4cbab6f25aacd8cadc432abb91b85698bf9b43e,0.004583333333333333,0.005238095238095238,0.0002477354247998545,1.216885152517588e-05
