eth_sent,eth_received,num_sent_txs,num_received_txs,total_txs,in_degree,out_degree,sent_received_ratio,address,account_age_days,avg_time_diff_hours,avg_tx_value,std_dev_tx_value
129.65836502,0.0,259,0,259,0,66,129658365.02,0x4976a4a02f38326660d17bf34b431dc6e2eb2327,1395.5531365740742,129.81889642549527,0.500611447953668,1.5680482408800984
3.6678918677119503,3.6786824396729854,89,82,171,8,5,0.9970664581125267,0x7ee3aca81b9eeb431740dd351b190a44c0ea31d7,85.95069444444445,12.13421568627451,0.042962422850204296,0.06795269045261428
2.388353422396,4.475287680110204,16,34,50,1,2,0.533675834815015,0xd5fbda4c79f38920159fe5f22df9655fde292d47,370.1322222222222,181.28925170068027,0.1372728220501241,0.17865825410764624
261.08561597000005,0.0,308,0,308,0,57,261085615.97000006,0xdfd5293d8e347dfe59e90efd55b2956a1343963d,1506.6719791666667,117.7854315960912,0.8476805713311688,4.911604496911626
1180.83604998,16032.761666857281,297,237,534,8,72,0.07365144411441965,0x28c6c06298d514db089934071355e5743bf21d60,1532.6296527777777,69.01146654158849,32.23520171692374,74.22571340519141
380.81854021000004,0.0,320,0,320,0,72,380818540.21000004,0x21a31ee1afc51d94c2efccaa2092ad1028285549,1532.7846412037038,115.31922065482411,1.1900579381562502,7.275906843913503
754.93533307,0.0,221,0,221,0,63,754935333.0699999,0x56eddb7aa87536c09ccc2793473599fd21a8b17f,1513.7317476851852,165.1343724747475,3.415996982217195,31.648237211748274
294.24562943,0.0,240,0,240,0,64,294245629.43,0x9696f59e4d72e237be84ffd425dcad154bf96976,1470.2332175925926,147.63848210134822,1.2260234559583334,5.8064564647822365
0.9535238774767258,4.647498609105796,17,49,66,1,2,0.20516922166243903,0x580450dff316ae00d0fbef9621a304020a046ce2,46.69611111111111,17.241641025641027,0.08486397706943215,0.05914701259457307
0.0,0.0,0,5741,5741,312,0,0.0,0xa0b86991c6218b36c1d19d4a2e9eb0ce3606eb48,1915.7207175925926,8.009982094463803,0.0,0.0
0.0,0.4679023636571175,0,2,2,1,0,0.0,0x74aeb812b9af819d0340c300760ee685241485dc,23.509166666666665,564.22,0.23395118182855876,0.04539774482228551
0.0,0.0,0,11205,11205,394,0,0.0,0xdac17f958d2ee523a2206206994597c13d831ec7,1959.5113425925927,4.197453786346146,0.0,0.0
0.0,1.6358474707178496,0,46,46,1,0,0.0,0xa9a38bb4d0e27adf245d106887f9bef9113ea874,76.56027777777778,40.83214814814815,0.03556190153734456,0.06886800338260554
0.0,1.5641420333369827,0,28,28,1,0,0.0,0x2fd5ff7d48ea47fe4e836f66b95fbd54d3548684,74.58402777777778,66.29691358024691,0.05586221547632081,0.05480000646497027
