eth_sent,eth_received,num_sent_txs,num_received_txs,total_txs,address
1671.25585652,0.0993880881608027,42,1,43,0xa03400e098f4421b34a3a44a1b4e571419517687
0.0338787067206553,0.03538007,9,5,14,0x7e70336a5ff6a84163f7ac22c80853b2772e46ca
0.0001469,0.0338787067206553,2,1,3,0xd3f737c5bbb028354859a065a7ccf4721efd44df
2e-06,0.0,2,0,2,0xd3f7058cbb00d7e3e421bd929016026d958a44df
0.0,0.0,0,11205,11205,0xdac17f958d2ee523a2206206994597c13d831ec7
0.0,71.69771557070139,0,931,931,0x0000000000001ff3684f28c67538d4d072c22734
0.0,0.0,0,3,3,0x50327c6c5a14dcade707abad2e27eb517df87ab5
