eth_sent,eth_received,num_sent_txs,num_received_txs,total_txs,in_degree,out_degree,sent_received_ratio,address,account_age_days,avg_time_diff_hours,avg_tx_value,std_dev_tx_value
1671.25585652,0.0993880881608027,42,1,43,1,13,16815.285132871493,0xa03400e098f4421b34a3a44a1b4e571419517687,592.6372222222222,338.64984126984126,38.86872661879444,60.416464238198905
0.0338787067206553,0.03538007,9,5,14,3,4,0.9575376527802947,0x7e70336a5ff6a84163f7ac22c80853b2772e46ca,148.99541666666667,275.0684615384615,0.004947055480046807,0.012546488903047487
0.0001469,0.0338787067206553,2,1,3,1,1,0.0043359289149466,0xd3f737c5bbb028354859a065a7ccf4721efd44df,0.007638888888888889,0.09166666666666666,0.0113418689068851,0.019517488155129922
2e-06,0.0,2,0,2,0,1,2.0,0xd3f7058cbb00d7e3e421bd929016026d958a44df,0.00375,0.09,1e-06,0.0
0.0,0.0,0,11205,11205,394,0,0.0,0xdac17f958d2ee523a2206206994597c13d831ec7,1959.5113425925927,4.197453786346146,0.0,0.0
0.0,71.69771557070139,0,931,931,67,0,0.0,0x0000000000001ff3684f28c67538d4d072c22734,301.1926388888889,7.772713261648746,0.07701150974296604,1.0450143511542198
0.0,0.0,0,3,3,2,0,0.0,0x50327c6c5a14dcade707abad2e27eb517df87ab5,360.7183333333333,4328.62,0.0,0.0
