eth_sent,eth_received,num_sent_txs,num_received_txs,total_txs,address
0.2010682342380038,0.41000000000000003,1548,4,1552,0xf554adcbaf50849089a7788e256944ce2a2c6e4a
0.0,8.7474e-13,0,1290,1290,0x7e6dab8766010116c6f8b75ed06ef7d8d788ff0a
