eth_sent,eth_received,num_sent_txs,num_received_txs,total_txs,in_degree,out_degree,sent_received_ratio,address,account_age_days,avg_time_diff_hours,avg_tx_value,std_dev_tx_value
0.2010682342380038,0.41000000000000003,1548,4,1552,2,15,0.4904091312899329,0xf554adcbaf50849089a7788e256944ce2a2c6e4a,119.21333333333334,1.8446937459703419,0.0003937295323698478,0.007199954261049116
0.0,8.7474e-13,0,1290,1290,1,0,0.0,0x7e6dab8766010116c6f8b75ed06ef7d8d788ff0a,82.67305555555555,1.5392966123610032,6.78093023255814e-16,8.94006803247089e-17
