eth_sent,eth_received,num_sent_txs,num_received_txs,total_txs,address,account_age_days,avg_time_diff_hours,avg_tx_value,std_dev_tx_value
9.065582751393821,0.0,208,0,208,0x511531b5877fc1cc5cb8df2eb2a7b3f48731b691,88.09375,10.21376811594203,0.043584532458624134,0.024103344793391258
9.122786289216,9.127855927268264,83,210,293,0x7e0b2b7745b95ebc47f98720a8947cb0f0ff0a13,88.12861111111111,7.243447488584475,0.06228888128492922,0.06015528575299986
0.055,0.0,2,0,2,0xdbd2f1d1974d051e2d77d962689482b07b61087f,0.012083333333333333,0.29,0.0275,0.01767766952966369
0.0072731758744444,0.0,1,0,1,0xb8c11ab91fe3d23413ccdbc312b237a4be21a54d,0.0,0.0,0.0072731758744444,0.0
2.388353422396,4.475287680110204,16,34,50,0xd5fbda4c79f38920159fe5f22df9655fde292d47,370.1322222222222,181.28925170068027,0.1372728220501241,0.17865825410764624
0.9535238774767258,4.647498609105796,17,49,66,0x580450dff316ae00d0fbef9621a304020a046ce2,46.69611111111111,17.241641025641027,0.08486397706943215,0.05914701259457307
