eth_sent,eth_received,num_sent_txs,num_received_txs,total_txs,address
9.065582751393821,0.0,208,0,208,0x511531b5877fc1cc5cb8df2eb2a7b3f48731b691
9.122786289216,9.127855927268264,83,210,293,0x7e0b2b7745b95ebc47f98720a8947cb0f0ff0a13
0.055,0.0,2,0,2,0xdbd2f1d1974d051e2d77d962689482b07b61087f
0.0072731758744444,0.0,1,0,1,0xb8c11ab91fe3d23413ccdbc312b237a4be21a54d
2.388353422396,4.475287680110204,16,34,50,0xd5fbda4c79f38920159fe5f22df9655fde292d47
0.9535238774767258,4.647498609105796,17,49,66,0x580450dff316ae00d0fbef9621a304020a046ce2
