eth_sent,eth_received,num_sent_txs,num_received_txs,total_txs,address,account_age_days,avg_time_diff_hours,avg_tx_value,std_dev_tx_value
0.0019805370396,0.0,1,0,1,0xef8801eaf234ff82801821ffe2d78d60a0237f97,0.0,0.0,0.0019805370396,0.0
0.19466708439962802,0.1951880719901612,13,12,25,0x7f3c43bf055d620bb4f69323f633f33219e012c8,4.982916666666667,4.982916666666667,0.015594206255591568,0.011926043247268855
229.51728115407397,0.0,656,0,656,0x46340b20830761efd32832a74d7169b29feb9758,1742.6767708333334,63.85380534351145,0.3498739041982835,0.8540319028239794
0.0,0.0,0,181,181,0x6982508145454ce325ddbe47a25d4ec3d2311933,834.1009722222223,111.21346296296296,0.0,0.0
10.521339549,0.19466708439962802,79,12,91,0xcbd6832ebc203e49e2b771897067fce3c58575ac,1231.3895254629629,328.3705401234568,0.11775831465274317,0.3687162301006988
