eth_sent,eth_received,num_sent_txs,num_received_txs,total_txs,address
0.04624,0.0,1,0,1,0x29edf8dedc516cdea3b63fdd1058958849049f2f
0.1009915747978089,0.10181,3,4,7,0x7fef09055a3d3a6eed753003c96ca7d1996c6e0c
0.01842,0.0,1,0,1,0x1a47567ff6d5df18de6a8052afa876973eb03251
0.01789,0.0,1,0,1,0xcd97778470ef9906a96263d9fa3fa4307f4e139e
0.01926,0.0,1,0,1,0xd575ccf753c22feb403d3afaca48985f6ebecaab
0.0,0.1728496207889339,0,5,5,0xdc8dd6a5b2976b757b14bd29251ade3ae5c82cbd
0.0,0.0,0,11205,11205,0xdac17f958d2ee523a2206206994597c13d831ec7
