eth_sent,eth_received,num_sent_txs,num_received_txs,total_txs,address
0.0019805370396,0.0,1,0,1,0xef8801eaf234ff82801821ffe2d78d60a0237f97
0.19466708439962802,0.1951880719901612,13,12,25,0x7f3c43bf055d620bb4f69323f633f33219e012c8
229.51728115407397,0.0,656,0,656,0x46340b20830761efd32832a74d7169b29feb9758
0.0,0.0,0,181,181,0x6982508145454ce325ddbe47a25d4ec3d2311933
10.521339549,0.19466708439962802,79,12,91,0xcbd6832ebc203e49e2b771897067fce3c58575ac
