eth_sent,eth_received,num_sent_txs,num_received_txs,total_txs,address
380.81854021000004,0.0,320,0,320,0x21a31ee1afc51d94c2efccaa2092ad1028285549
0.0,0.00743639,9,1,10,0x7f7cc84217b661c8ee10bf57d175ad2b5800a32f
0.0,0.0,0,5741,5741,0xa0b86991c6218b36c1d19d4a2e9eb0ce3606eb48
0.0,0.0,0,2,2,0xd2011d314acaa68e5401e7f5aec3be6d2c574dcf
0.0,0.0,0,402,402,0x87870bca3f3fd6335c3f4ce8392d69350b4fa4e2
0.0,0.0,0,1,1,0x98c23e9d8f34fefb1b7bd6a91b7ff122f4e16f5c
