eth_sent,eth_received,num_sent_txs,num_received_txs,total_txs,address
0.009552738608488057,0.007437564483843,11,8,19,0x7f2559e40d48c5de85bea540853e7e3d123c7003
0.007437564483843,0.0,1,0,1,0x2d94e378303ba412d6469541619259768c5ba5f3
0.0,0.001971143446925,0,1,1,0xb9ea871164cfcb8ab77f3fcd98abdb0dac139f99
0.0,0.00425,0,27,27,0xfe5fc40c15c67983694642f9a8711241157fdb0a
0.0,0.00108075907411042,0,25,25,0x565e79f526245cae4a8c130ad95c7a2778f3ab4b
0.0,0.007385950796088,0,1,1,0xc22a53b16748cb9956cd62042dbef0a7496fba71
