eth_sent,eth_received,num_sent_txs,num_received_txs,total_txs,address,account_age_days,avg_time_diff_hours,avg_tx_value,std_dev_tx_value
9.2530715360333,0.0,4,0,4,0x638b3b933b58c48c810edcd9cba47136277b609f,131.655,1053.24,2.313267884008325,3.7266990099961252
12.113182111635753,7.891171472817878,14,3,17,0x81daa9a984fe381d3a3e18c4f968313ffd385e71,130.19625,195.294375,1.176726681438449,1.972681569767281
1e-06,0.0,1,0,1,0x8a739939b12ac59ecbc3ceaf92106f42b6cb88b1,0.0,0.0,1e-06,0.0
1e-05,0.0,1,0,1,0x8a47cd26af7c17b74a6964f59ca814fad14e88b1,0.0,0.0,1e-05,0.0
7.279434674688169,13.475093174851175,8,17,25,0x8a4763c4e1a4e9751c33fac02935b60b0bcb88b1,261.85125,261.85125,0.8301811139815737,0.9047897538104659
