eth_sent,eth_received,num_sent_txs,num_received_txs,total_txs,in_degree,out_degree,sent_received_ratio,address,account_age_days,avg_time_diff_hours,avg_tx_value,std_dev_tx_value
1.1,0.0,1,0,1,0,1,1100000.0000000002,0x0a60c30400c147f1de7308a5d28099abd60bbb35,0.0,0.0,1.1,0.0
3.77,1.1,20,1,21,1,3,3.4272696115730805,0x81be00f10866ca8d13292f604f02de4e90010904,1.267638888888889,1.5211666666666666,0.23190476190476192,0.4105803094111924
0.0,51.37316875264784,0,175,175,17,0,0.0,0x80a64c6d7f12c47b7c66c5b4e20e72bc1fcd5d9e,603.8816666666667,83.29402298850574,0.29356096430084483,0.32116860242078266
0.0,0.0,0,1,1,1,0,0.0,0x4393b54385e91824a2ae5dfd35e226a3313a1a18,0.0,0.0,0.0,0.0
0.0,0.09,0,8,8,2,0,0.0,0xb0999731f7c2581844658a9d2ced1be0077b7397,9.42625,32.31857142857143,0.01125,0.0035355339059327377
