eth_sent,eth_received,num_sent_txs,num_received_txs,total_txs,address
0.003265,0.0,1,0,1,0xf5433f14939fb8d185a494f058596922c36e88ab
0.0,0.003265,8,9,17,0x8122aa99510658b5ead2c6bce6ad4537a5b52ef8
