eth_sent,eth_received,num_sent_txs,num_received_txs,total_txs,address,account_age_days,avg_time_diff_hours,avg_tx_value,std_dev_tx_value
0.08548860980872929,0.0,6,0,6,0x828d1d5ed5a9692521e5de8eca00860ce4268215,49.964305555555555,239.82866666666666,0.014248101634788214,0.025398708194558212
0.0,0.0654,0,1,1,0x604dd02d620633ae427888d41bfd15e38483736e,0.0,0.0,0.0654,0.0
0.0,0.018,0,2,2,0xaea5bf79f1e3f2069a99a99928927988ec642e0b,0.06027777777777778,1.4466666666666668,0.009,0.0
0.0,0.26292976084799863,0,105,105,0x253553366da8546fc250f225fe3d25d0c782303b,787.5031944444445,181.73150641025643,0.00250409296045713,0.00872586150370191
0.0,0.0,0,11205,11205,0xdac17f958d2ee523a2206206994597c13d831ec7,1959.5113425925927,4.197453786346146,0.0,0.0
