eth_sent,eth_received,num_sent_txs,num_received_txs,total_txs,address
0.012954682768936,0.0,2,0,2,0x1e1cf8a46d895eb700784204888c41ac4160a354
0.0781742272679207,0.08022976551388979,9,9,18,0x833db3c548ccc2a18300804d9f9f5eba16a05923
12.128183714148646,1.123837535624023,69,12,81,0xc94ebb328ac25b95db0e0aa968371885fa516215
2.0353782,0.0,37,0,37,0x56de1961fda5454e6f8e6d0e3124ff648fd69400
2.3699296800000003,0.0,38,0,38,0x60f9e80d0d40b2958ac39006635de782096866c3
3.3743457000000006,0.0,26,0,26,0xa9bd318a4ca1747e6068d100e18711b529386e29
1.3291159499999998,0.0,40,0,40,0xdf1553a2130cbafa70a35e68efc6ccf67f0a278c
0.0,0.0,0,11205,11205,0xdac17f958d2ee523a2206206994597c13d831ec7
0.0,15.664700689096794,0,342,342,0xa26148ae51fa8e787df319c04137602cc018b521
