eth_sent,eth_received,num_sent_txs,num_received_txs,total_txs,address,account_age_days,avg_time_diff_hours,avg_tx_value,std_dev_tx_value
0.012954682768936,0.0,2,0,2,0x1e1cf8a46d895eb700784204888c41ac4160a354,0.07759259259259259,1.8622222222222222,0.006477341384468,0.0005336413035592856
0.0781742272679207,0.08022976551388979,9,9,18,0x833db3c548ccc2a18300804d9f9f5eba16a05923,1150.0364467592592,1623.580866013072,0.008800221821211695,0.004466356550146388
12.128183714148646,1.123837535624023,69,12,81,0xc94ebb328ac25b95db0e0aa968371885fa516215,1149.6348148148147,344.8904444444445,0.16360520061447736,0.32958413410661874
2.0353782,0.0,37,0,37,0x56de1961fda5454e6f8e6d0e3124ff648fd69400,480.94430555555556,320.62953703703704,0.05501022162162163,0.07089799114797445
2.3699296800000003,0.0,38,0,38,0x60f9e80d0d40b2958ac39006635de782096866c3,490.9509722222222,318.4546846846847,0.06236657052631577,0.17512565178587014
3.3743457000000006,0.0,26,0,26,0xa9bd318a4ca1747e6068d100e18711b529386e29,489.9775,470.3784,0.12978252692307693,0.22919760746747692
1.3291159499999998,0.0,40,0,40,0xdf1553a2130cbafa70a35e68efc6ccf67f0a278c,492.76472222222225,303.23982905982905,0.03322789875,0.02100522870831319
0.0,0.0,0,11205,11205,0xdac17f958d2ee523a2206206994597c13d831ec7,1959.5113425925927,4.197453786346146,0.0,0.0
0.0,15.664700689096794,0,342,342,0xa26148ae51fa8e787df319c04137602cc018b521,126.59041666666667,8.90958944281525,0.04580321838917191,0.07843889172723464
