eth_sent,eth_received,num_sent_txs,num_received_txs,total_txs,in_degree,out_degree,sent_received_ratio,address,account_age_days,avg_time_diff_hours,avg_tx_value,std_dev_tx_value
1.7822334026260955,1.7401513052319821,9,5,14,4,5,1.024182422002713,0x8319b4d4a8f379cd2c7a3e2f512e8e4e88f71887,941.5552777777777,1738.2558974358974,0.25159890770414833,0.328989196509508
55.45846863456201,16.92749557684588,145,36,181,17,35,3.2762357022372908,0xaf24b531a74a6c6c91949f4c8b62c779c13d4f11,941.8004166666667,126.27491620111732,0.39992245420667344,0.7964586491899431
1.85266886,0.0,3,0,3,0,2,1852668.86,0x28ffe35688ffffd0659aee2e34778b0ae4e193ad,1.2583333333333333,15.1,0.6175562866666667,0.2973719857343348
3.234380048590092,10.134322243475149,10,17,27,6,4,0.31915106424817324,0xfdfff4d6b0def8f4b558d858470b64104b4c3889,563.7880555555555,520.4197435897436,0.49513712192834225,0.5969715310827167
0.5774882452319821,0.35,3,1,4,1,3,1.6499617007722325,0xec606649717f28fba63eef5f61bd375f970afbb1,0.8186111111111111,6.5488888888888885,0.2318720613079955,0.1526856946229145
5.565082122460034,2.54939262267408,77,16,93,12,20,2.182904229839084,0x0c605f1789287196a4d468f9503006d47cb8e808,940.8698611111112,245.4443115942029,0.08725241661434532,0.21937973289091137
0.0,331.46972634544125,0,516,516,35,0,0.0,0x68b3465833fb72a70ecdf485e0e4c7bd8665fc45,1319.4564236111112,61.489231391585754,0.6423831905919405,3.4569235228320006
0.0,0.0,0,3,3,3,0,0.0,0x6416285db9febbac327529bcd7b0da3c94a5700e,0.006111111111111111,0.07333333333333333,0.0,0.0
0.0,7.9297296826698265,0,14,14,5,0,0.0,0x1f35b35ae15d48c0b6911c6485e5fea8124d437d,225.03569444444443,415.45051282051287,0.5664092630478448,0.8581809911779781
