eth_sent,eth_received,num_sent_txs,num_received_txs,total_txs,address
1.7822334026260955,1.7401513052319821,9,5,14,0x8319b4d4a8f379cd2c7a3e2f512e8e4e88f71887
55.45846863456201,16.92749557684588,145,36,181,0xaf24b531a74a6c6c91949f4c8b62c779c13d4f11
1.85266886,0.0,3,0,3,0x28ffe35688ffffd0659aee2e34778b0ae4e193ad
3.234380048590092,10.134322243475149,10,17,27,0xfdfff4d6b0def8f4b558d858470b64104b4c3889
0.5774882452319821,0.35,3,1,4,0xec606649717f28fba63eef5f61bd375f970afbb1
5.565082122460034,2.54939262267408,77,16,93,0x0c605f1789287196a4d468f9503006d47cb8e808
0.0,331.46972634544125,0,516,516,0x68b3465833fb72a70ecdf485e0e4c7bd8665fc45
0.0,0.0,0,3,3,0x6416285db9febbac327529bcd7b0da3c94a5700e
0.0,7.9297296826698265,0,14,14,0x1f35b35ae15d48c0b6911c6485e5fea8124d437d
