eth_sent,eth_received,num_sent_txs,num_received_txs,total_txs,address
84.71805304545217,35.87577831232505,31,19,50,0x848ad05cc8061637c632ef4730d00f6dbbfa5a7a
35.87577130932506,0.0,7,0,7,0x789894fad14389dbd0cebecd26fcea92c9d30a02
7.002999999999999e-06,0.0,11,0,11,0xec2cdeeab7be46572476ec268234b807f44a7c60
0.0,0.0,1,0,1,0xec213a24cbfecf9786d9a65f54f189712b309c60
37.3937245608211,74.78805304545216,11,23,34,0xec2cf9aa323ea9b656849b912c3854bdcd557c60
0.0,383.1798895123511,0,2075,2075,0x66a9893cc07d91d95644aedd05d03f95e1dba8af
0.0,0.0,0,226,226,0x514910771af9ca656af840dff83e8264ecf986ca
0.0,71.69771557070139,0,931,931,0x0000000000001ff3684f28c67538d4d072c22734
