eth_sent,eth_received,num_sent_txs,num_received_txs,total_txs,address,account_age_days,avg_time_diff_hours,avg_tx_value,std_dev_tx_value
84.71805304545217,35.87577831232505,31,19,50,0x848ad05cc8061637c632ef4730d00f6dbbfa5a7a,71.49444444444444,35.01768707482993,2.4118766271555443,2.8277486372613576
35.87577130932506,0.0,7,0,7,0x789894fad14389dbd0cebecd26fcea92c9d30a02,71.48916666666666,285.95666666666665,5.125110187046437,3.1408585488529024
7.002999999999999e-06,0.0,11,0,11,0xec2cdeeab7be46572476ec268234b807f44a7c60,6.275555555555556,15.061333333333334,6.366363636363635e-07,5.041466597583034e-07
0.0,0.0,1,0,1,0xec213a24cbfecf9786d9a65f54f189712b309c60,0.0,0.0,0.0,0.0
37.3937245608211,74.78805304545216,11,23,34,0xec2cf9aa323ea9b656849b912c3854bdcd557c60,6.279166666666667,4.566666666666666,3.2994640472433314,2.0697612334939404
0.0,383.1798895123511,0,2075,2075,0x66a9893cc07d91d95644aedd05d03f95e1dba8af,180.97180555555556,2.094177113468338,0.18466500699390412,0.7855244123210863
0.0,0.0,0,226,226,0x514910771af9ca656af840dff83e8264ecf986ca,2833.016585648148,302.18843580246914,0.0,0.0
0.0,71.69771557070139,0,931,931,0x0000000000001ff3684f28c67538d4d072c22734,301.1926388888889,7.772713261648746,0.07701150974296604,1.0450143511542198
