eth_sent,eth_received,num_sent_txs,num_received_txs,total_txs,in_degree,out_degree,sent_received_ratio,address,account_age_days,avg_time_diff_hours,avg_tx_value,std_dev_tx_value
382.3806886357,0.9444430823469055,292,6,298,3,52,404.87382554772256,0x267be1c1d684f78cb4f6a176c4911b741e4ffdc0,2954.578622685185,238.75382809577255,1.2863259453625733,7.159234666486514
0.007,0.0073100000000000005,3,3,6,1,2,0.9574613595951306,0x85720291d2788da62403bea2648feb70378479d7,0.8809722222222223,4.228666666666667,0.0023850000000000004,0.002693427184833479
0.0,0.0,0,2,2,1,0,0.0,0x5123c0555bc9064db9fd8676d077e06d39393866,0.21458333333333332,5.15,0.0,0.0
0.0,0.007,0,1,1,1,0,0.0,0xa83381f261bdfd68ecab107d22d159ef4f8431a1,0.0,0.0,0.007,0.0
