eth_sent,eth_received,num_sent_txs,num_received_txs,total_txs,address
205.92814491000001,31.8585258015,25,18,43,0xa9ac43f5b5e38155a288d1a01d2cbc4478e14573
0.1021272080849222,0.10247,4,1,5,0x85e0d6f12f45259fa10639081b0361c44b16a9c2
0.0,111.88569603223301,0,972,972,0x0000000000000068f116a894984e2db1123eb395
0.0,342.2253157085877,0,1408,1408,0xc02aaa39b223fe8d0a0e5c4f27ead9083c756cc2
0.0,0.1019583180859222,0,1,1,0xdbe92dc90f0f4757b4a4857cc8b7947e26e61947
