eth_sent,eth_received,num_sent_txs,num_received_txs,total_txs,address
382.3806886357,0.9444430823469055,292,6,298,0x267be1c1d684f78cb4f6a176c4911b741e4ffdc0
0.007,0.0073100000000000005,3,3,6,0x85720291d2788da62403bea2648feb70378479d7
0.0,0.0,0,2,2,0x5123c0555bc9064db9fd8676d077e06d39393866
0.0,0.007,0,1,1,0xa83381f261bdfd68ecab107d22d159ef4f8431a1
