eth_sent,eth_received,num_sent_txs,num_received_txs,total_txs,in_degree,out_degree,sent_received_ratio,address,account_age_days,avg_time_diff_hours,avg_tx_value,std_dev_tx_value
205.92814491000001,31.8585258015,25,18,43,4,18,6.46383136901058,0xa9ac43f5b5e38155a288d1a01d2cbc4478e14573,116.25638888888889,66.43222222222222,5.529922574686046,18.67260873527586
0.1021272080849222,0.10247,4,1,5,1,3,0.9966449833115926,0x85e0d6f12f45259fa10639081b0361c44b16a9c2,0.03805555555555556,0.22833333333333333,0.040919441616984444,0.05595448733634529
0.0,111.88569603223301,0,972,972,52,0,0.0,0x0000000000000068f116a894984e2db1123eb395,491.39694444444444,12.145753518709235,0.11510874077390226,0.5899076453301908
0.0,342.2253157085877,0,1408,1408,101,0,0.0,0xc02aaa39b223fe8d0a0e5c4f27ead9083c756cc2,2570.0885763888887,43.839463989575925,0.2430577526339401,1.0409589884521075
0.0,0.1019583180859222,0,1,1,1,0,0.0,0xdbe92dc90f0f4757b4a4857cc8b7947e26e61947,0.0,0.0,0.1019583180859222,0.0
