eth_sent,eth_received,num_sent_txs,num_received_txs,total_txs,in_degree,out_degree,sent_received_ratio,address,account_age_days,avg_time_diff_hours,avg_tx_value,std_dev_tx_value
0.007,0.0,5,0,5,0,1,7000.000000000001,0xefd5aa358b2b503d6a1cd0e3169b50e801fbfd2b,115.72291666666666,694.3375,0.0014,0.0031304951684997056
0.11599999999999999,0.0,14,0,14,0,2,116000.0,0xe746bcd11d041022d732c114e8e5429457ffc890,109.46541666666667,202.09,0.008285714285714285,0.018112590484685897
1.7200000000000002,0.05,579,1,580,1,2,34.399312013759726,0xd3ac786fc0a87a75690cef3087de8aba368605ec,114.51847222222223,4.746879677605066,0.003051724137931035,0.01808149123203616
1.5761899767017271,0.201,1385,47,1432,4,28,7.84170216417693,0xfa1fae24650ea74cd36ca1900fdde9c6c637aa77,67.05944444444444,1.157028516654685,0.0012410544530039997,0.024074793452972903
0.0,1.9520000000000002,0,1796,1796,4,0,0.0,0x8620002e1326e7f358337bc5ed444ae56a68ba5e,182.74291666666667,2.443359331476323,0.0010868596881959912,0.010400140611022917
