eth_sent,eth_received,num_sent_txs,num_received_txs,total_txs,in_degree,out_degree,sent_received_ratio,address,account_age_days,avg_time_diff_hours,avg_tx_value,std_dev_tx_value
0.0375209964605047,0.0,1,0,1,0,1,37520.9964605047,0xc77e856b9764c6512e756dd2529dcfde9508e8b5,0.0,0.0,0.0375209964605047,0.0
5.474328274967189,0.0223410433506435,28,5,33,1,4,245.02361709048947,0xd2674da94285660c9b2353131bef2d8211369a4b,405.04,303.78,0.1665657369187222,0.2852243295707698
4.426069874173518,0.7234203304145075,9,8,17,4,4,6.118246294503728,0x86b41f0763c69dcc9248a37c08762e3f93c730a8,4.018055555555556,6.027083333333334,0.3029111885051779,0.7972168169288469
1e-09,0.0,1,0,1,0,1,0.001,0x3c4288e344df396c62ad4d6e23fa7214485739fa,0.0,0.0,1e-09,0.0
229.51728115407397,0.0,656,0,656,0,42,229517281.15407398,0x46340b20830761efd32832a74d7169b29feb9758,1742.6767708333334,63.85380534351145,0.3498739041982835,0.8540319028239794
0.0,0.0,0,11205,11205,394,0,0.0,0xdac17f958d2ee523a2206206994597c13d831ec7,1959.5113425925927,4.197453786346146,0.0,0.0
0.0,0.0,0,5741,5741,312,0,0.0,0xa0b86991c6218b36c1d19d4a2e9eb0ce3606eb48,1915.7207175925926,8.009982094463803,0.0,0.0
0.0,4.248931304598825,0,3,3,1,0,0.0,0xafad6f8eced1913964fb973e529efdeabd3d73fd,2.01875,24.225,1.416310434866275,1.6577263830471292
0.0,0.1771385695746916,0,1,1,1,0,0.0,0x3c427f9a9e179bc065f2cae22407e603716539fa,0.0,0.0,0.1771385695746916,0.0
