eth_sent,eth_received,num_sent_txs,num_received_txs,total_txs,address
0.007,0.0,5,0,5,0xefd5aa358b2b503d6a1cd0e3169b50e801fbfd2b
0.11599999999999999,0.0,14,0,14,0xe746bcd11d041022d732c114e8e5429457ffc890
1.7200000000000002,0.05,579,1,580,0xd3ac786fc0a87a75690cef3087de8aba368605ec
1.5761899767017271,0.201,1385,47,1432,0xfa1fae24650ea74cd36ca1900fdde9c6c637aa77
0.0,1.9520000000000002,0,1796,1796,0x8620002e1326e7f358337bc5ed444ae56a68ba5e
