eth_sent,eth_received,num_sent_txs,num_received_txs,total_txs,address
0.0375209964605047,0.0,1,0,1,0xc77e856b9764c6512e756dd2529dcfde9508e8b5
5.474328274967189,0.0223410433506435,28,5,33,0xd2674da94285660c9b2353131bef2d8211369a4b
4.426069874173518,0.7234203304145075,9,8,17,0x86b41f0763c69dcc9248a37c08762e3f93c730a8
1e-09,0.0,1,0,1,0x3c4288e344df396c62ad4d6e23fa7214485739fa
229.51728115407397,0.0,656,0,656,0x46340b20830761efd32832a74d7169b29feb9758
0.0,0.0,0,11205,11205,0xdac17f958d2ee523a2206206994597c13d831ec7
0.0,0.0,0,5741,5741,0xa0b86991c6218b36c1d19d4a2e9eb0ce3606eb48
0.0,4.248931304598825,0,3,3,0xafad6f8eced1913964fb973e529efdeabd3d73fd
0.0,0.1771385695746916,0,1,1,0x3c427f9a9e179bc065f2cae22407e603716539fa
