eth_sent,eth_received,num_sent_txs,num_received_txs,total_txs,address
0.009554088285208057,0.007438630907124,11,8,19,0x87b3615ede03c4d5bce7e4460806553bef8a402f
0.007438630907124,0.0,1,0,1,0xcd710bc2c9085bc9edf9196d54a5961e97799157
0.0,0.001971095269313,0,1,1,0xd97d00d85f3592bc3ca43c073939dfec9792ad16
0.0,0.00425,0,27,27,0xfe5fc40c15c67983694642f9a8711241157fdb0a
0.0,0.00108075907411042,0,25,25,0x565e79f526245cae4a8c130ad95c7a2778f3ab4b
0.0,0.007387714187466,0,1,1,0x39558f2ce627719ed437f6112bf3919339ed74f3
