eth_sent,eth_received,num_sent_txs,num_received_txs,total_txs,in_degree,out_degree,sent_received_ratio,address,account_age_days,avg_time_diff_hours,avg_tx_value,std_dev_tx_value
4.01,0.0,4,0,4,0,2,4010000.0,0xd5a11a51fd0cda5f119b78d87eaeaa970d77c55e,23.851805555555554,190.81444444444443,1.0025,1.1518137870333034
0.0,2.005,1063,2,1065,1,1,0.0,0x87612a26230a61efb96c481e82ae694b13503d3e,84.28236111111111,1.901105889724311,0.0018826291079812206,0.06128518882259518
0.0,0.0,0,1090,1090,11,0,0.0,0xc18360217d8f7ab5e7c516566761ea12ce7f9d72,1361.4723958333334,30.004901285583106,0.0,0.0
