eth_sent,eth_received,num_sent_txs,num_received_txs,total_txs,in_degree,out_degree,sent_received_ratio,address,account_age_days,avg_time_diff_hours,avg_tx_value,std_dev_tx_value
0.00512075,0.0,1,0,1,0,1,5120.750000000001,0x8f2a1b82efa59efbb05ea9e7b4567ab3b9d03111,0.0,0.0,0.00512075,0.0
0.0048585462462877,0.0053331975052699,4,2,6,2,3,0.9108298373818589,0x87572e10865cfe9fb7e4a889d0d4c88afb2da9c4,0.06652777777777778,0.3193333333333333,0.0016986239585929333,0.002438636757236186
0.03157229129638789,0.0,49,0,49,0,7,31572.29129638789,0x91604f590d66ace8975eed6bd16cf55647d1c499,224.30569444444444,112.15284722222222,0.0006443324754364876,0.0011201717351252555
0.0,370.9676023162886,0,581,581,59,0,0.0,0x111111125421ca6dc452d289314280a0f8842a65,515.0973611111111,21.314373563218393,0.638498454933371,9.326392767410253
0.0,0.0,0,11205,11205,394,0,0.0,0xdac17f958d2ee523a2206206994597c13d831ec7,1959.5113425925927,4.197453786346146,0.0,0.0
0.0,129.6778677068854,0,469,469,53,0,0.0,0x1231deb6f5749ef6ce6943a275a1d3e7486f4eae,708.1729166666667,36.316559829059834,0.27649865182704775,1.3215193889971413
