eth_sent,eth_received,num_sent_txs,num_received_txs,total_txs,in_degree,out_degree,sent_received_ratio,address,account_age_days,avg_time_diff_hours,avg_tx_value,std_dev_tx_value
0.21848580332550027,0.0,22,0,22,0,2,218485.80332550028,0x8d18d00074dd99de3e3f22210b705b9b0a19835a,21.22138888888889,24.253015873015872,0.009931172878431831,8.163317180272185e-05
0.1383200219210862,0.1391708273026293,29,14,43,1,2,0.9938794697313929,0x88ef888b961779c4a689eda927030fb0c732417b,21.22138888888889,12.126507936507936,0.0064532755633422215,0.004780249525323759
0.0,0.0,0,5741,5741,312,0,0.0,0xa0b86991c6218b36c1d19d4a2e9eb0ce3606eb48,1915.7207175925926,8.009982094463803,0.0,0.0
0.3821817723607914,1.961318818563975,11,70,81,4,2,0.19485948632315078,0x307576dd4f73f91bb8c4a2edb762938e8e067d31,31.906388888888888,9.571916666666667,0.028932106060799587,0.04509020074557094
