eth_sent,eth_received,num_sent_txs,num_received_txs,total_txs,address
0.21848580332550027,0.0,22,0,22,0x8d18d00074dd99de3e3f22210b705b9b0a19835a
0.1383200219210862,0.1391708273026293,29,14,43,0x88ef888b961779c4a689eda927030fb0c732417b
0.0,0.0,0,5741,5741,0xa0b86991c6218b36c1d19d4a2e9eb0ce3606eb48
0.3821817723607914,1.961318818563975,11,70,81,0x307576dd4f73f91bb8c4a2edb762938e8e067d31
