eth_sent,eth_received,num_sent_txs,num_received_txs,total_txs,address,account_age_days,avg_time_diff_hours,avg_tx_value,std_dev_tx_value
12.113182111635753,7.891171472817878,14,3,17,0x81daa9a984fe381d3a3e18c4f968313ffd385e71,130.19625,195.294375,1.176726681438449,1.972681569767281
9.2530715360333,0.0,4,0,4,0x638b3b933b58c48c810edcd9cba47136277b609f,131.655,1053.24,2.313267884008325,3.7266990099961252
7.279434674688169,13.475093174851175,8,17,25,0x8a4763c4e1a4e9751c33fac02935b60b0bcb88b1,261.85125,261.85125,0.8301811139815737,0.9047897538104659
16.23812105,114.44065280072387,64,207,271,0xb5d85cbf7cb3ee0d56b3bb207d5fc4b82f43f511,1548.9310763888889,137.682762345679,0.4822094976041471,1.3153665320797294
0.0,57.25546178377093,0,156,156,0xa9d1e08c7793af67e9d92fe308d5697fb81d3e43,1049.5906944444444,162.5172688172043,0.3670221909216085,1.0681271559086087
