eth_sent,eth_received,num_sent_txs,num_received_txs,total_txs,address,account_age_days,avg_time_diff_hours,avg_tx_value,std_dev_tx_value
20.330162419311947,7.227714002,126,11,137,0x4183f5d16bb528775f0bcd16d7496102b3b3ade0,1171.1961689814814,206.68167687908496,0.20115238263731344,0.662178366229736
0.0,0.1,10,2,12,0x8a8feca6a229ca68554c1559442de7f0261f50d4,0.04694444444444444,0.10242424242424243,0.008333333333333333,0.019462473604038074
0.0,0.0,0,5741,5741,0xa0b86991c6218b36c1d19d4a2e9eb0ce3606eb48,1915.7207175925926,8.009982094463803,0.0,0.0
0.0,383.1798895123511,0,2075,2075,0x66a9893cc07d91d95644aedd05d03f95e1dba8af,180.97180555555556,2.094177113468338,0.18466500699390412,0.7855244123210863
0.0,0.0,0,110,110,0x4c9edd5852cd905f086c759e8383e09bff1e68b3,532.0545833333333,117.14963302752294,0.0,0.0
0.0,0.0,0,11205,11205,0xdac17f958d2ee523a2206206994597c13d831ec7,1959.5113425925927,4.197453786346146,0.0,0.0
0.0,94.04582530374842,0,325,325,0xc36442b4a4522e871399cd717abdd847ab11fe88,1107.9954861111112,82.07373971193417,0.2893717701653798,3.1328972961049364
