eth_sent,eth_received,num_sent_txs,num_received_txs,total_txs,address
12.113182111635753,7.891171472817878,14,3,17,0x81daa9a984fe381d3a3e18c4f968313ffd385e71
9.2530715360333,0.0,4,0,4,0x638b3b933b58c48c810edcd9cba47136277b609f
7.279434674688169,13.475093174851175,8,17,25,0x8a4763c4e1a4e9751c33fac02935b60b0bcb88b1
16.23812105,114.44065280072387,64,207,271,0xb5d85cbf7cb3ee0d56b3bb207d5fc4b82f43f511
0.0,57.25546178377093,0,156,156,0xa9d1e08c7793af67e9d92fe308d5697fb81d3e43
