eth_sent,eth_received,num_sent_txs,num_received_txs,total_txs,address
20.330162419311947,7.227714002,126,11,137,0x4183f5d16bb528775f0bcd16d7496102b3b3ade0
0.0,0.1,10,2,12,0x8a8feca6a229ca68554c1559442de7f0261f50d4
0.0,0.0,0,5741,5741,0xa0b86991c6218b36c1d19d4a2e9eb0ce3606eb48
0.0,383.1798895123511,0,2075,2075,0x66a9893cc07d91d95644aedd05d03f95e1dba8af
0.0,0.0,0,110,110,0x4c9edd5852cd905f086c759e8383e09bff1e68b3
0.0,0.0,0,11205,11205,0xdac17f958d2ee523a2206206994597c13d831ec7
0.0,94.04582530374842,0,325,325,0xc36442b4a4522e871399cd717abdd847ab11fe88
