eth_sent,eth_received,num_sent_txs,num_received_txs,total_txs,in_degree,out_degree,sent_received_ratio,address,account_age_days,avg_time_diff_hours,avg_tx_value,std_dev_tx_value
0.6679861673071399,0.0,3,0,3,0,1,667986.16730714,0xbdb8fb786e24a6c8a27812058a5dac538d9978a8,0.7209722222222222,8.651666666666667,0.22266205576904663,0.1181153281731985
0.7707476387066758,0.6679861673071399,4,3,7,1,2,1.1538359963018372,0x8b74e01827e3c286cf991706d1437c13abde33f5,0.8090277777777778,3.236111111111111,0.20553340085911653,0.10651934296503325
0.0,0.5649935637135699,0,2,2,1,0,0.0,0x5dab37a07836ae558905ad0df2c9536745676436,0.625,15.0,0.28249678185678495,0.07982610281969944
0.829487586200353,4.9187273346643705,3,12,15,10,2,0.16863862562902715,0xb52fb1cc148cf01a4c74c040dd797e96b9470c95,2.158333333333333,3.7,0.3832143280576482,0.33803716050028965
