eth_sent,eth_received,num_sent_txs,num_received_txs,total_txs,address
0.6679861673071399,0.0,3,0,3,0xbdb8fb786e24a6c8a27812058a5dac538d9978a8
0.7707476387066758,0.6679861673071399,4,3,7,0x8b74e01827e3c286cf991706d1437c13abde33f5
0.0,0.5649935637135699,0,2,2,0x5dab37a07836ae558905ad0df2c9536745676436
0.829487586200353,4.9187273346643705,3,12,15,0xb52fb1cc148cf01a4c74c040dd797e96b9470c95
