eth_sent,eth_received,num_sent_txs,num_received_txs,total_txs,in_degree,out_degree,sent_received_ratio,address,account_age_days,avg_time_diff_hours,avg_tx_value,std_dev_tx_value
0.0368501715649855,0.0,1,0,1,0,1,36850.171564985496,0x8b71a97c1d81edb301a1e6ee73f1fa1909ec1ca9,0.0,0.0,0.0368501715649855,0.0
0.4348302378709773,0.768938312752803,9,7,16,4,3,0.5654935710261515,0x8bff9381fb6b7b52ae437d3914036b94e2bbfb10,85.00722222222223,136.01155555555556,0.07523553441398627,0.11699270530715564
0.002,0.0,1,0,1,0,1,2000.0000000000002,0x45d9da9241da9647c3ed49c4c8f513e58f266956,0.0,0.0,0.002,0.0
0.002,0.0,1,0,1,0,1,2000.0000000000002,0x86d9abed6986f68d26b590f0325f58f51f33d6f4,0.0,0.0,0.002,0.0
7.363898808055493,0.0,52,0,52,0,13,7363898.808055493,0x8c8d7c46219d9205f056f28fee5950ad564d7465,820.7776388888889,386.24830065359475,0.14161343861645184,0.12223791512637314
0.0,0.0367787573707075,0,1,1,1,0,0.0,0x2852ce352589b5d2f012b38ce95c844bcdfa3bce,0.0,0.0,0.0367787573707075,0.0
0.0,0.0,0,5741,5741,312,0,0.0,0xa0b86991c6218b36c1d19d4a2e9eb0ce3606eb48,1915.7207175925926,8.009982094463803,0.0,0.0
0.0,0.3980514805002698,0,1,1,1,0,0.0,0xc74034ece8ef1c83eba34963ae523dacc06492f3,0.0,0.0,0.3980514805002698,0.0
