eth_sent,eth_received,num_sent_txs,num_received_txs,total_txs,address
0.0075694122924033005,0.0038308475550059,2,1,3,0x21e4dcef42ae230e0585ce0c2041d75142eff60f
0.0074141437439362995,0.0075694122924033005,3,2,5,0x8c9a344d8a9d9c33e28cc6dc0be3d39a9a4baf22
0.0,0.0,0,11205,11205,0xdac17f958d2ee523a2206206994597c13d831ec7
0.0,0.0035832961889304,0,1,1,0x2e1835511197e214cf6f3121e40d0408fe8e3ed7
