eth_sent,eth_received,num_sent_txs,num_received_txs,total_txs,in_degree,out_degree,sent_received_ratio,address,account_age_days,avg_time_diff_hours,avg_tx_value,std_dev_tx_value
0.03,0.0,1,0,1,0,1,30000.0,0x3af6e4903d7eb6a88ba5ee41f2281d1221ba3928,0.0,0.0,0.03,0.0
0.0,0.0395700564671799,21,2,23,2,6,0.0,0x8c8a90dec29597399f36375e10b01bee1c5f7888,179.95944444444444,196.31939393939396,0.0017204372377034739,0.006479015715582556
0.0095700564671799,0.0,1,0,1,0,1,9570.0564671799,0xcf1d714e94f36c3a5248d09b4ffb9d7a8da0e862,0.0,0.0,0.0095700564671799,0.0
0.0,0.0,0,40,40,5,0,0.0,0xd0764fae29e0a6a96ff685f71cfc685456d5636c,802.6418055555556,493.9334188034188,0.0,0.0
0.0,0.0,0,207,207,81,0,0.0,0x6b175474e89094c44da98b954eedeac495271d0f,1840.8956365740742,214.47327804746493,0.0,0.0
0.0,0.0,0,3,3,3,0,0.0,0xcafd2f0a35a4459fa40c0517e17e6fa2939441ca,165.39819444444444,1984.7783333333334,0.0,0.0
0.0,0.0,0,5741,5741,312,0,0.0,0xa0b86991c6218b36c1d19d4a2e9eb0ce3606eb48,1915.7207175925926,8.009982094463803,0.0,0.0
0.0,0.0,0,9,9,3,0,0.0,0xbd3fa81b58ba92a82136038b25adec7066af3155,115.89986111111111,347.69958333333335,0.0,0.0
0.0,383.1798895123511,0,2075,2075,101,0,0.0,0x66a9893cc07d91d95644aedd05d03f95e1dba8af,180.97180555555556,2.094177113468338,0.18466500699390412,0.7855244123210863
