eth_sent,eth_received,num_sent_txs,num_received_txs,total_txs,address
2.7576230431715487,0.0,17,0,17,0x8c9a9b28a5034fb85e583a0280a09ce0936bd716
0.0,0.03498102,0,1,1,0xfad0a8bbff81ae1bee8dab349888621fc5cfd3f6
0.0,0.08238435434109229,0,2,2,0xfc5243c8b67d64b6d8f63a7e0e4cc2ce629f3759
0.0,0.40230562325635383,0,3,3,0xe7781c9a1dd13b5a57febf8a3870c9b9a65617c3
0.0,0.44400291192631675,0,3,3,0x03817f08b3a5e3a6563bb86ca6a89eb39b22b7e8
373.6491575775397,374.5045901765202,98,137,235,0xa9c403fa69212e16baac10f8caf2d606e685d6e4
0.0,0.0865278902034121,0,1,1,0xea34015307cd6c05e376eb4a7eb7eb64f016899c
0.0,0.0330281826254993,0,1,1,0x1346395244ccd9b2d9f05f24ce4185fab061de96
