eth_sent,eth_received,num_sent_txs,num_received_txs,total_txs,address
0.03,0.0,1,0,1,0x3af6e4903d7eb6a88ba5ee41f2281d1221ba3928
0.0,0.0395700564671799,21,2,23,0x8c8a90dec29597399f36375e10b01bee1c5f7888
0.0095700564671799,0.0,1,0,1,0xcf1d714e94f36c3a5248d09b4ffb9d7a8da0e862
0.0,0.0,0,40,40,0xd0764fae29e0a6a96ff685f71cfc685456d5636c
0.0,0.0,0,207,207,0x6b175474e89094c44da98b954eedeac495271d0f
0.0,0.0,0,3,3,0xcafd2f0a35a4459fa40c0517e17e6fa2939441ca
0.0,0.0,0,5741,5741,0xa0b86991c6218b36c1d19d4a2e9eb0ce3606eb48
0.0,0.0,0,9,9,0xbd3fa81b58ba92a82136038b25adec7066af3155
0.0,383.1798895123511,0,2075,2075,0x66a9893cc07d91d95644aedd05d03f95e1dba8af
