eth_sent,eth_received,num_sent_txs,num_received_txs,total_txs,address
0.012,0.0,6,0,6,0xa5b209500bdcd0a7b9effd05b86bd4ef4dfe3ed5
0.003545506651838,0.006,7,2,9,0x8c41800b3db3bb81200d4c7df3d59e6585440500
0.03652951294422321,0.0,12,0,12,0x7fca6f65b64c7c212e7e2b405bbe168bbcc682c8
0.0,0.0,0,5,5,0x1f0480a66883de97d2b054929252aae8f664c15c
0.0,0.0,0,1,1,0xc6335206e56a3c5bc15a5096dfc2795c04c47619
0.0,0.0,0,9,9,0xd6d62024d82b5bf4fe4a9e214991743d543f1673
0.0,0.0,0,8,8,0x17fc9b03c1a14874157ea8c64ea75cce02a18f70
0.0,0.0,0,9,9,0x72ebd5af462bc879013ee11fe47824ccc5d6196f
0.0,1.3033109298720165,0,923,923,0x31cf33ddff558495307ecf77b5d823c1e6efe593
