eth_sent,eth_received,num_sent_txs,num_received_txs,total_txs,address
1.0997000000000001,0.0,7,0,7,0x8d2a940afd34a11df8cb71e7ce2b635df92d35af
0.0,0.0,0,246,246,0x0579587d66c949d3e76df778ba4c2c02e9506938
0.0,1091.941335759052,0,5480,5480,0x7a250d5630b4cf539739df2c5dacb4c659f2488d
0.0,103.22197141190841,0,299,299,0x3328f7f4a1d1c57c35df56bbf0c9dcafca309c49
0.0,0.6728,0,3,3,0xbf11fb9fff461cfff5a414715c12463725a07ddc
