eth_sent,eth_received,num_sent_txs,num_received_txs,total_txs,address,account_age_days,avg_time_diff_hours,avg_tx_value,std_dev_tx_value
11.0025,0.0,44,0,44,0x151b381058f91cf871e7ea1ee83c45326f61e96d,1073.988298611111,599.4353294573643,0.2500568181818182,0.39345316224763505
16.562199999999997,0.0,69,0,69,0x8216874887415e2650d12d53ff53516f04a74fd7,1076.0808796296296,379.7932516339869,0.24003188405797102,0.4516020210750226
14.76920021,0.0,91,0,91,0x2b3fed49557bd88f78b898684f82fbb355305dbb,316.49430555555557,84.39848148148148,0.1622989034065934,0.20422390411007857
7.363898808055493,0.0,52,0,52,0x8c8d7c46219d9205f056f28fee5950ad564d7465,820.7776388888889,386.24830065359475,0.14161343861645184,0.12223791512637314
4.520010658125908,4.534770207303354,22,15,37,0x8d62503cb281850ac52e05597265334861859a33,267.90416666666664,178.6027777777778,0.24472380717376377,0.42047924040349816
0.4659533577854907,0.0,2,0,2,0x5ba0e28749b9dbc748d2396970ca2d596d27423b,7.016111111111111,168.38666666666666,0.23297667889274534,0.04663606653214303
22.198676066925216,0.0,118,0,118,0x3247f6b66f24f672eacf52080e0381fa45deb307,271.68111111111114,55.72945868945869,0.1881243734485188,0.2843992939725277
0.0,4.15,0,7,7,0x5db5235b5c7e247488784986e58019fffd98fda4,265.49680555555557,1061.9872222222223,0.5928571428571429,0.6648487117561479
0.0,337.8972858409919,0,79,79,0xae7ab96520de3a18e5e111b5eaab095312d7fe84,1419.0808217592592,436.6402528490028,4.277180833430278,16.898243801257138
0.0,0.0,0,11205,11205,0xdac17f958d2ee523a2206206994597c13d831ec7,1959.5113425925927,4.197453786346146,0.0,0.0
0.0,0.0119482172439895,0,1,1,0xc4dcb059dd98b45b090da8982234c61d0b9e84f9,0.0,0.0,0.0119482172439895,0.0
0.0,0.0,0,3,3,0x96b22eb7178d116797e57197e586b70fedae8fdd,20.602777777777778,247.23333333333332,0.0,0.0
0.0,8.209298735430224,0,36,36,0xdef171fe48cf0115b1d80b88dc8eab59176fee57,1210.1651620370371,829.8275396825396,0.2280360759841729,0.8378318677210492
