eth_sent,eth_received,num_sent_txs,num_received_txs,total_txs,address
0.0047770818660599,0.0039957217568717,12,12,24,0xddb5a848c3c1f22285b43e2c33d23eaedbfcce33
0.0039957217568717,0.0047770818660599,24,12,36,0x8d42dfe853b898d529cf579e45fc168ad0c58256
0.0,0.0,0,11205,11205,0xdac17f958d2ee523a2206206994597c13d831ec7
