eth_sent,eth_received,num_sent_txs,num_received_txs,total_txs,in_degree,out_degree,sent_received_ratio,address,account_age_days,avg_time_diff_hours,avg_tx_value,std_dev_tx_value
0.0,0.0,4,0,4,0,1,0.0,0xb79a1735bd7c450dda485a65e47da9e958abbff0,131.11555555555555,1048.9244444444444,0.0,0.0
0.0,0.0,207,0,207,0,1,0.0,0x0427a84b985737a48dd007ef30d877b3e995a702,183.10083333333333,21.3321359223301,0.0,0.0
0.0,0.0,0,210,210,2,0,0.0,0x8db4d16f35fd6326a3cac793f3630c6c48e12c3e,142.0234722222222,16.30891547049442,0.0,0.0
