eth_sent,eth_received,num_sent_txs,num_received_txs,total_txs,address
0.04926525204334102,0.0,156,0,156,0x2703983059c7b60515b4fab6fb8b301f7781f5c6
0.0,0.03793368783873649,133,131,264,0x8d1692f5e9aee859042f5d3379cb69d069463781
0.0,0.0,2,0,2,0x27008afdd1343b74d56a8b3e74d30f8d6d9f65c6
0.0,0.0,0,11205,11205,0xdac17f958d2ee523a2206206994597c13d831ec7
