eth_sent,eth_received,num_sent_txs,num_received_txs,total_txs,in_degree,out_degree,sent_received_ratio,address,account_age_days,avg_time_diff_hours,avg_tx_value,std_dev_tx_value
0.04926525204334102,0.0,156,0,156,0,4,49265.252043341025,0x2703983059c7b60515b4fab6fb8b301f7781f5c6,474.175,73.42064516129032,0.0003158028977137245,0.000260920486733757
0.0,0.03793368783873649,133,131,264,2,1,0.0,0x8d1692f5e9aee859042f5d3379cb69d069463781,474.0444444444444,43.25880861850443,0.00014368821151036553,0.0001969576440527196
0.0,0.0,2,0,2,0,2,0.0,0x27008afdd1343b74d56a8b3e74d30f8d6d9f65c6,2.5076388888888888,60.18333333333333,0.0,0.0
0.0,0.0,0,11205,11205,394,0,0.0,0xdac17f958d2ee523a2206206994597c13d831ec7,1959.5113425925927,4.197453786346146,0.0,0.0
