eth_sent,eth_received,num_sent_txs,num_received_txs,total_txs,address,account_age_days,avg_time_diff_hours,avg_tx_value,std_dev_tx_value
0.0047770818660599,0.0039957217568717,12,12,24,0xddb5a848c3c1f22285b43e2c33d23eaedbfcce33,112.4473611111111,117.3363768115942,0.0003655334842888167,0.0003386781086951808
0.0039957217568717,0.0047770818660599,24,12,36,0x8d42dfe853b898d529cf579e45fc168ad0c58256,112.4473611111111,77.10676190476191,0.0002436889895258778,0.0003254484218606475
0.0,0.0,0,11205,11205,0xdac17f958d2ee523a2206206994597c13d831ec7,1959.5113425925927,4.197453786346146,0.0,0.0
