eth_sent,eth_received,num_sent_txs,num_received_txs,total_txs,address,account_age_days,avg_time_diff_hours,avg_tx_value,std_dev_tx_value
1.0997000000000001,0.0,7,0,7,0x8d2a940afd34a11df8cb71e7ce2b635df92d35af,0.08930555555555555,0.3572222222222222,0.15710000000000002,0.2480519770800735
0.0,0.0,0,246,246,0x0579587d66c949d3e76df778ba4c2c02e9506938,1.113611111111111,0.10908843537414965,0.0,0.0
0.0,1091.941335759052,0,5480,5480,0x7a250d5630b4cf539739df2c5dacb4c659f2488d,1854.3875925925927,8.122887793798544,0.19925936783924303,3.4350150712954384
0.0,103.22197141190841,0,299,299,0x3328f7f4a1d1c57c35df56bbf0c9dcafca309c49,413.6423611111111,33.313478747203575,0.3452239846552121,0.6693289652437994
0.0,0.6728,0,3,3,0xbf11fb9fff461cfff5a414715c12463725a07ddc,0.0,0.0,0.22426666666666664,0.28232492510108514
