eth_sent,eth_received,num_sent_txs,num_received_txs,total_txs,address,account_age_days,avg_time_diff_hours,avg_tx_value,std_dev_tx_value
0.5396426798461498,0.2718,64,32,96,0x3ca9368e899e432195de74e334c8a4238cdce920,21.850277777777777,5.520070175438597,0.00845252791506406,0.009441634866246584
0.26822489679197387,0.5396426798461498,28,64,92,0x8f2139c8e72a2af85e4342d4ed5328c12ce874f8,21.78361111111111,5.745128205128205,0.008781169311283955,0.009579433284935795
0.3821817723607914,1.961318818563975,11,70,81,0x307576dd4f73f91bb8c4a2edb762938e8e067d31,31.906388888888888,9.571916666666667,0.028932106060799587,0.04509020074557094
