eth_sent,eth_received,num_sent_txs,num_received_txs,total_txs,address,account_age_days,avg_time_diff_hours,avg_tx_value,std_dev_tx_value
3.2188082274563667,2.2165513102263246,11,6,17,0xe7c321393b76af0cf7881a55f658700c59852c22,583.8670833333333,875.800625,0.3197270316283936,0.32046170610733
1.009929119645,2.02,3,6,9,0x8fcfc8e9e426a5de75fddb8d39fbb2e18e3a6bad,0.007222222222222222,0.021666666666666667,0.33665879107166663,0.020000003488905755
1.94138112748276,391.76333283389295,5,23,28,0xbea9f7fd27f4ee20066f18def0bc586ec221055a,124.20416666666667,110.4037037037037,14.0608826414777,38.54180685026655
