eth_sent,eth_received,num_sent_txs,num_received_txs,total_txs,address
0.5396426798461498,0.2718,64,32,96,0x3ca9368e899e432195de74e334c8a4238cdce920
0.26822489679197387,0.5396426798461498,28,64,92,0x8f2139c8e72a2af85e4342d4ed5328c12ce874f8
0.3821817723607914,1.961318818563975,11,70,81,0x307576dd4f73f91bb8c4a2edb762938e8e067d31
