eth_sent,eth_received,num_sent_txs,num_received_txs,total_txs,address
0.01,0.0,2,0,2,0xc03ffe3894c18550dad1a1c82d59b2f63ac7e9e9
0.01,0.0,1,0,1,0xcee08a73bbc90b7214a1215721705310f096fbcb
0.09,0.0,1,0,1,0xe63cc1f1b60e73e26f91990ca3fb21f6f1e1de38
1.0,0.0,1,0,1,0xc512f3704d2f26584fda8aafe56aaa3de66fdd7a
0.96178152,0.0,1,0,1,0x8be4e2bd1c7f3528a054540863cc5494c98505b4
0.01340017,0.0,1,0,1,0xde673cb245228e4e24919242cad4fa7087569b5f
0.0,2.08518169,0,6,6,0x902d0d5bb6a34307bbd1da33e61ae1654b6cbe1e
