eth_sent,eth_received,num_sent_txs,num_received_txs,total_txs,in_degree,out_degree,sent_received_ratio,address,account_age_days,avg_time_diff_hours,avg_tx_value,std_dev_tx_value
0.009539590870487205,0.007431443192835,11,8,19,2,5,1.2835067316334865,0x90c688560eec6a8eaab751bc58606fef14ea68a0,46.396388888888886,101.22848484848485,0.0008932123191222213,0.0023385558957084145
0.007431443192835,0.0,1,0,1,0,1,7431.443192835,0xb5df2aee59be52b45edbe0bcbd6473234bc4eeec,0.0,0.0,0.007431443192835,0.0
0.0,0.00196923543092,0,1,1,1,0,0.0,0x9ac04dc0c4e355f39ce7102d48a5200d188d91b9,0.0,0.0,0.00196923543092,0.0
0.0,0.00425,0,27,27,27,0,0.0,0xfe5fc40c15c67983694642f9a8711241157fdb0a,9.8925,9.131538461538462,0.00015740740740740743,3.849001794597505e-05
0.0,0.00108075907411042,0,25,25,25,0,0.0,0x565e79f526245cae4a8c130ad95c7a2778f3ab4b,0.018472222222222223,0.018472222222222223,4.323036296441681e-05,3.3743733084283035e-06
0.0,0.007380351377151,0,1,1,1,0,0.0,0xb05c25e8bb37d6ce5c77c84d5b0edb5665b410c4,0.0,0.0,0.007380351377151,0.0
