eth_sent,eth_received,num_sent_txs,num_received_txs,total_txs,address
0.009539590870487205,0.007431443192835,11,8,19,0x90c688560eec6a8eaab751bc58606fef14ea68a0
0.007431443192835,0.0,1,0,1,0xb5df2aee59be52b45edbe0bcbd6473234bc4eeec
0.0,0.00196923543092,0,1,1,0x9ac04dc0c4e355f39ce7102d48a5200d188d91b9
0.0,0.00425,0,27,27,0xfe5fc40c15c67983694642f9a8711241157fdb0a
0.0,0.00108075907411042,0,25,25,0x565e79f526245cae4a8c130ad95c7a2778f3ab4b
0.0,0.007380351377151,0,1,1,0xb05c25e8bb37d6ce5c77c84d5b0edb5665b410c4
