eth_sent,eth_received,num_sent_txs,num_received_txs,total_txs,address,account_age_days,avg_time_diff_hours,avg_tx_value,std_dev_tx_value
0.00132955288925254,0.000824255452971048,16,9,25,0x08b2072d388fa354a4b61c25341707e4fcd56267,111.98236111111112,111.98236111111112,8.615233368894353e-05,6.952453628851248e-05
0.0008242554529710479,0.00132955288925254,19,16,35,0x9013779ae12ed87f8bf7126d6cb65fa0c48010a9,111.98236111111112,79.04637254901961,6.153738120638824e-05,7.050735412363846e-05
0.0,0.0,0,5741,5741,0xa0b86991c6218b36c1d19d4a2e9eb0ce3606eb48,1915.7207175925926,8.009982094463803,0.0,0.0
