eth_sent,eth_received,num_sent_txs,num_received_txs,total_txs,in_degree,out_degree,sent_received_ratio,address,account_age_days,avg_time_diff_hours,avg_tx_value,std_dev_tx_value
1.6997,0.0,6,0,6,0,3,1699700.0,0x90609ae9eb95f4b672ee2f09f041ec7ac094c97a,0.09111111111111111,0.43733333333333335,0.28328333333333333,0.3108611935682334
0.0,0.0,0,246,246,220,0,0.0,0x0579587d66c949d3e76df778ba4c2c02e9506938,1.113611111111111,0.10908843537414965,0.0,0.0
0.0,1091.941335759052,0,5480,5480,68,0,0.0,0x7a250d5630b4cf539739df2c5dacb4c659f2488d,1854.3875925925927,8.122887793798544,0.19925936783924303,3.4350150712954384
0.0,0.6728,0,3,3,3,0,0.0,0xbf11fb9fff461cfff5a414715c12463725a07ddc,0.0,0.0,0.22426666666666664,0.28232492510108514
