eth_sent,eth_received,num_sent_txs,num_received_txs,total_txs,address
0.00132955288925254,0.000824255452971048,16,9,25,0x08b2072d388fa354a4b61c25341707e4fcd56267
0.0008242554529710479,0.00132955288925254,19,16,35,0x9013779ae12ed87f8bf7126d6cb65fa0c48010a9
0.0,0.0,0,5741,5741,0xa0b86991c6218b36c1d19d4a2e9eb0ce3606eb48
