eth_sent,eth_received,num_sent_txs,num_received_txs,total_txs,address
0.3910863172317206,0.0,9,0,9,0x018cb0850a925cdfed22fe60c33b8334fa97e7c7
0.3908280609175376,0.3910863172317206,9,9,18,0x90b4f0c1eac5048e6a71c590e629a312aef60d58
0.0,0.3908280609175376,0,9,9,0xb01007916cf90c1610e7429eaee53b2c0a4588a8
