eth_sent,eth_received,num_sent_txs,num_received_txs,total_txs,address,account_age_days,avg_time_diff_hours,avg_tx_value,std_dev_tx_value
0.3910863172317206,0.0,9,0,9,0x018cb0850a925cdfed22fe60c33b8334fa97e7c7,11.414166666666667,34.2425,0.04345403524796895,0.02792408836251403
0.3908280609175376,0.3910863172317206,9,9,18,0x90b4f0c1eac5048e6a71c590e629a312aef60d58,11.43361111111111,16.14156862745098,0.04343968767495879,0.027091065676840276
0.0,0.3908280609175376,0,9,9,0xb01007916cf90c1610e7429eaee53b2c0a4588a8,11.432361111111112,34.29708333333333,0.04342534010194862,0.027925565972880456
