eth_sent,eth_received,num_sent_txs,num_received_txs,total_txs,in_degree,out_degree,sent_received_ratio,address,account_age_days,avg_time_diff_hours,avg_tx_value,std_dev_tx_value
0.0009,0.0,1,0,1,0,1,900.0,0xa0d43521c7ed0631cc5ba415c9b29236228cd976,0.0,0.0,0.0009,0.0
0.0,0.01542573,16,17,33,4,3,0.0,0x91f6c1f2d415a32953a1cfcc7db1b5a07f731275,7.994027777777778,10.658703703703704,0.00046744636363636364,0.0017597749521917178
754.93533307,0.0,221,0,221,0,63,754935333.0699999,0x56eddb7aa87536c09ccc2793473599fd21a8b17f,1513.7317476851852,165.1343724747475,3.415996982217195,31.648237211748274
129.65836502,0.0,259,0,259,0,66,129658365.02,0x4976a4a02f38326660d17bf34b431dc6e2eb2327,1395.5531365740742,129.81889642549527,0.500611447953668,1.5680482408800984
0.0,0.0,0,8,8,3,0,0.0,0x45e02bc2875a2914c4f585bbf92a6f28bc07cb70,12.69,43.50857142857142,0.0,0.0
0.0,383.1798895123511,0,2075,2075,101,0,0.0,0x66a9893cc07d91d95644aedd05d03f95e1dba8af,180.97180555555556,2.094177113468338,0.18466500699390412,0.7855244123210863
