eth_sent,eth_received,num_sent_txs,num_received_txs,total_txs,in_degree,out_degree,sent_received_ratio,address,account_age_days,avg_time_diff_hours,avg_tx_value,std_dev_tx_value
25.387290280000002,0.0,491,0,491,0,14,25387290.280000005,0xb23360ccdd9ed1b15d45e5d3824bb409c8d7c460,807.0229166666667,39.52765306122449,0.05170527551934827,0.19580013150522838
0.0,0.0009814799999999999,11,11,22,1,1,0.0,0x91f48721755add4c58e953a3582f7d0015065d24,10.694583333333334,12.222380952380952,4.4612727272727276e-05,7.633584804644339e-05
0.0,0.0,0,11205,11205,394,0,0.0,0xdac17f958d2ee523a2206206994597c13d831ec7,1959.5113425925927,4.197453786346146,0.0,0.0
