eth_sent,eth_received,num_sent_txs,num_received_txs,total_txs,address,account_age_days,avg_time_diff_hours,avg_tx_value,std_dev_tx_value
0.189281774837644,0.0,2,0,2,0x2484b178ad7c36eb47aecb692a4e1696162a4555,27.59111111111111,662.1866666666666,0.094640887418822,0.09124114139600323
0.0,0.189281784837644,198,3,201,0x91e88cb39b5d911706727c4f2fabe00b3bdc6df8,213.36708333333334,25.60405,0.0009417004220778308,0.01141501079487369
1e-08,0.0,1,0,1,0xa0e8bdcb6c681aa292b49bb891727abee26813a3,0.0,0.0,1e-08,0.0
0.0,0.0,0,11205,11205,0xdac17f958d2ee523a2206206994597c13d831ec7,1959.5113425925927,4.197453786346146,0.0,0.0
0.0,0.0,0,21,21,0x000000000000000000000000000000000000dead,180.99680555555557,217.19616666666664,0.0,0.0
0.0,177.55017860338873,0,2004,2004,0x1111111254eeb25477b68fb85ed929f73a960582,982.2651388888889,11.769527375603262,0.08859789351466504,0.9910997821967806
0.0,0.0,0,5741,5741,0xa0b86991c6218b36c1d19d4a2e9eb0ce3606eb48,1915.7207175925926,8.009982094463803,0.0,0.0
