eth_sent,eth_received,num_sent_txs,num_received_txs,total_txs,address
0.0009,0.0,1,0,1,0xa0d43521c7ed0631cc5ba415c9b29236228cd976
0.0,0.01542573,16,17,33,0x91f6c1f2d415a32953a1cfcc7db1b5a07f731275
754.93533307,0.0,221,0,221,0x56eddb7aa87536c09ccc2793473599fd21a8b17f
129.65836502,0.0,259,0,259,0x4976a4a02f38326660d17bf34b431dc6e2eb2327
0.0,0.0,0,8,8,0x45e02bc2875a2914c4f585bbf92a6f28bc07cb70
0.0,383.1798895123511,0,2075,2075,0x66a9893cc07d91d95644aedd05d03f95e1dba8af
