eth_sent,eth_received,num_sent_txs,num_received_txs,total_txs,address
0.189281774837644,0.0,2,0,2,0x2484b178ad7c36eb47aecb692a4e1696162a4555
0.0,0.189281784837644,198,3,201,0x91e88cb39b5d911706727c4f2fabe00b3bdc6df8
1e-08,0.0,1,0,1,0xa0e8bdcb6c681aa292b49bb891727abee26813a3
0.0,0.0,0,11205,11205,0xdac17f958d2ee523a2206206994597c13d831ec7
0.0,0.0,0,21,21,0x000000000000000000000000000000000000dead
0.0,177.55017860338873,0,2004,2004,0x1111111254eeb25477b68fb85ed929f73a960582
0.0,0.0,0,5741,5741,0xa0b86991c6218b36c1d19d4a2e9eb0ce3606eb48
