eth_sent,eth_received,num_sent_txs,num_received_txs,total_txs,address
25.387290280000002,0.0,491,0,491,0xb23360ccdd9ed1b15d45e5d3824bb409c8d7c460
0.0,0.0009814799999999999,11,11,22,0x91f48721755add4c58e953a3582f7d0015065d24
0.0,0.0,0,11205,11205,0xdac17f958d2ee523a2206206994597c13d831ec7
