eth_sent,eth_received,num_sent_txs,num_received_txs,total_txs,address,account_age_days,avg_time_diff_hours,avg_tx_value,std_dev_tx_value
0.0035873324481117993,0.0,55,0,55,0xf1300cc9c2cf347f7902742fec4df9dba952fd7b,165.90194444444444,73.73419753086421,6.522422632930545e-05,9.301561251502052e-05
0.0,0.00028269412236890803,8,4,12,0x92679a21e22217a89555dff0520fbb3faa7ba711,70.65347222222222,154.1530303030303,2.3557843530742335e-05,5.8210986767921226e-05
0.0,0.0,0,11205,11205,0xdac17f958d2ee523a2206206994597c13d831ec7,1959.5113425925927,4.197453786346146,0.0,0.0
0.0,0.0,0,5741,5741,0xa0b86991c6218b36c1d19d4a2e9eb0ce3606eb48,1915.7207175925926,8.009982094463803,0.0,0.0
