eth_sent,eth_received,num_sent_txs,num_received_txs,total_txs,in_degree,out_degree,sent_received_ratio,address,account_age_days,avg_time_diff_hours,avg_tx_value,std_dev_tx_value
42.073767309999994,0.0,2,0,2,0,1,42073767.309999995,0x66b8d1638b9ea6937b7846cc2a48b5e1c589a24f,0.013333333333333334,0.32,21.036883654999997,29.67993549684723
42.0,42.07376831999999,21,4,25,3,3,0.9982466671944954,0x9216cfff5dd490c02a29d23e5d9a3af812b04e5b,679.4973611111111,679.4973611111111,3.3629507328,11.631966690518604
1e-08,0.0,1,0,1,0,1,0.01,0x5f2adb8ee97dc6d1657fe87e5b1d32cb65c0fc09,0.0,0.0,1e-08,0.0
1e-06,0.0,1,0,1,0,1,1.0,0xf8664f8f9853cca3ae4198ae78313acaeac978ca,0.0,0.0,1e-06,0.0
0.0,0.0,0,11205,11205,394,0,0.0,0xdac17f958d2ee523a2206206994597c13d831ec7,1959.5113425925927,4.197453786346146,0.0,0.0
0.0,177.55017860338873,0,2004,2004,48,0,0.0,0x1111111254eeb25477b68fb85ed929f73a960582,982.2651388888889,11.769527375603262,0.08859789351466504,0.9910997821967806
0.0,0.0,0,5741,5741,312,0,0.0,0xa0b86991c6218b36c1d19d4a2e9eb0ce3606eb48,1915.7207175925926,8.009982094463803,0.0,0.0
