eth_sent,eth_received,num_sent_txs,num_received_txs,total_txs,address
42.073767309999994,0.0,2,0,2,0x66b8d1638b9ea6937b7846cc2a48b5e1c589a24f
42.0,42.07376831999999,21,4,25,0x9216cfff5dd490c02a29d23e5d9a3af812b04e5b
1e-08,0.0,1,0,1,0x5f2adb8ee97dc6d1657fe87e5b1d32cb65c0fc09
1e-06,0.0,1,0,1,0xf8664f8f9853cca3ae4198ae78313acaeac978ca
0.0,0.0,0,11205,11205,0xdac17f958d2ee523a2206206994597c13d831ec7
0.0,177.55017860338873,0,2004,2004,0x1111111254eeb25477b68fb85ed929f73a960582
0.0,0.0,0,5741,5741,0xa0b86991c6218b36c1d19d4a2e9eb0ce3606eb48
