eth_sent,eth_received,num_sent_txs,num_received_txs,total_txs,address
0.0035873324481117993,0.0,55,0,55,0xf1300cc9c2cf347f7902742fec4df9dba952fd7b
0.0,0.00028269412236890803,8,4,12,0x92679a21e22217a89555dff0520fbb3faa7ba711
0.0,0.0,0,11205,11205,0xdac17f958d2ee523a2206206994597c13d831ec7
0.0,0.0,0,5741,5741,0xa0b86991c6218b36c1d19d4a2e9eb0ce3606eb48
