eth_sent,eth_received,num_sent_txs,num_received_txs,total_txs,address,account_age_days,avg_time_diff_hours,avg_tx_value,std_dev_tx_value
0.00019703786410945798,0.0,2,0,2,0x78936b48f6936be6c5880de8bb57928866e31ddf,0.0008333333333333334,0.02,9.851893205472899e-05,9.288453990818625e-05
0.0,0.00033488523949535794,10,13,23,0x92f82b71e8bb0c63af874fe86d3ce72beb00e057,18.102222222222224,36.20444444444445,1.4560227804145998e-05,4.377908966714532e-05
0.0001378473753859,0.0,1,0,1,0x5988b88bad0b6386eb510a186f68dc240fedf88e,0.0,0.0,0.0001378473753859,0.0
