eth_sent,eth_received,num_sent_txs,num_received_txs,total_txs,address
30.349568201292694,0.0567308016996215,279,13,292,0xf70da97812cb96acdf810712aa562db8dfa3dbef
0.0019827479673089,0.006877519633141999,5,6,11,0x93da4e2c1c9bdff053462b08efd6af4222247d4d
205.92814491000001,31.8585258015,25,18,43,0xa9ac43f5b5e38155a288d1a01d2cbc4478e14573
0.0,0.0,0,7,7,0xc059a531b4234d05e9ef4ac51028f7e6156e2cce
0.0,0.0010827479673089,0,1,1,0x42660c90c0460dff04cd07ba3ed470991b1313c3
