eth_sent,eth_received,num_sent_txs,num_received_txs,total_txs,in_degree,out_degree,sent_received_ratio,address,account_age_days,avg_time_diff_hours,avg_tx_value,std_dev_tx_value
30.349568201292694,0.0567308016996215,279,13,292,7,80,534.9657033983319,0xf70da97812cb96acdf810712aa562db8dfa3dbef,541.1308333333334,44.6293470790378,0.10413116096915177,0.4757862062565904
0.0019827479673089,0.006877519633141999,5,6,11,3,3,0.28825213462438165,0x93da4e2c1c9bdff053462b08efd6af4222247d4d,430.4948611111111,1475.9823809523812,0.0008054788727682636,0.0008959080760568986
205.92814491000001,31.8585258015,25,18,43,4,18,6.46383136901058,0xa9ac43f5b5e38155a288d1a01d2cbc4478e14573,116.25638888888889,66.43222222222222,5.529922574686046,18.67260873527586
0.0,0.0,0,7,7,6,0,0.0,0xc059a531b4234d05e9ef4ac51028f7e6156e2cce,434.4165277777778,1737.6661111111111,0.0,0.0
0.0,0.0010827479673089,0,1,1,1,0,0.0,0x42660c90c0460dff04cd07ba3ed470991b1313c3,0.0,0.0,0.0010827479673089,0.0
