eth_sent,eth_received,num_sent_txs,num_received_txs,total_txs,address,account_age_days,avg_time_diff_hours,avg_tx_value,std_dev_tx_value
0.003,0.0,1,0,1,0xc8949c8983b5560f08173ff05e76f969aa84d25b,0.0,0.0,0.003,0.0
0.0040430676000983,0.004264274536665599,7,4,11,0x95ee6efc596f52c59c8bab49aed7fdfc7239c55e,11.095555555555556,26.629333333333335,0.000755212921523991,0.0010951537129945518
0.0006705483626306,0.0023976473667321,1,1,2,0x74b5c39d5bc94fd279571f11a1299d49e4e12ac2,13.015,312.36,0.00153409786468135,0.0012212434175807036
0.0054987110984966,0.0071676131239005,11,6,17,0x1934285ea9dc3ba097e85f354494ab2b7f8de8d3,21.965138888888887,32.94770833333333,0.0007450778954351234,0.0008580074576846378
0.0,0.0,0,5741,5741,0xa0b86991c6218b36c1d19d4a2e9eb0ce3606eb48,1915.7207175925926,8.009982094463803,0.0,0.0
0.0,0.0028536249987328,0,1,1,0x3a8107662a8e7b2026dfd791e3c9ab79549ba873,0.0,0.0,0.0028536249987328,0.0
0.0,0.0002628861636469,0,1,1,0x0df76818dfe428f211427e93c74dc28b60e5662e,0.0,0.0,0.0002628861636469,0.0
