eth_sent,eth_received,num_sent_txs,num_received_txs,total_txs,address
25.387290280000002,0.0,491,0,491,0xb23360ccdd9ed1b15d45e5d3824bb409c8d7c460
0.0,0.056207749999999994,60,67,127,0x9618dd1a55c9d377fca68e945f4cbef301205af6
0.0,0.0,0,11205,11205,0xdac17f958d2ee523a2206206994597c13d831ec7
