eth_sent,eth_received,num_sent_txs,num_received_txs,total_txs,in_degree,out_degree,sent_received_ratio,address,account_age_days,avg_time_diff_hours,avg_tx_value,std_dev_tx_value
0.0002853,0.0,3,0,3,0,1,285.3,0xbbe7b62f61351bf70cf6f277d99d6af0cec859cc,12.90986111111111,154.91833333333332,9.51e-05,3.7982260332950174e-05
0.0,0.0002853,3,3,6,1,1,0.0,0x964013e49dd82c665935d960a53d9f47b4d1a0ec,12.91013888888889,61.96866666666667,4.755e-05,5.736082147249985e-05
0.0,0.0,0,11205,11205,394,0,0.0,0xdac17f958d2ee523a2206206994597c13d831ec7,1959.5113425925927,4.197453786346146,0.0,0.0
