eth_sent,eth_received,num_sent_txs,num_received_txs,total_txs,address,account_age_days,avg_time_diff_hours,avg_tx_value,std_dev_tx_value
25.387290280000002,0.0,491,0,491,0xb23360ccdd9ed1b15d45e5d3824bb409c8d7c460,807.0229166666667,39.52765306122449,0.05170527551934827,0.19580013150522838
0.0,0.056207749999999994,60,67,127,0x9618dd1a55c9d377fca68e945f4cbef301205af6,478.77222222222224,91.19470899470899,0.0004425807086614173,0.0008374771496803931
0.0,0.0,0,11205,11205,0xdac17f958d2ee523a2206206994597c13d831ec7,1959.5113425925927,4.197453786346146,0.0,0.0
