eth_sent,eth_received,num_sent_txs,num_received_txs,total_txs,address,account_age_days,avg_time_diff_hours,avg_tx_value,std_dev_tx_value
7.363898808055493,0.0,52,0,52,0x8c8d7c46219d9205f056f28fee5950ad564d7465,820.7776388888889,386.24830065359475,0.14161343861645184,0.12223791512637314
0.12378642601126,0.0,2,0,2,0x7d463b60fd7c73827c128bfd5242d96b92078b49,0.2748611111111111,6.596666666666667,0.06189321300563,0.009838165531311336
0.0,0.9501692427600315,0,11,11,0x97eb2ff36add5e4b5fab37ca7c6cf7c85b6ac11a,3.7994444444444446,9.118666666666666,0.08637902206909377,0.04225392427812906
