eth_sent,eth_received,num_sent_txs,num_received_txs,total_txs,address
7.363898808055493,0.0,52,0,52,0x8c8d7c46219d9205f056f28fee5950ad564d7465
0.12378642601126,0.0,2,0,2,0x7d463b60fd7c73827c128bfd5242d96b92078b49
0.0,0.9501692427600315,0,11,11,0x97eb2ff36add5e4b5fab37ca7c6cf7c85b6ac11a
