eth_sent,eth_received,num_sent_txs,num_received_txs,total_txs,address
0.009531904517812058,0.007418740208793,11,8,19,0x97bf23c3a2dbd04437931f7bb0a6251daf902dea
0.007418740208793,0.0,1,0,1,0xa05e668c593dc51fe50cdd74799f40818c0ed0a6
0.0,0.001969463451986,0,1,1,0x7f52222b4e348349bcf4671965ae94942efa16ef
0.0,0.00425,0,27,27,0xfe5fc40c15c67983694642f9a8711241157fdb0a
0.0,0.00108075907411042,0,25,25,0x565e79f526245cae4a8c130ad95c7a2778f3ab4b
0.0,0.007367162237397,0,1,1,0x7e47571a45163a7f557af793530c89f425592650
