eth_sent,eth_received,num_sent_txs,num_received_txs,total_txs,address,account_age_days,avg_time_diff_hours,avg_tx_value,std_dev_tx_value
0.0,0.0,8,0,8,0xe4337c7c448073b2b5ce7b7beb03d483a07c1a2c,4.004513888888889,13.729761904761904,0.0,0.0
0.0,0.0,0,7,7,0x983bda798a24720bb4fe3dba287ec352e7b440fc,3.984097222222222,15.936388888888889,0.0,0.0
