eth_sent,eth_received,num_sent_txs,num_received_txs,total_txs,address,account_age_days,avg_time_diff_hours,avg_tx_value,std_dev_tx_value
0.9842,0.0,6,0,6,0x0e6d794bfcadd80bff73352043243a30afae2be6,246.5286111111111,1183.3373333333334,0.16403333333333334,0.1698566650640082
1.120488575211007,1.12207,4,7,11,0x98031cba36002ddc8a6ad188922912edaea5e0b4,246.59541666666667,591.829,0.20386896138281882,0.1695539379710886
0.13787,0.0,1,0,1,0x86e902cc7585442b4eb215b2c1a531b71ad88cb8,0.0,0.0,0.13787,0.0
16.23812105,114.44065280072387,64,207,271,0xb5d85cbf7cb3ee0d56b3bb207d5fc4b82f43f511,1548.9310763888889,137.682762345679,0.4822094976041471,1.3153665320797294
