eth_sent,eth_received,num_sent_txs,num_received_txs,total_txs,address
0.9842,0.0,6,0,6,0x0e6d794bfcadd80bff73352043243a30afae2be6
1.120488575211007,1.12207,4,7,11,0x98031cba36002ddc8a6ad188922912edaea5e0b4
0.13787,0.0,1,0,1,0x86e902cc7585442b4eb215b2c1a531b71ad88cb8
16.23812105,114.44065280072387,64,207,271,0xb5d85cbf7cb3ee0d56b3bb207d5fc4b82f43f511
