eth_sent,eth_received,num_sent_txs,num_received_txs,total_txs,address,account_age_days,avg_time_diff_hours,avg_tx_value,std_dev_tx_value
0.0,0.0,9,0,9,0x9957a68ff6584fb29d22a5adecf0d8887389e90f,0.18791666666666668,0.56375,0.0,0.0
0.0,0.0,0,9,9,0x7b5f2b926c1262c8850113a2b75115807e73257e,0.18791666666666668,0.56375,0.0,0.0
