eth_sent,eth_received,num_sent_txs,num_received_txs,total_txs,address,account_age_days,avg_time_diff_hours,avg_tx_value,std_dev_tx_value
0.0002652836545476,0.0,1,0,1,0x0c4b9f7f4e9cc590ee817f92d98d4e8d953812f4,0.0,0.0,0.0002652836545476,0.0
0.24645507,0.0,2,0,2,0x09369b443b9c8e3cfb09d533b24f826989e02ce8,0.93375,22.41,0.123227535,0.0096530328680291
0.363033,0.2467203536545476,3,3,6,0x995e474ffb45750d7893f47c0c972ec3a21a3225,2.5954166666666665,12.458,0.1016255589424246,0.05011065042116251
0.0,0.130235,0,1,1,0x1b86d2cf161b168c1717a74287ad1514db0e77ab,0.0,0.0,0.130235,0.0
41.24415313000001,41.403561043829,44,47,91,0x4f46f9ccc0f6f20e8e487ae06b6dd3021a1a39c1,35.775416666666665,9.540111111111111,0.9082166392728461,1.0757238366203008
