eth_sent,eth_received,num_sent_txs,num_received_txs,total_txs,address
0.6843369046897564,0.0,29,0,29,0x5babe600b9fcd5fb7b66c0611bf4896d967b23a1
0.00022,0.000262512628886781,3,2,5,0x991b9a2461609861abc60fe43268f493cecd1004
30.349568201292694,0.0567308016996215,279,13,292,0xf70da97812cb96acdf810712aa562db8dfa3dbef
0.0,0.025231237051992754,0,24,24,0x391e7c679d29bd940d63be94ad22a25d25b5a604
