eth_sent,eth_received,num_sent_txs,num_received_txs,total_txs,in_degree,out_degree,sent_received_ratio,address,account_age_days,avg_time_diff_hours,avg_tx_value,std_dev_tx_value
380.81854021000004,0.0,320,0,320,0,72,380818540.21000004,0x21a31ee1afc51d94c2efccaa2092ad1028285549,1532.7846412037038,115.31922065482411,1.1900579381562502,7.275906843913503
0.0,0.04419,5,1,6,1,1,0.0,0x993ed51ee0b6dc4a229e0364b3b2cfc8bce19c9a,721.6752777777778,3464.0413333333336,0.007365,0.018040491955598106
0.0,0.0,0,11205,11205,394,0,0.0,0xdac17f958d2ee523a2206206994597c13d831ec7,1959.5113425925927,4.197453786346146,0.0,0.0
