eth_sent,eth_received,num_sent_txs,num_received_txs,total_txs,address
380.81854021000004,0.0,320,0,320,0x21a31ee1afc51d94c2efccaa2092ad1028285549
0.0,0.04419,5,1,6,0x993ed51ee0b6dc4a229e0364b3b2cfc8bce19c9a
0.0,0.0,0,11205,11205,0xdac17f958d2ee523a2206206994597c13d831ec7
