eth_sent,eth_received,num_sent_txs,num_received_txs,total_txs,address
2.307601503057329,2.343841457898433,199,81,280,0xee8a137089353405d1b689a78676f2e4809741fe
0.0034812518771925993,0.006,9,4,13,0x9ad7f0439057215f24312e1e89b2708269640fbf
0.0,0.0,0,11205,11205,0xdac17f958d2ee523a2206206994597c13d831ec7
