eth_sent,eth_received,num_sent_txs,num_received_txs,total_txs,address,account_age_days,avg_time_diff_hours,avg_tx_value,std_dev_tx_value
2.307601503057329,2.343841457898433,199,81,280,0xee8a137089353405d1b689a78676f2e4809741fe,67.07652777777778,5.770023894862605,0.016612296289127724,0.03151114380639615
0.0034812518771925993,0.006,9,4,13,0x9ad7f0439057215f24312e1e89b2708269640fbf,2.6302777777777777,5.260555555555555,0.0007293270674763538,0.00072586304334927
0.0,0.0,0,11205,11205,0xdac17f958d2ee523a2206206994597c13d831ec7,1959.5113425925927,4.197453786346146,0.0,0.0
