eth_sent,eth_received,num_sent_txs,num_received_txs,total_txs,address,account_age_days,avg_time_diff_hours,avg_tx_value,std_dev_tx_value
0.0022405744122771,0.0,1,0,1,0xefcbd8605a0c2859c1e2f33c8147b63412f54987,0.0,0.0,0.0022405744122771,0.0
0.00132371,0.0046351944122771,11,2,13,0x9adfcd1ecfcb3f0d41e497d8713ecbd864ef0635,7.755,15.51,0.0004583772624828539,0.0009025501146545039
6.2380582906379995,4466.4088900013485,66,110,176,0x1ab4973a48dc892cd9971ece8e01dcc7688f8f23,560.7894444444445,76.90826666666666,25.412766751659024,46.3532283537195
0.0,0.0,0,11205,11205,0xdac17f958d2ee523a2206206994597c13d831ec7,1959.5113425925927,4.197453786346146,0.0,0.0
0.0,0.00132371,0,1,1,0xaf8fb9ec03c0101f964f078d8f522e2b45f1db9c,0.0,0.0,0.00132371,0.0
0.0,47.694851903352884,0,276,276,0x3c11f6265ddec22f4d049dde480615735f451646,679.0563888888889,59.26310303030303,0.17280743443243796,0.5809900742604839
