eth_sent,eth_received,num_sent_txs,num_received_txs,total_txs,address,account_age_days,avg_time_diff_hours,avg_tx_value,std_dev_tx_value
0.0,0.0,262,0,262,0xf24246e0d5399ea85dbdadcfdbc9e8f14490db58,79.83940972222223,7.3415549169859515,0.0,0.0
0.0,0.0,146,0,146,0xaa00438e14965a642532f1ff659b87e07dde64fc,135.26697916666666,22.38901724137931,0.0,0.0
0.0,0.0,8,0,8,0xfb6bff51675c7fcc4a3bcceb556a00f6e51c69f4,89.31925925925925,306.2374603174603,0.0,0.0
0.0,0.0,1,0,1,0x2bd77ae4ad198cb552af9dac7754c680a493ba53,0.0,0.0,0.0,0.0
0.0,0.0,2,0,2,0xba6aa27b67192aaedea270a5f034772b49b741dc,0.7023958333333333,16.8575,0.0,0.0
0.0,0.0,45,0,45,0x351b322d862f611c2791b7b24edbbe334b3c4128,19.077395833333334,10.405852272727273,0.0,0.0
0.0,0.0,0,11,11,0x9beb086842a6c61ad929995f7060e3ee2c4a94ce,113.81193287037037,273.14863888888885,0.0,0.0
