eth_sent,eth_received,num_sent_txs,num_received_txs,total_txs,address,account_age_days,avg_time_diff_hours,avg_tx_value,std_dev_tx_value
229.51728115407397,0.0,656,0,656,0x46340b20830761efd32832a74d7169b29feb9758,1742.6767708333334,63.85380534351145,0.3498739041982835,0.8540319028239794
0.051550165632,0.051929496219118895,3,3,6,0x9b68c1c9265b274af140634e5118f7e182f9588b,0.06541666666666666,0.314,0.017246610308519816,0.005067454302508673
0.0,0.057100682259,0,7,7,0xe09ad398e1deee1f18fec1255c58d3dff57068a3,2.7158333333333333,10.863333333333333,0.008157240322714285,0.009086130307355568
