eth_sent,eth_received,num_sent_txs,num_received_txs,total_txs,address,account_age_days,avg_time_diff_hours,avg_tx_value,std_dev_tx_value
443.4285291300001,0.0,58,0,58,0xa7efae728d2936e78bda97dc267687568dd593f3,1181.7340509259259,497.5722319688109,7.645319467758621,46.024778694090415
0.010343,0.01491809,7,5,12,0x9b0e4f7ed80ed54895310e3edc0c41e4a89af763,443.94069444444443,1522.082380952381,0.0021050908333333333,0.004318027087888126
0.0,0.003658,0,1,1,0xd1017594645b9a554b31fb0da18f056a8a4554d8,0.0,0.0,0.003658,0.0
0.0,0.003322,0,1,1,0xe7507182ac38084493e715da92ce525205036560,0.0,0.0,0.003322,0.0
0.0,0.003363,0,1,1,0xa92390ed482e225d91dda9fb71a10f916f9c8208,0.0,0.0,0.003363,0.0
