eth_sent,eth_received,num_sent_txs,num_received_txs,total_txs,address
229.51728115407397,0.0,656,0,656,0x46340b20830761efd32832a74d7169b29feb9758
0.051550165632,0.051929496219118895,3,3,6,0x9b68c1c9265b274af140634e5118f7e182f9588b
0.0,0.057100682259,0,7,7,0xe09ad398e1deee1f18fec1255c58d3dff57068a3
