eth_sent,eth_received,num_sent_txs,num_received_txs,total_txs,address
57.74843787737618,33.3754400401,156,21,177,0x610e41310ebefbc71ea8219ad88272c676fc21db
1.2475609197032607,0.0,4,0,4,0x5b9c49306d78a28bad33edf45d67f889206bae19
1.6472902882999998,2.096901399243979,3,18,21,0x9caf00462ba88cbf4ba5a3ae4ef2891d95ae6ca7
205.92814491000001,31.8585258015,25,18,43,0xa9ac43f5b5e38155a288d1a01d2cbc4478e14573
