eth_sent,eth_received,num_sent_txs,num_received_txs,total_txs,address,account_age_days,avg_time_diff_hours,avg_tx_value,std_dev_tx_value
57.74843787737618,33.3754400401,156,21,177,0x610e41310ebefbc71ea8219ad88272c676fc21db,422.7733333333333,57.650909090909096,0.5148241690252893,1.75672418951859
1.2475609197032607,0.0,4,0,4,0x5b9c49306d78a28bad33edf45d67f889206bae19,19.19736111111111,153.57888888888888,0.31189022992581517,0.43057275616569307
1.6472902882999998,2.096901399243979,3,18,21,0x9caf00462ba88cbf4ba5a3ae4ef2891d95ae6ca7,109.12486111111112,130.94983333333334,0.17829484226399897,0.29349657773911175
205.92814491000001,31.8585258015,25,18,43,0xa9ac43f5b5e38155a288d1a01d2cbc4478e14573,116.25638888888889,66.43222222222222,5.529922574686046,18.67260873527586
