eth_sent,eth_received,num_sent_txs,num_received_txs,total_txs,address
9.550476531279065,6.888826754818845,24,8,32,0x9cc01dcde7efd3f6645b88e79b80445e3ac1e0ac
3.02376760707721,0.0,3,0,3,0x2a3111b1068cddc1bd822dee1f81b37bc0f4719c
1.466350431237985,0.0,4,0,4,0x68554df290f5ca68e91cf00df508081d66c478f2
229.51728115407397,0.0,656,0,656,0x46340b20830761efd32832a74d7169b29feb9758
0.0,0.0,0,11205,11205,0xdac17f958d2ee523a2206206994597c13d831ec7
0.0,0.0444765312790642,0,2,2,0x6985c494edf98d6fcf73dcb0b42aba3072f8fd9e
0.0,13.397273935265233,0,315,315,0xf3de3c0d654fda23dad170f0f320a92172509127
0.0,0.0,0,5741,5741,0xa0b86991c6218b36c1d19d4a2e9eb0ce3606eb48
2.3904378241,4.7808281968996,5,4,9,0x73753b11239d67d53f53c1a4600227840e50de28
