eth_sent,eth_received,num_sent_txs,num_received_txs,total_txs,in_degree,out_degree,sent_received_ratio,address,account_age_days,avg_time_diff_hours,avg_tx_value,std_dev_tx_value
9.550476531279065,6.888826754818845,24,8,32,3,5,1.3863717995559337,0x9cc01dcde7efd3f6645b88e79b80445e3ac1e0ac,294.3877777777778,227.9131182795699,0.5137282276905597,0.7528067655364469
3.02376760707721,0.0,3,0,3,0,1,3023767.60707721,0x2a3111b1068cddc1bd822dee1f81b37bc0f4719c,2.4470833333333335,29.365,1.0079225356924033,0.6083707025727693
1.466350431237985,0.0,4,0,4,0,1,1466350.431237985,0x68554df290f5ca68e91cf00df508081d66c478f2,3.0165277777777777,24.13222222222222,0.36658760780949623,0.1362844587304356
229.51728115407397,0.0,656,0,656,0,42,229517281.15407398,0x46340b20830761efd32832a74d7169b29feb9758,1742.6767708333334,63.85380534351145,0.3498739041982835,0.8540319028239794
0.0,0.0,0,11205,11205,394,0,0.0,0xdac17f958d2ee523a2206206994597c13d831ec7,1959.5113425925927,4.197453786346146,0.0,0.0
0.0,0.0444765312790642,0,2,2,1,0,0.0,0x6985c494edf98d6fcf73dcb0b42aba3072f8fd9e,61.80125,1483.23,0.0222382656395321,0.0206100026140255
0.0,13.397273935265233,0,315,315,10,0,0.0,0xf3de3c0d654fda23dad170f0f320a92172509127,424.5525,32.44987261146497,0.04253102836592138,0.20834273507296797
0.0,0.0,0,5741,5741,312,0,0.0,0xa0b86991c6218b36c1d19d4a2e9eb0ce3606eb48,1915.7207175925926,8.009982094463803,0.0,0.0
2.3904378241,4.7808281968996,5,4,9,2,2,0.5000048580798944,0x73753b11239d67d53f53c1a4600227840e50de28,116.26375,348.79125,0.7968073356666223,1.1950039729277937
