eth_sent,eth_received,num_sent_txs,num_received_txs,total_txs,address,account_age_days,avg_time_diff_hours,avg_tx_value,std_dev_tx_value
0.00157469677942,0.0,1,0,1,0xde438aa3f2c2adf917adc02412579a40c3d98526,0.0,0.0,0.00157469677942,0.0
0.0018,0.0,1,0,1,0xd8ae27e416aedd2c06a7874d244262a6a795b39f,0.0,0.0,0.0018,0.0
0.0,0.00337469677942,7,2,9,0x9cc1aceefbf01cb0c99d43fc8515f3b63451c68e,0.3929166666666667,1.17875,0.00037496630882444444,0.000746179632556302
0.0,0.0,0,11205,11205,0xdac17f958d2ee523a2206206994597c13d831ec7,1959.5113425925927,4.197453786346146,0.0,0.0
