eth_sent,eth_received,num_sent_txs,num_received_txs,total_txs,in_degree,out_degree,sent_received_ratio,address,account_age_days,avg_time_diff_hours,avg_tx_value,std_dev_tx_value
16.23812105,114.44065280072387,64,207,271,9,21,0.14189119435017847,0xb5d85cbf7cb3ee0d56b3bb207d5fc4b82f43f511,1548.9310763888889,137.682762345679,0.4822094976041471,1.3153665320797294
1.6344350044093154,0.00609755,29,1,30,1,3,268.0038704953334,0x9d3f0ad4ac0ef3018facabc69232d1d32f09e07b,107.6138888888889,89.05977011494252,0.05468441848031051,0.09967720198666223
0.0,0.0,0,9,9,2,0,0.0,0xe92344b4edf545f3209094b192e46600a19e7c2d,261.36930555555557,784.1079166666667,0.0,0.0
0.0,177.55017860338873,0,2004,2004,48,0,0.0,0x1111111254eeb25477b68fb85ed929f73a960582,982.2651388888889,11.769527375603262,0.08859789351466504,0.9910997821967806
0.0,0.6165286972433346,0,7,7,1,0,0.0,0x55324627fc7e7a33247d1b468ad83b016e73d8e8,86.23361111111112,344.93444444444447,0.08807552817761923,0.07203071124422013
