eth_sent,eth_received,num_sent_txs,num_received_txs,total_txs,address
0.0011260844950512,0.0,1,0,1,0x89e51fa8ca5d66cd220baed62ed01e8951aa7c40
0.018907647030718,0.0201260844950512,4,2,6,0x9d404a8a726c3f55f4e5e56e2aa82b88a29925c6
0.019,0.0,1,0,1,0x56cd6ee2cc22b06bc470ed36996a11be20e0e5ea
0.0,0.0,0,11205,11205,0xdac17f958d2ee523a2206206994597c13d831ec7
0.0,0.0,0,181,181,0x6982508145454ce325ddbe47a25d4ec3d2311933
382.3806886357,0.9444430823469055,292,6,298,0x267be1c1d684f78cb4f6a176c4911b741e4ffdc0
0.0,0.0,0,5741,5741,0xa0b86991c6218b36c1d19d4a2e9eb0ce3606eb48
