eth_sent,eth_received,num_sent_txs,num_received_txs,total_txs,address
575.2224600000002,0.0,51,0,51,0xbf94f0ac752c739f623c463b5210a7fb2cbb420b
0.0126116962582949,0.01385,7,1,8,0x9df4d712cfee3195d075030d0f5a947a6ce498ed
0.0,0.011520996177855092,0,17,17,0xb584d4be1a5470ca1a8778e9b86c81e165204599
0.0,0.0035870008,0,8,8,0x77a6ab7dc9096e7a311eb9bb4791494460f53c82
0.0,0.009410006984,0,1,1,0x905d02128899a2ffea6cee83852c1a9c067eea96
0.0,0.0,0,51,51,0x26d85a13212433fe6a8381969c2b0db390a0b0ae
0.0,0.0007156890742949,0,1,1,0x0aec83062996bab86b70865f017df999460ba4cd
