eth_sent,eth_received,num_sent_txs,num_received_txs,total_txs,in_degree,out_degree,sent_received_ratio,address,account_age_days,avg_time_diff_hours,avg_tx_value,std_dev_tx_value
575.2224600000002,0.0,51,0,51,0,27,575222460.0000002,0xbf94f0ac752c739f623c463b5210a7fb2cbb420b,846.4905555555556,406.3154666666666,11.278871764705881,69.91198242057766
0.0126116962582949,0.01385,7,1,8,1,5,0.9105260456497655,0x9df4d712cfee3195d075030d0f5a947a6ce498ed,371.12041666666664,1272.412857142857,0.003307712032286863,0.005280011652596876
0.0,0.011520996177855092,0,17,17,9,0,0.0,0xb584d4be1a5470ca1a8778e9b86c81e165204599,735.1641666666667,1102.74625,0.0006777056575208878,0.0007517416976019084
0.0,0.0035870008,0,8,8,4,0,0.0,0x77a6ab7dc9096e7a311eb9bb4791494460f53c82,34.15277777777778,117.0952380952381,0.0004483751,0.00023586009018665527
0.0,0.009410006984,0,1,1,1,0,0.0,0x905d02128899a2ffea6cee83852c1a9c067eea96,0.0,0.0,0.009410006984,0.0
0.0,0.0,0,51,51,45,0,0.0,0x26d85a13212433fe6a8381969c2b0db390a0b0ae,2.902361111111111,1.3931333333333333,0.0,0.0
0.0,0.0007156890742949,0,1,1,1,0,0.0,0x0aec83062996bab86b70865f017df999460ba4cd,0.0,0.0,0.0007156890742949,0.0
