eth_sent,eth_received,num_sent_txs,num_received_txs,total_txs,in_degree,out_degree,sent_received_ratio,address,account_age_days,avg_time_diff_hours,avg_tx_value,std_dev_tx_value
0.0011260844950512,0.0,1,0,1,0,1,1126.0844950512,0x89e51fa8ca5d66cd220baed62ed01e8951aa7c40,0.0,0.0,0.0011260844950512,0.0
0.018907647030718,0.0201260844950512,4,2,6,2,4,0.939413109502619,0x9d404a8a726c3f55f4e5e56e2aa82b88a29925c6,190.58055555555555,914.7866666666666,0.006505621920961533,0.009652237906902653
0.019,0.0,1,0,1,0,1,19000.0,0x56cd6ee2cc22b06bc470ed36996a11be20e0e5ea,0.0,0.0,0.019,0.0
0.0,0.0,0,11205,11205,394,0,0.0,0xdac17f958d2ee523a2206206994597c13d831ec7,1959.5113425925927,4.197453786346146,0.0,0.0
0.0,0.0,0,181,181,38,0,0.0,0x6982508145454ce325ddbe47a25d4ec3d2311933,834.1009722222223,111.21346296296296,0.0,0.0
382.3806886357,0.9444430823469055,292,6,298,3,52,404.87382554772256,0x267be1c1d684f78cb4f6a176c4911b741e4ffdc0,2954.578622685185,238.75382809577255,1.2863259453625733,7.159234666486514
0.0,0.0,0,5741,5741,312,0,0.0,0xa0b86991c6218b36c1d19d4a2e9eb0ce3606eb48,1915.7207175925926,8.009982094463803,0.0,0.0
