eth_sent,eth_received,num_sent_txs,num_received_txs,total_txs,address
16.23812105,114.44065280072387,64,207,271,0xb5d85cbf7cb3ee0d56b3bb207d5fc4b82f43f511
1.6344350044093154,0.00609755,29,1,30,0x9d3f0ad4ac0ef3018facabc69232d1d32f09e07b
0.0,0.0,0,9,9,0xe92344b4edf545f3209094b192e46600a19e7c2d
0.0,177.55017860338873,0,2004,2004,0x1111111254eeb25477b68fb85ed929f73a960582
0.0,0.6165286972433346,0,7,7,0x55324627fc7e7a33247d1b468ad83b016e73d8e8
