eth_sent,eth_received,num_sent_txs,num_received_txs,total_txs,address
0.0188175184731805,0.0,1,0,1,0xeabf2c30eeafbd31967e12469b3219029ea7afed
0.09225669972736389,0.0,2,0,2,0x040d046e001b0811725a1baf52af4d6e2ea784ab
0.1120761499938362,0.0,2,0,2,0x5dcfa102e9231fcbfbd87b45a666a4d24e304d27
1.0393756980937316,0.0,15,0,15,0xd2f22e13587445821300959ba13217620db6d4aa
0.31214227944561845,0.4327484298434995,3,7,10,0x9e03a1ee4f4f0b78023a81fe38cc1f382c392b27
5.57575113,0.0,16,0,16,0x4e5b2e1dc63f6b91cb6cd759936495434c7e972f
0.0,0.003617876109777,0,1,1,0x830790bc1f79544abd7f7167248bf9a767b7bbab
0.0,0.6401752923577686,0,7,7,0xc533057275158f5f132013007ecc9e94220ba44d
