eth_sent,eth_received,num_sent_txs,num_received_txs,total_txs,address,account_age_days,avg_time_diff_hours,avg_tx_value,std_dev_tx_value
0.0188175184731805,0.0,1,0,1,0xeabf2c30eeafbd31967e12469b3219029ea7afed,0.0,0.0,0.0188175184731805,0.0
0.09225669972736389,0.0,2,0,2,0x040d046e001b0811725a1baf52af4d6e2ea784ab,0.04236111111111111,1.0166666666666666,0.046128349863681944,0.043595527324103274
0.1120761499938362,0.0,2,0,2,0x5dcfa102e9231fcbfbd87b45a666a4d24e304d27,2.128888888888889,51.093333333333334,0.0560380749969181,0.05343509958450804
1.0393756980937316,0.0,15,0,15,0xd2f22e13587445821300959ba13217620db6d4aa,18.35736111111111,31.469761904761903,0.06929171320624877,0.1196303932649416
0.31214227944561845,0.4327484298434995,3,7,10,0x9e03a1ee4f4f0b78023a81fe38cc1f382c392b27,5.390555555555555,14.374814814814815,0.0744890709289118,0.06385067547575146
5.57575113,0.0,16,0,16,0x4e5b2e1dc63f6b91cb6cd759936495434c7e972f,555.1284722222222,888.2055555555555,0.348484445625,0.29808136817087394
0.0,0.003617876109777,0,1,1,0x830790bc1f79544abd7f7167248bf9a767b7bbab,0.0,0.0,0.003617876109777,0.0
0.0,0.6401752923577686,0,7,7,0xc533057275158f5f132013007ecc9e94220ba44d,77.91694444444444,311.66777777777776,0.09145361319396694,0.08575371406289964
