eth_sent,eth_received,num_sent_txs,num_received_txs,total_txs,address
0.00032,0.0,2,0,2,0xb10674363fa16a4b20e15862bd5e5e8fa4496b94
0.0002487316032778,0.00032,3,2,5,0x9f6ead38c0327d4a7b0e6ada894cd027806173cf
0.00048000000000000007,0.0,3,0,3,0x87e1196fbf173bc77277eda9a96ad9a334691526
0.0,0.0,0,24,24,0xd1d2eb1b1e90b638588728b4130137d262c87cae
0.0,0.0,0,20,20,0x0f5d2fb29fb7d3cfee444a200298f468908cc942
0.0,0.0054501793455968015,0,22,22,0xc4cbab6f25aacd8cadc432abb91b85698bf9b43e
