eth_sent,eth_received,num_sent_txs,num_received_txs,total_txs,in_degree,out_degree,sent_received_ratio,address,account_age_days,avg_time_diff_hours,avg_tx_value,std_dev_tx_value
0.00032,0.0,2,0,2,0,2,320.00000000000006,0xb10674363fa16a4b20e15862bd5e5e8fa4496b94,20.503194444444443,492.07666666666665,0.00016,0.0
0.0002487316032778,0.00032,3,2,5,2,3,0.7748648077190029,0x9f6ead38c0327d4a7b0e6ada894cd027806173cf,47.03055555555556,282.18333333333334,0.00011374632065555998,0.00010997304573821431
0.00048000000000000007,0.0,3,0,3,0,3,480.0000000000001,0x87e1196fbf173bc77277eda9a96ad9a334691526,20.843055555555555,250.11666666666667,0.00016,0.0
0.0,0.0,0,24,24,8,0,0.0,0xd1d2eb1b1e90b638588728b4130137d262c87cae,800.8579166666667,835.6778260869565,0.0,0.0
0.0,0.0,0,20,20,11,0,0.0,0x0f5d2fb29fb7d3cfee444a200298f468908cc942,2803.9141203703703,3541.7862573099414,0.0,0.0
0.0,0.0054501793455968015,0,22,22,22,0,0.0,0xc4cbab6f25aacd8cadc432abb91b85698bf9b43e,0.004583333333333333,0.005238095238095238,0.0002477354247998545,1.216885152517588e-05
