eth_sent,eth_received,num_sent_txs,num_received_txs,total_txs,in_degree,out_degree,sent_received_ratio,address,account_age_days,avg_time_diff_hours,avg_tx_value,std_dev_tx_value
142.22605948547314,110.69800414405059,229,467,696,9,21,1.2848114046896808,0x974caa59e49682cda0ad2bbe82983419a2ecc400,1019.3675,35.201179856115104,0.3633966431458675,3.5368659070206996
1.2778876776369896,1.3185419545497001,142,70,212,1,3,0.9691665131026431,0x9f6661c2b51898f2fa9a0c23e3dc66b9140df5c3,1019.2951388888889,115.93878357030016,0.01224730958578627,0.0256864499504279
0.0,0.0,0,11205,11205,394,0,0.0,0xdac17f958d2ee523a2206206994597c13d831ec7,1959.5113425925927,4.197453786346146,0.0,0.0
0.0,0.0,0,5741,5741,312,0,0.0,0xa0b86991c6218b36c1d19d4a2e9eb0ce3606eb48,1915.7207175925926,8.009982094463803,0.0,0.0
