eth_sent,eth_received,num_sent_txs,num_received_txs,total_txs,address
142.22605948547314,110.69800414405059,229,467,696,0x974caa59e49682cda0ad2bbe82983419a2ecc400
1.2778876776369896,1.3185419545497001,142,70,212,0x9f6661c2b51898f2fa9a0c23e3dc66b9140df5c3
0.0,0.0,0,11205,11205,0xdac17f958d2ee523a2206206994597c13d831ec7
0.0,0.0,0,5741,5741,0xa0b86991c6218b36c1d19d4a2e9eb0ce3606eb48
