eth_sent,eth_received,num_sent_txs,num_received_txs,total_txs,address
6.2380582906379995,4466.4088900013485,66,110,176,0x1ab4973a48dc892cd9971ece8e01dcc7688f8f23
0.041731311651885705,0.040903449641973004,8,4,12,0xa054e2b44f6fb813307dd347fa170c2c91da6792
30.349568201292694,0.0567308016996215,279,13,292,0xf70da97812cb96acdf810712aa562db8dfa3dbef
0.0,15.14599490211477,0,242,242,0xa5f565650890fba1824ee0f21ebbbf660a179934
0.0,0.0,0,1,1,0x7b744eea1deca2f1b7b31f15ba036fa1759452d7
0.0,0.20539605,0,5,5,0x47ebcf27421858d4019238620a44a4ea10ebb5d9
0.0,0.000193363,0,1,1,0x315409a7abb4066bd88299dc877da5c8d3e8caf5
0.0,0.0101,0,1,1,0x73d19ad0efd9c99e3522d232b8d626eefaa7c955
0.0,0.0123,0,1,1,0x5097df4e24614fc6dbcf10a7e728f698e81458a4
