eth_sent,eth_received,num_sent_txs,num_received_txs,total_txs,in_degree,out_degree,sent_received_ratio,address,account_age_days,avg_time_diff_hours,avg_tx_value,std_dev_tx_value
1.3992334899999999,0.0,9,0,9,0,3,1399233.49,0xdb044b8298e04d442fdbe5ce01b8cc8f77130e33,391.7651388888889,1175.2954166666666,0.15547038777777777,0.1928243774802706
0.000395961034,0.02330459,39,1,40,1,2,0.016989959662038163,0xa0c96944be3d103415e4c2e96c2b492084b86c34,69.17138888888888,42.56700854700855,0.00059251377585,0.0036837056218365755
0.0,0.0,0,38,38,1,0,0.0,0x50f7517029c505933cb5d6e9c897245226f4317b,69.16875,44.866216216216216,0.0,0.0
0.0,0.000395961034,0,1,1,1,0,0.0,0xfbae501a97ebb57ac270f7ea4841d69aa32728c8,0.0,0.0,0.000395961034,0.0
