eth_sent,eth_received,num_sent_txs,num_received_txs,total_txs,address,account_age_days,avg_time_diff_hours,avg_tx_value,std_dev_tx_value
6.2380582906379995,4466.4088900013485,66,110,176,0x1ab4973a48dc892cd9971ece8e01dcc7688f8f23,560.7894444444445,76.90826666666666,25.412766751659024,46.3532283537195
0.041731311651885705,0.040903449641973004,8,4,12,0xa054e2b44f6fb813307dd347fa170c2c91da6792,11.051388888888889,24.112121212121213,0.006886230107821558,0.004699779974558765
30.349568201292694,0.0567308016996215,279,13,292,0xf70da97812cb96acdf810712aa562db8dfa3dbef,541.1308333333334,44.6293470790378,0.10413116096915177,0.4757862062565904
0.0,15.14599490211477,0,242,242,0xa5f565650890fba1824ee0f21ebbbf660a179934,412.8238888888889,41.11109266943292,0.06258675579386268,0.1670995156025629
0.0,0.0,0,1,1,0x7b744eea1deca2f1b7b31f15ba036fa1759452d7,0.0,0.0,0.0,0.0
0.0,0.20539605,0,5,5,0x47ebcf27421858d4019238620a44a4ea10ebb5d9,22.2025,133.215,0.04107921,0.06550185171718582
0.0,0.000193363,0,1,1,0x315409a7abb4066bd88299dc877da5c8d3e8caf5,0.0,0.0,0.000193363,0.0
0.0,0.0101,0,1,1,0x73d19ad0efd9c99e3522d232b8d626eefaa7c955,0.0,0.0,0.0101,0.0
0.0,0.0123,0,1,1,0x5097df4e24614fc6dbcf10a7e728f698e81458a4,0.0,0.0,0.0123,0.0
