eth_sent,eth_received,num_sent_txs,num_received_txs,total_txs,address
1.3992334899999999,0.0,9,0,9,0xdb044b8298e04d442fdbe5ce01b8cc8f77130e33
0.000395961034,0.02330459,39,1,40,0xa0c96944be3d103415e4c2e96c2b492084b86c34
0.0,0.0,0,38,38,0x50f7517029c505933cb5d6e9c897245226f4317b
0.0,0.000395961034,0,1,1,0xfbae501a97ebb57ac270f7ea4841d69aa32728c8
