eth_sent,eth_received,num_sent_txs,num_received_txs,total_txs,address
1.5195931554073554,0.0,6,0,6,0xa19ee7ff55a05f8428d20820ac488ba6f0804fac
0.0,103.22197141190841,0,299,299,0x3328f7f4a1d1c57c35df56bbf0c9dcafca309c49
0.0,0.0,0,3,3,0x8f6ee40abda4c358988750ffbaa8a7c8e6def675
0.0,1091.941335759052,0,5480,5480,0x7a250d5630b4cf539739df2c5dacb4c659f2488d
0.0,0.2222904395127178,0,2,2,0xb1afcc4b3cbfa10d39e05ff5ffe51905b7c8b899
