eth_sent,eth_received,num_sent_txs,num_received_txs,total_txs,address,account_age_days,avg_time_diff_hours,avg_tx_value,std_dev_tx_value
2.8323225872719178,0.9076004636938692,55,12,67,0xb3bc366d94156391db39eff25ec1cdc7b8d5b84a,247.84944444444446,90.1270707070707,0.0558197470293401,0.069144626181729
0.24514557027780648,0.49079510722762965,3,6,9,0xa1cff5df14504a83715eaa8224153b43bdcb042f,71.48083333333334,214.4425,0.0817711863894929,0.04256150174084035
382.3806886357,0.9444430823469055,292,6,298,0x267be1c1d684f78cb4f6a176c4911b741e4ffdc0,2954.578622685185,238.75382809577255,1.2863259453625733,7.159234666486514
