eth_sent,eth_received,num_sent_txs,num_received_txs,total_txs,address
2.8323225872719178,0.9076004636938692,55,12,67,0xb3bc366d94156391db39eff25ec1cdc7b8d5b84a
0.24514557027780648,0.49079510722762965,3,6,9,0xa1cff5df14504a83715eaa8224153b43bdcb042f
382.3806886357,0.9444430823469055,292,6,298,0x267be1c1d684f78cb4f6a176c4911b741e4ffdc0
