eth_sent,eth_received,num_sent_txs,num_received_txs,total_txs,in_degree,out_degree,sent_received_ratio,address,account_age_days,avg_time_diff_hours,avg_tx_value,std_dev_tx_value
1.5195931554073554,0.0,6,0,6,0,4,1519593.1554073554,0xa19ee7ff55a05f8428d20820ac488ba6f0804fac,0.2825,1.356,0.2532655259012259,0.3219241837461158
0.0,103.22197141190841,0,299,299,22,0,0.0,0x3328f7f4a1d1c57c35df56bbf0c9dcafca309c49,413.6423611111111,33.313478747203575,0.3452239846552121,0.6693289652437994
0.0,0.0,0,3,3,3,0,0.0,0x8f6ee40abda4c358988750ffbaa8a7c8e6def675,0.16833333333333333,2.02,0.0,0.0
0.0,1091.941335759052,0,5480,5480,68,0,0.0,0x7a250d5630b4cf539739df2c5dacb4c659f2488d,1854.3875925925927,8.122887793798544,0.19925936783924303,3.4350150712954384
0.0,0.2222904395127178,0,2,2,2,0,0.0,0xb1afcc4b3cbfa10d39e05ff5ffe51905b7c8b899,0.0,0.0,0.1111452197563589,0.11801543400035985
