eth_sent,eth_received,num_sent_txs,num_received_txs,total_txs,address,account_age_days,avg_time_diff_hours,avg_tx_value,std_dev_tx_value
0.0037495688254407,0.00262078,3,3,6,0xf8323469127666a468e3c79c23fd22f049eee042,11.051527777777778,53.047333333333334,0.001061724804240117,0.00031931367183659796
0.0029691500000000003,0.0047150288254407,11,5,16,0xa236c7c0c5dba999b41d03b6fb77d87f3acaa906,11.048472222222221,17.677555555555553,0.00048026117659004375,0.0005776133174945955
0.00096546,0.0,2,0,2,0x27ad44517cc90a4a639ef89dd4dc1abaf7a335b4,2.79875,67.17,0.00048273,9.895252295924547e-05
0.0,0.0,0,5741,5741,0xa0b86991c6218b36c1d19d4a2e9eb0ce3606eb48,1915.7207175925926,8.009982094463803,0.0,0.0
0.00147678,0.00153159,1,1,2,0xa9707df680310237e494ab06270baa086a5b09bd,0.0009722222222222222,0.023333333333333334,0.001504185,3.8756522676834654e-05
