eth_sent,eth_received,num_sent_txs,num_received_txs,total_txs,address
5.314264860294438,0.08146210691713571,207,5,212,0xa3828ab70fb89af1f4f96f4a9bf7edf6449c051c
1.4863939031489941,0.0,25,0,25,0x6081258689a75d253d87ce902a8de3887239fe80
0.0,15.664700689096794,0,342,342,0xa26148ae51fa8e787df319c04137602cc018b521
