eth_sent,eth_received,num_sent_txs,num_received_txs,total_txs,in_degree,out_degree,sent_received_ratio,address,account_age_days,avg_time_diff_hours,avg_tx_value,std_dev_tx_value
5.314264860294438,0.08146210691713571,207,5,212,1,1,65.23523422326758,0xa3828ab70fb89af1f4f96f4a9bf7edf6449c051c,107.67166666666667,12.247014218009479,0.025451542298167804,0.028274769957713764
1.4863939031489941,0.0,25,0,25,0,5,1486393.903148994,0x6081258689a75d253d87ce902a8de3887239fe80,1082.9466898148148,1082.9466898148148,0.059455756125959755,0.04213432714087648
0.0,15.664700689096794,0,342,342,6,0,0.0,0xa26148ae51fa8e787df319c04137602cc018b521,126.59041666666667,8.90958944281525,0.04580321838917191,0.07843889172723464
