eth_sent,eth_received,num_sent_txs,num_received_txs,total_txs,in_degree,out_degree,sent_received_ratio,address,account_age_days,avg_time_diff_hours,avg_tx_value,std_dev_tx_value
1.1924346037225928,1.18127541333698,6,3,9,3,4,1.009445875884453,0xa46311dc4d3bc52b66d45e74682042bb143a9aa3,40.954907407407404,122.86472222222223,0.26374555745106365,0.2236427220713853
0.4691054133369799,0.697146809614387,1,2,3,1,1,0.6728923290979798,0x2abda9c2ee5749c9d561dc4c8089f9f175c02fd7,21.177858796296295,254.13430555555556,0.388750740983789,0.16406313310047352
0.20013,0.0,1,0,1,0,1,200130.0,0xa170b229a48ceb7ac6f013b4d8480bca8dd5aa92,0.0,0.0,0.20013,0.0
0.51204,0.0,1,0,1,0,1,512040.00000000006,0x3f8c5b7a8f369b76740be082a28147192a8e2e50,0.0,0.0,0.51204,0.0
16.956637650385613,16.975587840771226,12,16,28,12,11,0.9988836210299759,0x4e790c545478029d20816a7212c46adde058d63e,32.386828703703706,28.78829218106996,1.2118651961127445,1.9630467232621165
0.0,0.003,0,1,1,1,0,0.0,0x874872258510fc216baceb1330c35f17d512827d,0.0,0.0,0.003,0.0
0.0,0.4651394133369799,0,1,1,1,0,0.0,0x59c221935959763d5cb8cfdb1c25b83586fb2bc5,0.0,0.0,0.4651394133369799,0.0
