eth_sent,eth_received,num_sent_txs,num_received_txs,total_txs,address,account_age_days,avg_time_diff_hours,avg_tx_value,std_dev_tx_value
0.023573340795472603,0.0044239064223304,6,1,7,0xa429fe34ec3b45eff6549d945ff2fb097f3c1138,24.987083333333334,99.94833333333334,0.003999606745400429,0.0021383743377805034
0.0044239064223304,0.0,1,0,1,0xaf565a61a33531c2a60ac06e5b71182e1cc95082,0.0,0.0,0.0044239064223304,0.0
0.0,0.007804,0,1,1,0xeedd4147b759e661d18f55d893c24ab4561aac8f,0.0,0.0,0.007804,0.0
0.0,0.0053063683659706,0,1,1,0x48ea5366f2bc886c3fd8fbdd33f4c679fc28f086,0.0,0.0,0.0053063683659706,0.0
0.0,0.003927972429502,0,1,1,0x6d77987b14ef535363b81268ce9f1a70b36c929b,0.0,0.0,0.003927972429502,0.0
0.0,0.003019,0,1,1,0xc9aee21862a62eb130324970776ba833f1450ddf,0.0,0.0,0.003019,0.0
0.0,0.001587,0,1,1,0xcf9d0000b5c05a96911555d790a1f8dd520c2fbb,0.0,0.0,0.001587,0.0
0.0,0.001929,0,1,1,0x4beb73fcd45d41bf145864bc354e6c51c7647c10,0.0,0.0,0.001929,0.0
