eth_sent,eth_received,num_sent_txs,num_received_txs,total_txs,address
1.1924346037225928,1.18127541333698,6,3,9,0xa46311dc4d3bc52b66d45e74682042bb143a9aa3
0.4691054133369799,0.697146809614387,1,2,3,0x2abda9c2ee5749c9d561dc4c8089f9f175c02fd7
0.20013,0.0,1,0,1,0xa170b229a48ceb7ac6f013b4d8480bca8dd5aa92
0.51204,0.0,1,0,1,0x3f8c5b7a8f369b76740be082a28147192a8e2e50
16.956637650385613,16.975587840771226,12,16,28,0x4e790c545478029d20816a7212c46adde058d63e
0.0,0.003,0,1,1,0x874872258510fc216baceb1330c35f17d512827d
0.0,0.4651394133369799,0,1,1,0x59c221935959763d5cb8cfdb1c25b83586fb2bc5
