eth_sent,eth_received,num_sent_txs,num_received_txs,total_txs,address,account_age_days,avg_time_diff_hours,avg_tx_value,std_dev_tx_value
0.049,0.0,3,0,3,0x9430801ebaf509ad49202aabc5f5bc6fd8a3daf8,877.8325,10533.99,0.016333333333333335,0.0032145502536643188
32.38829287474175,32.415,24,5,29,0xa6d731baab271f056a4ab7fc560aa1eb34342838,701.9554166666667,601.6760714285715,2.234596306025577,7.186389400287681
32.4,0.0,3,0,3,0x2e91728af3a54acdced7938fe9016ae2cc5948c9,586.0330555555555,7032.3966666666665,10.799999999999999,14.917104276634927
0.0,0.0,1,0,1,0x2e91b85912389c59e6e052d2f25aa810351f58c9,0.0,0.0,0.0,0.0
0.0,0.0,0,11205,11205,0xdac17f958d2ee523a2206206994597c13d831ec7,1959.5113425925927,4.197453786346146,0.0,0.0
1180.83604998,16032.761666857281,297,237,534,0x28c6c06298d514db089934071355e5743bf21d60,1532.6296527777777,69.01146654158849,32.23520171692374,74.22571340519141
0.0,0.0,0,5741,5741,0xa0b86991c6218b36c1d19d4a2e9eb0ce3606eb48,1915.7207175925926,8.009982094463803,0.0,0.0
0.0,0.0,0,207,207,0x6b175474e89094c44da98b954eedeac495271d0f,1840.8956365740742,214.47327804746493,0.0,0.0
