eth_sent,eth_received,num_sent_txs,num_received_txs,total_txs,address
0.049,0.0,3,0,3,0x9430801ebaf509ad49202aabc5f5bc6fd8a3daf8
32.38829287474175,32.415,24,5,29,0xa6d731baab271f056a4ab7fc560aa1eb34342838
32.4,0.0,3,0,3,0x2e91728af3a54acdced7938fe9016ae2cc5948c9
0.0,0.0,1,0,1,0x2e91b85912389c59e6e052d2f25aa810351f58c9
0.0,0.0,0,11205,11205,0xdac17f958d2ee523a2206206994597c13d831ec7
1180.83604998,16032.761666857281,297,237,534,0x28c6c06298d514db089934071355e5743bf21d60
0.0,0.0,0,5741,5741,0xa0b86991c6218b36c1d19d4a2e9eb0ce3606eb48
0.0,0.0,0,207,207,0x6b175474e89094c44da98b954eedeac495271d0f
