eth_sent,eth_received,num_sent_txs,num_received_txs,total_txs,in_degree,out_degree,sent_received_ratio,address,account_age_days,avg_time_diff_hours,avg_tx_value,std_dev_tx_value
18.072436221542052,18.33598522215481,63,19,82,18,60,0.9856266252919452,0xe481398a7e018c60c37fe2be955c23862ffa72ff,0.06652777777777778,0.0197119341563786,0.4440051395572789,1.4439276077872252
1.5044741293919688,0.2122860680507189,6,3,9,2,4,7.08697964132476,0xa6e5ff53a49413b6a4dfdb2069d68459d9001215,0.06791666666666667,0.20375,0.1907511330491875,0.29050463763660955
0.0770780680507189,0.0,1,0,1,0,1,77078.06805071891,0xabb88f5c53a40b0f7dd90151bf732f7004f39664,0.0,0.0,0.0770780680507189,0.0
0.0,103.22197141190841,0,299,299,22,0,0.0,0x3328f7f4a1d1c57c35df56bbf0c9dcafca309c49,413.6423611111111,33.313478747203575,0.3452239846552121,0.6693289652437994
0.0,0.0,0,1,1,1,0,0.0,0xf0379626df010af1f6373fff3cd52fca4bf6487f,0.0,0.0,0.0,0.0
0.0,0.0844741293919688,0,1,1,1,0,0.0,0x94ae168a36d2c59e3ae166c73d6c2d218a8778a1,0.0,0.0,0.0844741293919688,0.0
