eth_sent,eth_received,num_sent_txs,num_received_txs,total_txs,in_degree,out_degree,sent_received_ratio,address,account_age_days,avg_time_diff_hours,avg_tx_value,std_dev_tx_value
25.553307535999192,0.0,1,0,1,0,1,25553307.535999194,0x7c68ff6231d6fc9404777bf6ffe90b5d6fddfaee,0.0,0.0,25.553307535999192,0.0
27.328841929206618,25.553307536999192,150,2,152,2,4,1.069483503071103,0xa6c501dccd52988c839e3301a9d6761bb71524ec,0.7105555555555556,0.11293598233995585,0.34790887806714343,2.1312174517260627
1e-09,0.0,1,0,1,0,1,0.001,0x52a670a1a4d16e50904e02a8871e6e79ef050472,0.0,0.0,1e-09,0.0
0.0,342.2253157085877,0,1408,1408,101,0,0.0,0xc02aaa39b223fe8d0a0e5c4f27ead9083c756cc2,2570.0885763888887,43.839463989575925,0.2430577526339401,1.0409589884521075
0.0,0.0,0,4,4,3,0,0.0,0xcab84bc21f9092167fcfe0ea60f5ce053ab39a1e,7.219305555555556,57.754444444444445,0.0,0.0
0.0,22.485051512686415,0,200,200,19,0,0.0,0xe592427a0aece92de3edee1f18e0157c05861564,1531.8929398148148,184.75090731434955,0.11242525756343208,0.2071057820462338
0.0,6.43458,0,1,1,1,0,0.0,0x52a673ca01b9e7d214fff905cf5c0b2882f80472,0.0,0.0,6.43458,0.0
