eth_sent,eth_received,num_sent_txs,num_received_txs,total_txs,address
18.072436221542052,18.33598522215481,63,19,82,0xe481398a7e018c60c37fe2be955c23862ffa72ff
1.5044741293919688,0.2122860680507189,6,3,9,0xa6e5ff53a49413b6a4dfdb2069d68459d9001215
0.0770780680507189,0.0,1,0,1,0xabb88f5c53a40b0f7dd90151bf732f7004f39664
0.0,103.22197141190841,0,299,299,0x3328f7f4a1d1c57c35df56bbf0c9dcafca309c49
0.0,0.0,0,1,1,0xf0379626df010af1f6373fff3cd52fca4bf6487f
0.0,0.0844741293919688,0,1,1,0x94ae168a36d2c59e3ae166c73d6c2d218a8778a1
