eth_sent,eth_received,num_sent_txs,num_received_txs,total_txs,in_degree,out_degree,sent_received_ratio,address,account_age_days,avg_time_diff_hours,avg_tx_value,std_dev_tx_value
0.0,0.0,262,0,262,0,81,0.0,0xf24246e0d5399ea85dbdadcfdbc9e8f14490db58,79.83940972222223,7.3415549169859515,0.0,0.0
0.0,0.0,56,0,56,0,54,0.0,0xe955fcb527fce15b520df47e8a962a09db792535,27.891018518518518,12.170626262626262,0.0,0.0
0.0,0.0,146,0,146,0,77,0.0,0xaa00438e14965a642532f1ff659b87e07dde64fc,135.26697916666666,22.38901724137931,0.0,0.0
0.0,0.0,0,5,5,3,0,0.0,0xa6ba0996684fcff6167128a13c8b0a1648310e6e,130.31542824074074,781.8925694444445,0.0,0.0
