eth_sent,eth_received,num_sent_txs,num_received_txs,total_txs,address
25.553307535999192,0.0,1,0,1,0x7c68ff6231d6fc9404777bf6ffe90b5d6fddfaee
27.328841929206618,25.553307536999192,150,2,152,0xa6c501dccd52988c839e3301a9d6761bb71524ec
1e-09,0.0,1,0,1,0x52a670a1a4d16e50904e02a8871e6e79ef050472
0.0,342.2253157085877,0,1408,1408,0xc02aaa39b223fe8d0a0e5c4f27ead9083c756cc2
0.0,0.0,0,4,4,0xcab84bc21f9092167fcfe0ea60f5ce053ab39a1e
0.0,22.485051512686415,0,200,200,0xe592427a0aece92de3edee1f18e0157c05861564
0.0,6.43458,0,1,1,0x52a673ca01b9e7d214fff905cf5c0b2882f80472
