eth_sent,eth_received,num_sent_txs,num_received_txs,total_txs,in_degree,out_degree,sent_received_ratio,address,account_age_days,avg_time_diff_hours,avg_tx_value,std_dev_tx_value
0.0,0.0330965686748544,27,1,28,1,7,0.0,0xa9d76baf5fe74fe7cf75ff86bc1861f28fe36a2c,339.6697222222222,301.9286419753086,0.0011820203098162287,0.006254663568802521
7.363898808055493,0.0,52,0,52,0,13,7363898.808055493,0x8c8d7c46219d9205f056f28fee5950ad564d7465,820.7776388888889,386.24830065359475,0.14161343861645184,0.12223791512637314
0.0,0.0,0,1154,1154,763,0,0.0,0x0ccd5dd5bcf1af77dc358d1e2f06ee880ef63c3c,919.6066666666667,19.141856027753686,0.0,0.0
0.0,0.0,0,11205,11205,394,0,0.0,0xdac17f958d2ee523a2206206994597c13d831ec7,1959.5113425925927,4.197453786346146,0.0,0.0
0.0,655.3170269863833,0,618,618,7,0,0.0,0xd37bbe5744d730a1d98d8dc97c42f0ca46ad7146,617.4483333333334,24.01743922204214,1.060383538812918,4.524251850527372
0.0,0.0,0,24,24,8,0,0.0,0xd1d2eb1b1e90b638588728b4130137d262c87cae,800.8579166666667,835.6778260869565,0.0,0.0
0.0,47.694851903352884,0,276,276,26,0,0.0,0x3c11f6265ddec22f4d049dde480615735f451646,679.0563888888889,59.26310303030303,0.17280743443243796,0.5809900742604839
0.0,140.13276073902253,0,168,168,18,0,0.0,0xb685760ebd368a891f27ae547391f4e2a289895b,270.09319444444446,38.81578842315369,0.8341235758275152,1.340330386527655
0.0,6.095998262555355,0,47,47,13,0,0.0,0x69460570c93f9de5e2edbc3052bf10125f0ca22d,518.3565277777777,270.44688405797103,0.12970209069266708,0.30018317003993106
