eth_sent,eth_received,num_sent_txs,num_received_txs,total_txs,in_degree,out_degree,sent_received_ratio,address,account_age_days,avg_time_diff_hours,avg_tx_value,std_dev_tx_value
0.021,0.0,1,0,1,0,1,21000.000000000004,0xf52605c7b778563a5a9144ef4dc53b57463ca2c7,0.0,0.0,0.021,0.0
0.0,0.021,13,1,14,1,1,0.0,0xa943b9f7cedfd7c12c8d823db7fd3e28bf041569,30.25722222222222,55.85948717948718,0.0015,0.0056124860801609125
0.0,0.0,0,11205,11205,394,0,0.0,0xdac17f958d2ee523a2206206994597c13d831ec7,1959.5113425925927,4.197453786346146,0.0,0.0
