eth_sent,eth_received,num_sent_txs,num_received_txs,total_txs,address
0.0,0.0330965686748544,27,1,28,0xa9d76baf5fe74fe7cf75ff86bc1861f28fe36a2c
7.363898808055493,0.0,52,0,52,0x8c8d7c46219d9205f056f28fee5950ad564d7465
0.0,0.0,0,1154,1154,0x0ccd5dd5bcf1af77dc358d1e2f06ee880ef63c3c
0.0,0.0,0,11205,11205,0xdac17f958d2ee523a2206206994597c13d831ec7
0.0,655.3170269863833,0,618,618,0xd37bbe5744d730a1d98d8dc97c42f0ca46ad7146
0.0,0.0,0,24,24,0xd1d2eb1b1e90b638588728b4130137d262c87cae
0.0,47.694851903352884,0,276,276,0x3c11f6265ddec22f4d049dde480615735f451646
0.0,140.13276073902253,0,168,168,0xb685760ebd368a891f27ae547391f4e2a289895b
0.0,6.095998262555355,0,47,47,0x69460570c93f9de5e2edbc3052bf10125f0ca22d
