eth_sent,eth_received,num_sent_txs,num_received_txs,total_txs,address
0.009554730691369862,0.007441202236689,11,8,19,0xaac4bc44908fa89bba9f22183b6538ffec6b8290
0.007441202236689,0.0,1,0,1,0x4b07d482662faa27ba12f751c265d4654152ab93
0.0,0.00196923543092,0,1,1,0x634d9887db1f4c9bb9a79e2c52329f7e73fdf0d3
0.0,0.00425,0,27,27,0xfe5fc40c15c67983694642f9a8711241157fdb0a
0.0,0.00108075907411042,0,25,25,0x565e79f526245cae4a8c130ad95c7a2778f3ab4b
0.0,0.007390186682673,0,1,1,0x2cb9809693074a52244b881b5dcc78ec5db85dbb
