eth_sent,eth_received,num_sent_txs,num_received_txs,total_txs,address
0.009545946610673345,0.007437000503013,11,8,19,0xab94e9a4e5c7ac2491522db8a83de8f9fcc033ac
0.007437000503013,0.0,1,0,1,0x5cbf66308d16f0538d8c66801de013707ede2183
0.0,0.001970443943519,0,1,1,0x4dddd9b0c271261f62551e8983c6b9ed71b92189
0.0,0.00425,0,27,27,0xfe5fc40c15c67983694642f9a8711241157fdb0a
0.0,0.00108075907411042,0,25,25,0x565e79f526245cae4a8c130ad95c7a2778f3ab4b
0.0,0.007385785337067,0,1,1,0xab36487493f5f7465a2e491147ad0a6bb8ddf1f9
