eth_sent,eth_received,num_sent_txs,num_received_txs,total_txs,address,account_age_days,avg_time_diff_hours,avg_tx_value,std_dev_tx_value
0.012,0.0,6,0,6,0xa5b209500bdcd0a7b9effd05b86bd4ef4dfe3ed5,0.3281365740740741,1.5750555555555554,0.002,0.0
0.003479720651838,0.006,7,2,9,0xab8de10df109ad5385866dbc48de400d7c5c5d7d,2638.826122685185,7916.478368055556,0.0010533022946486667,0.0014172692224928816
0.03652951294422321,0.0,12,0,12,0x7fca6f65b64c7c212e7e2b405bbe168bbcc682c8,2631.3914930555557,5741.217803030303,0.0030441260786852674,0.0017341474447881788
0.0,0.0,0,5,5,0x1f0480a66883de97d2b054929252aae8f664c15c,0.4775578703703704,2.8653472222222223,0.0,0.0
0.0,0.0,0,4,4,0xe57cf6e88505f36954e7c8e6ca9d6b645d030375,0.0002662037037037037,0.0021296296296296298,0.0,0.0
0.0,0.0,0,9,9,0xd6d62024d82b5bf4fe4a9e214991743d543f1673,0.001875,0.005625,0.0,0.0
0.0,0.0,0,8,8,0x17fc9b03c1a14874157ea8c64ea75cce02a18f70,0.028923611111111112,0.09916666666666667,0.0,0.0
0.0,0.0,0,9,9,0x72ebd5af462bc879013ee11fe47824ccc5d6196f,0.0009606481481481482,0.0028819444444444444,0.0,0.0
0.0,1.3033109298720165,0,923,923,0x31cf33ddff558495307ecf77b5d823c1e6efe593,0.35347222222222224,0.009201012292118583,0.0014120378438483385,0.0033806376127403226
