eth_sent,eth_received,num_sent_txs,num_received_txs,total_txs,address
0.11196392999999999,0.0,332,0,332,0x696cfd63f98dcd1fea2d6bd27f3cf85c2007a2fd
0.0,0.11196392999999999,359,332,691,0xabf54396aadbb2a99200e48616cba6979e2d17dd
0.0,0.0,0,11205,11205,0xdac17f958d2ee523a2206206994597c13d831ec7
