eth_sent,eth_received,num_sent_txs,num_received_txs,total_txs,address,account_age_days,avg_time_diff_hours,avg_tx_value,std_dev_tx_value
11.50042266,0.0,180,0,180,0xeba88149813bec1cccccfdb0dacefaaa5de94cb1,316.01944444444445,42.37132216014898,0.06389123699999999,0.07605219081962836
0.0,0.00463927,11,1,12,0xab0b61dd7230e00a6a9438011ea152bf75437c33,109.23972222222223,238.34121212121212,0.0003866058333333333,0.0013392418916716774
0.0,0.0,0,11205,11205,0xdac17f958d2ee523a2206206994597c13d831ec7,1959.5113425925927,4.197453786346146,0.0,0.0
