eth_sent,eth_received,num_sent_txs,num_received_txs,total_txs,address,account_age_days,avg_time_diff_hours,avg_tx_value,std_dev_tx_value
0.11196392999999999,0.0,332,0,332,0x696cfd63f98dcd1fea2d6bd27f3cf85c2007a2fd,555.4075,40.27123867069486,0.00033724075301204816,0.0005524411263513294
0.0,0.11196392999999999,359,332,691,0xabf54396aadbb2a99200e48616cba6979e2d17dd,555.4086111111111,19.31856038647343,0.00016203173661360345,0.00041813141373225405
0.0,0.0,0,11205,11205,0xdac17f958d2ee523a2206206994597c13d831ec7,1959.5113425925927,4.197453786346146,0.0,0.0
