eth_sent,eth_received,num_sent_txs,num_received_txs,total_txs,address,account_age_days,avg_time_diff_hours,avg_tx_value,std_dev_tx_value
0.011654053082935,0.0,1,0,1,0x6ab3ed2539a9babdb34d185221fc1f817fefe984,0.0,0.0,0.011654053082935,0.0
0.011615887712977,0.018029043082934994,32,36,68,0xac2c4128fd66b3b4a10f0bd805141a1b405c79d6,167.8515277777778,60.12592039800995,0.00043595486464576466,0.001972146684349172
25.387290280000002,0.0,491,0,491,0xb23360ccdd9ed1b15d45e5d3824bb409c8d7c460,807.0229166666667,39.52765306122449,0.05170527551934827,0.19580013150522838
0.0,0.011615887712977,0,1,1,0xbb28986f094628ea9ca2576a7d3ec607473060bf,0.0,0.0,0.011615887712977,0.0
0.0,0.0,0,11205,11205,0xdac17f958d2ee523a2206206994597c13d831ec7,1959.5113425925927,4.197453786346146,0.0,0.0
