eth_sent,eth_received,num_sent_txs,num_received_txs,total_txs,in_degree,out_degree,sent_received_ratio,address,account_age_days,avg_time_diff_hours,avg_tx_value,std_dev_tx_value
0.000682993115762,0.0,3,0,3,0,1,682.9931157620001,0x8ab54f9e6df35b26168847ea93dab9659ecf286d,0.0077777777777777776,0.09333333333333334,0.0002276643719206667,0.00020579920605400204
0.0,0.000682993115762,2,3,5,1,2,0.0,0xadaeca046e095ba5ad791748e6b219da7e3fd2f1,14.376527777777778,86.25916666666667,0.0001365986231524,0.00019164022667185062
0.0,0.0,0,4,4,2,0,0.0,0xed04915c23f00a313a544955524eb7dbd823143d,70.19222222222223,561.5377777777778,0.0,0.0
0.0,0.0,0,24,24,8,0,0.0,0xd1d2eb1b1e90b638588728b4130137d262c87cae,800.8579166666667,835.6778260869565,0.0,0.0
