eth_sent,eth_received,num_sent_txs,num_received_txs,total_txs,address,account_age_days,avg_time_diff_hours,avg_tx_value,std_dev_tx_value
0.001368345411793584,0.0,11,0,11,0xe0fa8dc4f284f12e0361f8ad3e5d26a060b60e60,61.965,148.71599999999998,0.00012439503743578038,0.00011581744656429937
0.0,0.0005108174127945041,7,4,11,0xadb46a8c8de7f735ea0ff6a2986039bbd886be25,73.82694444444445,177.1846666666667,4.643794661768219e-05,9.41811626876593e-05
0.0,0.0,0,11205,11205,0xdac17f958d2ee523a2206206994597c13d831ec7,1959.5113425925927,4.197453786346146,0.0,0.0
