eth_sent,eth_received,num_sent_txs,num_received_txs,total_txs,address
0.000682993115762,0.0,3,0,3,0x8ab54f9e6df35b26168847ea93dab9659ecf286d
0.0,0.000682993115762,2,3,5,0xadaeca046e095ba5ad791748e6b219da7e3fd2f1
0.0,0.0,0,4,4,0xed04915c23f00a313a544955524eb7dbd823143d
0.0,0.0,0,24,24,0xd1d2eb1b1e90b638588728b4130137d262c87cae
