eth_sent,eth_received,num_sent_txs,num_received_txs,total_txs,address,account_age_days,avg_time_diff_hours,avg_tx_value,std_dev_tx_value
229.51728115407397,0.0,656,0,656,0x46340b20830761efd32832a74d7169b29feb9758,1742.6767708333334,63.85380534351145,0.3498739041982835,0.8540319028239794
0.06760483088799099,0.040437,24,4,28,0xaeaaff2cea71c68d9cb868dc55f5e00ca7e9ce45,18.945972222222224,16.840864197530863,0.0038586368174282496,0.00487185452107054
0.0,71.69771557070139,0,931,931,0x0000000000001ff3684f28c67538d4d072c22734,301.1926388888889,7.772713261648746,0.07701150974296604,1.0450143511542198
0.0,129.6778677068854,0,469,469,0x1231deb6f5749ef6ce6943a275a1d3e7486f4eae,708.1729166666667,36.316559829059834,0.27649865182704775,1.3215193889971413
0.0,0.0,0,15,15,0x8ed97a637a790be1feff5e888d43629dc05408f6,511.8311111111111,877.4247619047619,0.0,0.0
0.0,3.9918147531095545,0,24,24,0xef4fb24ad0916217251f553c0596f8edc630eb66,463.765,483.92869565217393,0.1663256147128981,0.651194207759952
0.0,0.0,0,4,4,0x38e68a37e401f7271568cecaac63c6b1e19130b4,657.7733333333333,5262.1866666666665,0.0,0.0
