eth_sent,eth_received,num_sent_txs,num_received_txs,total_txs,address
229.51728115407397,0.0,656,0,656,0x46340b20830761efd32832a74d7169b29feb9758
0.06760483088799099,0.040437,24,4,28,0xaeaaff2cea71c68d9cb868dc55f5e00ca7e9ce45
0.0,71.69771557070139,0,931,931,0x0000000000001ff3684f28c67538d4d072c22734
0.0,129.6778677068854,0,469,469,0x1231deb6f5749ef6ce6943a275a1d3e7486f4eae
0.0,0.0,0,15,15,0x8ed97a637a790be1feff5e888d43629dc05408f6
0.0,3.9918147531095545,0,24,24,0xef4fb24ad0916217251f553c0596f8edc630eb66
0.0,0.0,0,4,4,0x38e68a37e401f7271568cecaac63c6b1e19130b4
