eth_sent,eth_received,num_sent_txs,num_received_txs,total_txs,address,account_age_days,avg_time_diff_hours,avg_tx_value,std_dev_tx_value
0.8816140498702517,0.0,3,0,3,0xaadc703e0f295f973c8643026de674e39ab5fed6,51.4175,617.01,0.29387134995675057,0.24602588744180875
4.645687177707772,4.5239268241702515,20,6,26,0xaf61a6108a4d2cfcadd1c9fc5935e57c234a1efe,54.411944444444444,52.23546666666667,0.35267746161069324,0.5691340828578167
382.3806886357,0.9444430823469055,292,6,298,0x267be1c1d684f78cb4f6a176c4911b741e4ffdc0,2954.578622685185,238.75382809577255,1.2863259453625733,7.159234666486514
0.0,33.18225863995483,0,199,199,0x3a23f943181408eac424116af7b7790c94cb97a5,821.9873611111111,99.63483164983164,0.1667450182912303,0.4810236474595569
0.0,0.0,0,1,1,0xd714d91a169127e11d8fab3665d72e8b7ef9dbe2,0.0,0.0,0.0,0.0
0.0,0.0,0,4,4,0x2e44f3f609ff5aa4819b323fd74690f07c3607c4,219.69305555555556,1757.5444444444445,0.0,0.0
