eth_sent,eth_received,num_sent_txs,num_received_txs,total_txs,address
0.009533397672475057,0.00741808428759,11,8,19,0xaf4b395a11c0789295bf4fbba58fa0004b061daf
0.00741808428759,0.0,1,0,1,0xf5ab9ea3e5e18535b7f27b471e6ea719ecfa057e
0.0,0.001970951276114,0,1,1,0x5f5d049762dbac4a069a683f1d780508bcedb25e
0.0,0.00425,0,27,27,0xfe5fc40c15c67983694642f9a8711241157fdb0a
0.0,0.00108075907411042,0,25,25,0x565e79f526245cae4a8c130ad95c7a2778f3ab4b
0.0,0.007367167567932,0,1,1,0x18ad088e5b1d2ec870b8a914a2da1effddffd081
