eth_sent,eth_received,num_sent_txs,num_received_txs,total_txs,address
0.8816140498702517,0.0,3,0,3,0xaadc703e0f295f973c8643026de674e39ab5fed6
4.645687177707772,4.5239268241702515,20,6,26,0xaf61a6108a4d2cfcadd1c9fc5935e57c234a1efe
382.3806886357,0.9444430823469055,292,6,298,0x267be1c1d684f78cb4f6a176c4911b741e4ffdc0
0.0,33.18225863995483,0,199,199,0x3a23f943181408eac424116af7b7790c94cb97a5
0.0,0.0,0,1,1,0xd714d91a169127e11d8fab3665d72e8b7ef9dbe2
0.0,0.0,0,4,4,0x2e44f3f609ff5aa4819b323fd74690f07c3607c4
