eth_sent,eth_received,num_sent_txs,num_received_txs,total_txs,in_degree,out_degree,sent_received_ratio,address,account_age_days,avg_time_diff_hours,avg_tx_value,std_dev_tx_value
0.009533397672475057,0.00741808428759,11,8,19,2,5,1.2849830656893462,0xaf4b395a11c0789295bf4fbba58fa0004b061daf,46.39875,101.23363636363635,0.0008921832610560556,0.002334386704159673
0.00741808428759,0.0,1,0,1,0,1,7418.08428759,0xf5ab9ea3e5e18535b7f27b471e6ea719ecfa057e,0.0,0.0,0.00741808428759,0.0
0.0,0.001970951276114,0,1,1,1,0,0.0,0x5f5d049762dbac4a069a683f1d780508bcedb25e,0.0,0.0,0.001970951276114,0.0
0.0,0.00425,0,27,27,27,0,0.0,0xfe5fc40c15c67983694642f9a8711241157fdb0a,9.8925,9.131538461538462,0.00015740740740740743,3.849001794597505e-05
0.0,0.00108075907411042,0,25,25,25,0,0.0,0x565e79f526245cae4a8c130ad95c7a2778f3ab4b,0.018472222222222223,0.018472222222222223,4.323036296441681e-05,3.3743733084283035e-06
0.0,0.007367167567932,0,1,1,1,0,0.0,0x18ad088e5b1d2ec870b8a914a2da1effddffd081,0.0,0.0,0.007367167567932,0.0
