eth_sent,eth_received,num_sent_txs,num_received_txs,total_txs,address
11.0025,0.0,44,0,44,0x151b381058f91cf871e7ea1ee83c45326f61e96d
0.024977844626786,0.029696494805997998,3,4,7,0xaf43db2a9530182cb615be1a9e648e097d376706
16.562199999999997,0.0,69,0,69,0x8216874887415e2650d12d53ff53516f04a74fd7
0.0,0.015681349820788,0,1,1,0xcb401cec0581df3295804b4c73246e0e279f3345
