eth_sent,eth_received,num_sent_txs,num_received_txs,total_txs,address,account_age_days,avg_time_diff_hours,avg_tx_value,std_dev_tx_value
0.137742,0.0,3,0,3,0x4c9af439b1a6761b8e549d8d226a468a6b2803a8,818.8225,9825.87,0.045914,0.057324568092572664
0.30813057999999993,0.111691,5,1,6,0xb1b95561f97c80c2cf1032d40d980f7833714b5c,89.98166666666667,431.912,0.06997026333333332,0.028346634618311686
0.0,0.11515999999999998,0,2,2,0x1b695f057ac8fb0e4a24d53e532ec19c142f1b5d,25.409305555555555,609.8233333333334,0.05757999999999999,0.031833947289018366
0.0,0.10672058,0,2,2,0x0581b6022e31ccd72a432993228e4339d1c0db87,30.17625,724.23,0.05336029,0.011823235503372163
0.0,0.08625,0,1,1,0x6ac01dca0fb3df50ca91a8096298ee385e08a4ba,0.0,0.0,0.08625,0.0
