eth_sent,eth_received,num_sent_txs,num_received_txs,total_txs,address,account_age_days,avg_time_diff_hours,avg_tx_value,std_dev_tx_value
1.623682511964469,0.627035680264396,134,28,162,0x74394d5f47b8aca681b6785e5bcbfcfa01b0bd7b,566.8283333333334,84.49614906832298,0.013893322174252255,0.030766388436211566
0.0047623203112444,0.006,12,2,14,0xb19e3653ee55d8e1e3b2780b8acfaa0162ad13ed,153.60236111111112,283.57358974358976,0.0007687371650888857,0.0011702771353683224
0.0,0.001,0,2,2,0x42778d0962884510b85d4d1b30dfe9e9dd270446,152.5259722222222,3660.6233333333334,0.0005,0.0007071067811865475
0.0,0.0,0,2,2,0x2c9c959516e9aaedb2c748224a41249202ca8be7,0.0005555555555555556,0.013333333333333334,0.0,0.0
0.0,0.0,0,2,2,0x63346811671fc3970e0fa4d35d7bac3b068f21eb,0.0002777777777777778,0.006666666666666667,0.0,0.0
0.0,0.0,0,1,1,0x222fd89acb944ae22629829f709a208e38bcfcdb,0.0,0.0,0.0,0.0
0.0,0.0,0,3,3,0x78e85def1bb162e11165bd2e7a71088356f0d782,16.817222222222224,201.80666666666667,0.0,0.0
