eth_sent,eth_received,num_sent_txs,num_received_txs,total_txs,address
0.137742,0.0,3,0,3,0x4c9af439b1a6761b8e549d8d226a468a6b2803a8
0.30813057999999993,0.111691,5,1,6,0xb1b95561f97c80c2cf1032d40d980f7833714b5c
0.0,0.11515999999999998,0,2,2,0x1b695f057ac8fb0e4a24d53e532ec19c142f1b5d
0.0,0.10672058,0,2,2,0x0581b6022e31ccd72a432993228e4339d1c0db87
0.0,0.08625,0,1,1,0x6ac01dca0fb3df50ca91a8096298ee385e08a4ba
