eth_sent,eth_received,num_sent_txs,num_received_txs,total_txs,in_degree,out_degree,sent_received_ratio,address,account_age_days,avg_time_diff_hours,avg_tx_value,std_dev_tx_value
7.363898808055493,0.0,52,0,52,0,13,7363898.808055493,0x8c8d7c46219d9205f056f28fee5950ad564d7465,820.7776388888889,386.24830065359475,0.14161343861645184,0.12223791512637314
0.02717105233439,0.027201954811793,3,3,6,2,1,0.9988272422013078,0xb189125113d6579e829a9a85b81e6be0dfd12224,36.377916666666664,174.614,0.009062167857697168,0.0008914491555890747
3.6009347903905224,0.0,68,0,68,0,12,3600934.7903905227,0x1c727a55ea3c11b0ab7d3a361fe0f3c47ce6de5d,530.3765277777778,189.98562189054726,0.05295492338809592,0.0669378777478911
0.333304648753301,104.42126330067744,29,260,289,5,3,0.0031919231296947503,0xf78abd170cff445fefe7248336b55e2c18906f00,189.2913888888889,15.774282407407407,0.36247255345823787,0.6214180519704299
