eth_sent,eth_received,num_sent_txs,num_received_txs,total_txs,address,account_age_days,avg_time_diff_hours,avg_tx_value,std_dev_tx_value
0.00048000000000000007,0.0,3,0,3,0x87e1196fbf173bc77277eda9a96ad9a334691526,20.843055555555555,250.11666666666667,0.00016,0.0
0.0002442056597342,0.00032,3,2,5,0xb1f981f647129e2d0722fc42f4593952e39aa75f,47.01375,282.0825,0.00011284113194684001,0.00010859419753259736
0.00016,0.0,1,0,1,0xae1bf269519e42a25e4386be1f7c6f1ebca1478a,0.0,0.0,0.00016,0.0
0.0,0.0,0,15,15,0x1776e1f26f98b1a5df9cd347953a26dd3cb46671,2898.4901041666667,4968.840178571429,0.0,0.0
0.0,0.0,0,101,101,0xfaba6f8e4a5e8ab82f62fe7c39859fa577269be3,560.4044444444445,134.49706666666665,0.0,0.0
0.0,0.0054501793455968015,0,22,22,0xc4cbab6f25aacd8cadc432abb91b85698bf9b43e,0.004583333333333333,0.005238095238095238,0.0002477354247998545,1.216885152517588e-05
