eth_sent,eth_received,num_sent_txs,num_received_txs,total_txs,address
1.623682511964469,0.627035680264396,134,28,162,0x74394d5f47b8aca681b6785e5bcbfcfa01b0bd7b
0.0047623203112444,0.006,12,2,14,0xb19e3653ee55d8e1e3b2780b8acfaa0162ad13ed
0.0,0.001,0,2,2,0x42778d0962884510b85d4d1b30dfe9e9dd270446
0.0,0.0,0,2,2,0x2c9c959516e9aaedb2c748224a41249202ca8be7
0.0,0.0,0,2,2,0x63346811671fc3970e0fa4d35d7bac3b068f21eb
0.0,0.0,0,1,1,0x222fd89acb944ae22629829f709a208e38bcfcdb
0.0,0.0,0,3,3,0x78e85def1bb162e11165bd2e7a71088356f0d782
