eth_sent,eth_received,num_sent_txs,num_received_txs,total_txs,address
7.363898808055493,0.0,52,0,52,0x8c8d7c46219d9205f056f28fee5950ad564d7465
0.02717105233439,0.027201954811793,3,3,6,0xb189125113d6579e829a9a85b81e6be0dfd12224
3.6009347903905224,0.0,68,0,68,0x1c727a55ea3c11b0ab7d3a361fe0f3c47ce6de5d
0.333304648753301,104.42126330067744,29,260,289,0xf78abd170cff445fefe7248336b55e2c18906f00
