eth_sent,eth_received,num_sent_txs,num_received_txs,total_txs,address
0.258533913051302,0.22634031131063803,8,7,15,0x60133c6682f069ad760dc5e3790ce5828b1ece23
0.19390931131063802,0.258533913051302,6,8,14,0xb224d1311c054714ac9b90d21a752467349190db
