eth_sent,eth_received,num_sent_txs,num_received_txs,total_txs,address
281.1563494699999,0.0,52,0,52,0xf7858da8a6617f7c6d0ff2bcafdb6d2eedf64840
0.010287,0.01478025,8,5,13,0xb2e58fe5316e4686b609c36c7801f0c58fcdda22
0.0,0.003451,0,1,1,0x3332663eb97867f71d3e376306444872dacda7f9
0.0,0.003545,0,1,1,0x37cef6ab0d188cd069be07805ad7993e13f8bba1
0.0,0.003283,0,1,1,0x6c9c882de7a5cd3fa727ff9ef6ff6d76d4d492bf
0.0,15.14599490211477,0,242,242,0xa5f565650890fba1824ee0f21ebbbf660a179934
