eth_sent,eth_received,num_sent_txs,num_received_txs,total_txs,address
2.7180678535745146,1.4728276755030063,47,38,85,0xb3ef2f396de18e0aa58b33828b168fc0e4f4f024
1.3894726619463649,0.0,61,0,61,0x0ada3111b866ff1ad0477f0c5d2e8ed35a36eb5b
1.4597069650616419,0.0,36,0,36,0x3f3a26857b3bde848927fafca975b2ee5bcf1390
0.0,0.0,1,0,1,0x3f301351ec87e8d18d59dbd0828d146b2f1b8390
12.128183714148646,1.123837535624023,69,12,81,0xc94ebb328ac25b95db0e0aa968371885fa516215
0.0,15.664700689096794,0,342,342,0xa26148ae51fa8e787df319c04137602cc018b521
