eth_sent,eth_received,num_sent_txs,num_received_txs,total_txs,address,account_age_days,avg_time_diff_hours,avg_tx_value,std_dev_tx_value
0.0051373624888802,0.0,5,0,5,0x598273ea2cabd9f798564877851788c5e0d5b7b9,91.11555555555556,546.6933333333334,0.00102747249777604,0.0003423045675134066
0.0993880881608027,0.1041373624888802,29,6,35,0xb4cc49d04ce5fe5ce9d6b6d1ec44f3c41e9e66e8,93.04055555555556,65.6756862745098,0.005815012875705226,0.02332710878213061
0.099,0.0,1,0,1,0x0d96ec1d2c0e729e3c057039019a327fee1038e2,0.0,0.0,0.099,0.0
0.0,0.0,0,11205,11205,0xdac17f958d2ee523a2206206994597c13d831ec7,1959.5113425925927,4.197453786346146,0.0,0.0
0.0,0.0,0,5741,5741,0xa0b86991c6218b36c1d19d4a2e9eb0ce3606eb48,1915.7207175925926,8.009982094463803,0.0,0.0
1671.25585652,0.0993880881608027,42,1,43,0xa03400e098f4421b34a3a44a1b4e571419517687,592.6372222222222,338.64984126984126,38.86872661879444,60.416464238198905
