eth_sent,eth_received,num_sent_txs,num_received_txs,total_txs,address
0.6398301595393401,0.0,19,0,19,0x7730e25ae091158ab5869421f344a5624033f1da
0.6872237184159881,0.6879517818850293,23,21,44,0xb5f9e79bf4bcdcf25a0246cdaafbfdd65d78a56a
0.019946270904292997,0.0,2,0,2,0x911a978f0cac392079b51db03e6f3027dfe6f96e
12.128183714148646,1.123837535624023,69,12,81,0xc94ebb328ac25b95db0e0aa968371885fa516215
0.11422465,65.78871021837273,3,583,586,0xdfaa75323fb721e5f29d43859390f62cc4b600b8
0.0,0.0,0,11205,11205,0xdac17f958d2ee523a2206206994597c13d831ec7
