eth_sent,eth_received,num_sent_txs,num_received_txs,total_txs,in_degree,out_degree,sent_received_ratio,address,account_age_days,avg_time_diff_hours,avg_tx_value,std_dev_tx_value
0.1,0.0,1,0,1,0,1,100000.00000000001,0xf166df52e9d2be64fd593df94e182413258aba44,0.0,0.0,0.1,0.0
0.599,0.60065,3,6,9,2,1,0.9972513156558466,0xb5879bf4a37c6ed9d86a6f2d8aab7939b21687cd,7.083958333333333,21.251875,0.13329444444444447,0.08652654377575576
0.50065,0.0,5,0,5,0,1,500650.00000000006,0x57b77b26c39bf9d8f5ecd82e7b47a05c60624e4b,0.8541087962962963,5.1246527777777775,0.10013000000000001,0.07048109320945584
0.0,0.599,0,3,3,1,0,0.0,0xd0a05e1c8023820741dd229351cbdefa974dcf0c,6.746631944444444,80.95958333333333,0.19966666666666666,0.10050041459284301
