eth_sent,eth_received,num_sent_txs,num_received_txs,total_txs,address,account_age_days,avg_time_diff_hours,avg_tx_value,std_dev_tx_value
0.30000000000000004,0.0,2,0,2,0x4c18e3a2e35ad4f324ecd34c88074271d0643edf,1.7240277777777777,41.376666666666665,0.15000000000000002,0.07071067811865477
0.0,0.30000000000000004,268,2,270,0xb540a5f9c6036ad3a9be78889034a8a752935a6f,37.02611111111111,3.3034448574969018,0.0011111111111111113,0.013588025926342982
0.0,0.0,0,282,282,0xc20059e0317de91738d13af027dfc4a50781b066,36.109027777777776,3.0840450771055754,0.0,0.0
