eth_sent,eth_received,num_sent_txs,num_received_txs,total_txs,address,account_age_days,avg_time_diff_hours,avg_tx_value,std_dev_tx_value
0.05,0.0,1,0,1,0xad78662714cd0042b4c602a8e18d0e4a25cf79d7,0.0,0.0,0.05,0.0
0.0,0.10908292,6,2,8,0xb599a465a663beba90ceb3a5ca18c4c544fba60e,2.0455555555555556,7.013333333333334,0.013635365,0.025364221162497497
129.65836502,0.0,259,0,259,0x4976a4a02f38326660d17bf34b431dc6e2eb2327,1395.5531365740742,129.81889642549527,0.500611447953668,1.5680482408800984
0.0,0.0,0,402,402,0x87870bca3f3fd6335c3f4ce8392d69350b4fa4e2,554.8348611111111,33.207073981712384,0.0,0.0
0.0,0.0,0,2,2,0xbc6736d346a5ebc0debc997397912cd9b8fae10a,0.0031944444444444446,0.07666666666666666,0.0,0.0
0.0,0.0,0,11205,11205,0xdac17f958d2ee523a2206206994597c13d831ec7,1959.5113425925927,4.197453786346146,0.0,0.0
