eth_sent,eth_received,num_sent_txs,num_received_txs,total_txs,in_degree,out_degree,sent_received_ratio,address,account_age_days,avg_time_diff_hours,avg_tx_value,std_dev_tx_value
380.81854021000004,0.0,320,0,320,0,72,380818540.21000004,0x21a31ee1afc51d94c2efccaa2092ad1028285549,1532.7846412037038,115.31922065482411,1.1900579381562502,7.275906843913503
0.05,1.0,44,1,45,1,5,0.04999995000005001,0xb5f80b0d276bc4ecc2e95f9bd36bc368361f87a6,64.13236111111111,34.98128787878788,0.023333333333333334,0.14899283082203532
0.0,0.0,0,5741,5741,312,0,0.0,0xa0b86991c6218b36c1d19d4a2e9eb0ce3606eb48,1915.7207175925926,8.009982094463803,0.0,0.0
0.0,0.0,0,11205,11205,394,0,0.0,0xdac17f958d2ee523a2206206994597c13d831ec7,1959.5113425925927,4.197453786346146,0.0,0.0
0.0,0.0,0,21,21,3,0,0.0,0x1abaea1f7c830bd89acc67ec4af516284b1bc33c,114.70597222222223,137.64716666666666,0.0,0.0
0.0,0.025,0,1,1,1,0,0.0,0xf91fe18bee307f70ac446a09e8dc965881b749d3,0.0,0.0,0.025,0.0
0.0,0.025,0,1,1,1,0,0.0,0x0428bdb4ee99f2840e03ecf0acde30c5408a628f,0.0,0.0,0.025,0.0
