eth_sent,eth_received,num_sent_txs,num_received_txs,total_txs,address
0.05,0.0,1,0,1,0xad78662714cd0042b4c602a8e18d0e4a25cf79d7
0.0,0.10908292,6,2,8,0xb599a465a663beba90ceb3a5ca18c4c544fba60e
129.65836502,0.0,259,0,259,0x4976a4a02f38326660d17bf34b431dc6e2eb2327
0.0,0.0,0,402,402,0x87870bca3f3fd6335c3f4ce8392d69350b4fa4e2
0.0,0.0,0,2,2,0xbc6736d346a5ebc0debc997397912cd9b8fae10a
0.0,0.0,0,11205,11205,0xdac17f958d2ee523a2206206994597c13d831ec7
