eth_sent,eth_received,num_sent_txs,num_received_txs,total_txs,address
0.30000000000000004,0.0,2,0,2,0x4c18e3a2e35ad4f324ecd34c88074271d0643edf
0.0,0.30000000000000004,268,2,270,0xb540a5f9c6036ad3a9be78889034a8a752935a6f
0.0,0.0,0,282,282,0xc20059e0317de91738d13af027dfc4a50781b066
