eth_sent,eth_received,num_sent_txs,num_received_txs,total_txs,address,account_age_days,avg_time_diff_hours,avg_tx_value,std_dev_tx_value
0.6398301595393401,0.0,19,0,19,0x7730e25ae091158ab5869421f344a5624033f1da,12.01388888888889,16.01851851851852,0.03367527155470211,0.008178112017698098
0.6872237184159881,0.6879517818850293,23,21,44,0xb5f9e79bf4bcdcf25a0246cdaafbfdd65d78a56a,12.014444444444445,6.705736434108528,0.03125398864320494,0.011948770746419684
0.019946270904292997,0.0,2,0,2,0x911a978f0cac392079b51db03e6f3027dfe6f96e,142.39263888888888,3417.423333333333,0.009973135452146498,2.2103414989562565e-05
12.128183714148646,1.123837535624023,69,12,81,0xc94ebb328ac25b95db0e0aa968371885fa516215,1149.6348148148147,344.8904444444445,0.16360520061447736,0.32958413410661874
0.11422465,65.78871021837273,3,583,586,0xdfaa75323fb721e5f29d43859390f62cc4b600b8,640.9611111111111,26.295840455840455,0.11246234619176233,0.06886410707449811
0.0,0.0,0,11205,11205,0xdac17f958d2ee523a2206206994597c13d831ec7,1959.5113425925927,4.197453786346146,0.0,0.0
