eth_sent,eth_received,num_sent_txs,num_received_txs,total_txs,address
0.1,0.0,1,0,1,0xf166df52e9d2be64fd593df94e182413258aba44
0.599,0.60065,3,6,9,0xb5879bf4a37c6ed9d86a6f2d8aab7939b21687cd
0.50065,0.0,5,0,5,0x57b77b26c39bf9d8f5ecd82e7b47a05c60624e4b
0.0,0.599,0,3,3,0xd0a05e1c8023820741dd229351cbdefa974dcf0c
