eth_sent,eth_received,num_sent_txs,num_received_txs,total_txs,in_degree,out_degree,sent_received_ratio,address,account_age_days,avg_time_diff_hours,avg_tx_value,std_dev_tx_value
142.22605948547314,110.69800414405059,229,467,696,9,21,1.2848114046896808,0x974caa59e49682cda0ad2bbe82983419a2ecc400,1019.3675,35.201179856115104,0.3633966431458675,3.5368659070206996
0.24795665469609846,0.2703582639265751,22,14,36,4,2,0.9171376304806009,0xb56b4fda23e30ddb979d59cdf3378019cf408330,273.8201388888889,187.76238095238097,0.014397636628407602,0.017687200535502347
0.0179887053494751,0.0,2,0,2,0,1,17988.705349475098,0x5cc7e72f8bacdebcf6c2e488ba956c3bdb6ba700,181.43652777777777,4354.4766666666665,0.00899435267473755,0.00689766345558735
2785.09719086,88.48972635484162,110,198,308,4,41,31.47367806538525,0xf89d7b9c864f589bbf53a82105107622b35eaa40,989.0069444444445,77.31650380021716,9.329827653294942,52.24859152435264
129.65836502,0.0,259,0,259,0,66,129658365.02,0x4976a4a02f38326660d17bf34b431dc6e2eb2327,1395.5531365740742,129.81889642549527,0.500611447953668,1.5680482408800984
0.0,0.0,0,11205,11205,394,0,0.0,0xdac17f958d2ee523a2206206994597c13d831ec7,1959.5113425925927,4.197453786346146,0.0,0.0
