eth_sent,eth_received,num_sent_txs,num_received_txs,total_txs,address,account_age_days,avg_time_diff_hours,avg_tx_value,std_dev_tx_value
0.0,0.9,1112,1,1113,0x6c8616126d6c1e77bec2b494d1daa55d34403c85,23.20722222222222,0.5008752997601918,0.0008086253369272237,0.02697707921985813
0.9,0.0,5,0,5,0x40b89de990b9883c42f18bae500d25ed79c6383f,0.19305555555555556,1.1583333333333334,0.18,0.40249223594996214
0.0,0.0,0,1115,1115,0xb5ec2bdaa984bc96c98d1a2c6fef476231cc799c,23.395138888888887,0.5040245362058647,0.0,0.0
