eth_sent,eth_received,num_sent_txs,num_received_txs,total_txs,address
142.22605948547314,110.69800414405059,229,467,696,0x974caa59e49682cda0ad2bbe82983419a2ecc400
0.24795665469609846,0.2703582639265751,22,14,36,0xb56b4fda23e30ddb979d59cdf3378019cf408330
0.0179887053494751,0.0,2,0,2,0x5cc7e72f8bacdebcf6c2e488ba956c3bdb6ba700
2785.09719086,88.48972635484162,110,198,308,0xf89d7b9c864f589bbf53a82105107622b35eaa40
129.65836502,0.0,259,0,259,0x4976a4a02f38326660d17bf34b431dc6e2eb2327
0.0,0.0,0,11205,11205,0xdac17f958d2ee523a2206206994597c13d831ec7
