eth_sent,eth_received,num_sent_txs,num_received_txs,total_txs,address,account_age_days,avg_time_diff_hours,avg_tx_value,std_dev_tx_value
0.0,3.335697288e-05,6,5,11,0xb6153179a2b2c65a0444ae9c121da305f2631dfb,5.753888888888889,13.809333333333333,3.03245208e-06,3.6931137165357878e-06
0.0011960194160669999,0.0,39,0,39,0x6911d34a39b06c091c3253221c6b5786f9e3f92a,40.03597222222222,25.285877192982454,3.066716451453846e-05,4.544438899812622e-05
0.0019799038130340002,0.0,58,0,58,0x1367a850998ccdcfd518dc9f64a60f9353c5474c,56.75555555555555,23.89707602339181,3.413627263851724e-05,6.585256126398034e-05
39.58733537195036,39.8093554900171,136,302,438,0xee18744f4aa9ac0610026d6c076459327b1916df,1016.6351388888888,55.83350877192982,0.18127098370312208,0.2195197433727088
0.0,0.0,0,2,2,0x0e2806671fe2655fce209f2422f06e567ff77af7,1.2204166666666667,29.29,0.0,0.0
0.0,0.0,0,1,1,0xa56ae05115053938bb34468ae1de7c8045a41fd5,0.0,0.0,0.0,0.0
0.0,0.0,0,1,1,0x01cbab8f21507d666f1907dfa805d349fa053948,0.0,0.0,0.0,0.0
