eth_sent,eth_received,num_sent_txs,num_received_txs,total_txs,address,account_age_days,avg_time_diff_hours,avg_tx_value,std_dev_tx_value
754.93533307,0.0,221,0,221,0x56eddb7aa87536c09ccc2793473599fd21a8b17f,1513.7317476851852,165.1343724747475,3.415996982217195,31.648237211748274
0.1130208394130615,0.1102072,21,5,26,0xb7ec85fa454975dc36a1ffad90507807cdde460c,68.75958333333334,66.00919999999999,0.00858569382357929,0.008783394086076285
261.08561597000005,0.0,308,0,308,0xdfd5293d8e347dfe59e90efd55b2956a1343963d,1506.6719791666667,117.7854315960912,0.8476805713311688,4.911604496911626
380.81854021000004,0.0,320,0,320,0x21a31ee1afc51d94c2efccaa2092ad1028285549,1532.7846412037038,115.31922065482411,1.1900579381562502,7.275906843913503
1180.83604998,16032.761666857281,297,237,534,0x28c6c06298d514db089934071355e5743bf21d60,1532.6296527777777,69.01146654158849,32.23520171692374,74.22571340519141
0.0,0.658544837361494,0,54,54,0xb300000b72deaeb607a12d5f54773d1c19c7028d,102.05638888888889,46.21421383647799,0.012195274765953593,0.04131636807719795
0.0,0.032020839413061504,0,2,2,0x14ecded577959c374a08896da2ae59137e694bb1,62.314305555555556,1495.5433333333333,0.016010419706530752,0.007367870547376341
0.0,0.0,0,53,53,0xe0f63a424a4439cbe457d80e4f4b51ad25b2c56c,283.0773611111111,130.65108974358975,0.0,0.0
