eth_sent,eth_received,num_sent_txs,num_received_txs,total_txs,address
754.93533307,0.0,221,0,221,0x56eddb7aa87536c09ccc2793473599fd21a8b17f
0.1130208394130615,0.1102072,21,5,26,0xb7ec85fa454975dc36a1ffad90507807cdde460c
261.08561597000005,0.0,308,0,308,0xdfd5293d8e347dfe59e90efd55b2956a1343963d
380.81854021000004,0.0,320,0,320,0x21a31ee1afc51d94c2efccaa2092ad1028285549
1180.83604998,16032.761666857281,297,237,534,0x28c6c06298d514db089934071355e5743bf21d60
0.0,0.658544837361494,0,54,54,0xb300000b72deaeb607a12d5f54773d1c19c7028d
0.0,0.032020839413061504,0,2,2,0x14ecded577959c374a08896da2ae59137e694bb1
0.0,0.0,0,53,53,0xe0f63a424a4439cbe457d80e4f4b51ad25b2c56c
