eth_sent,eth_received,num_sent_txs,num_received_txs,total_txs,address,account_age_days,avg_time_diff_hours,avg_tx_value,std_dev_tx_value
382.3806886357,0.9444430823469055,292,6,298,0x267be1c1d684f78cb4f6a176c4911b741e4ffdc0,2954.578622685185,238.75382809577255,1.2863259453625733,7.159234666486514
0.005,0.06953162,34,1,35,0xb76403a587cf79b8817f6034f3bb99d9013e3bb6,105.54083333333334,74.49941176470588,0.0021294748571428572,0.011758517524821634
0.0,0.0,0,5741,5741,0xa0b86991c6218b36c1d19d4a2e9eb0ce3606eb48,1915.7207175925926,8.009982094463803,0.0,0.0
0.0,0.005,0,1,1,0x943656e408020a3e8499aaf343d71ad41320dbba,0.0,0.0,0.005,0.0
