eth_sent,eth_received,num_sent_txs,num_received_txs,total_txs,in_degree,out_degree,sent_received_ratio,address,account_age_days,avg_time_diff_hours,avg_tx_value,std_dev_tx_value
1.322093277,0.0,160,0,160,0,2,1322093.277,0xc1c88785e9b5c9c85b3f6c99255c3bef9e3b14a7,60.66458333333333,9.156918238993711,0.00826308298125,0.004126205411219685
2.128422367000674,2.152451682,305,305,610,2,1,0.9888358451731454,0xb8ca7d7c66d424abf31030812a0ded25ff70359e,124.64763888888889,4.912222222222222,0.007017826309837171,0.0033023420692085345
0.867178405,0.0,146,0,146,0,1,867178.405,0xbc1c65c2f6461477db73558d23fe24eca9144ef6,63.106944444444444,10.44528735632184,0.005939578116438356,0.002723647703587319
0.18238001,6.322001323623979,1,383,384,5,1,0.028848456654070605,0x7bdb61d76ab2237102a7203da24816ef0a6408f6,140.6875,8.815926892950392,0.016938493056312447,0.02867684505197028
