eth_sent,eth_received,num_sent_txs,num_received_txs,total_txs,address
0.009554095837765862,0.007438630907124,11,8,19,0xb8cd11d06974f8f05a73aed0e779f04fb5d23eb8
0.007438630907124,0.0,1,0,1,0xfc58586d0363d6729253d1f0f2a1c268d79d952b
0.0,0.001971073072523,0,1,1,0xf30473816329a1e2fceed53d8397fd7045eef5ca
0.0,0.00425,0,27,27,0xfe5fc40c15c67983694642f9a8711241157fdb0a
0.0,0.00108075907411042,0,25,25,0x565e79f526245cae4a8c130ad95c7a2778f3ab4b
0.0,0.007387714187466,0,1,1,0x653fa6cb7ca123d393223332fc8e54f7e93dcdb9
