eth_sent,eth_received,num_sent_txs,num_received_txs,total_txs,address,account_age_days,avg_time_diff_hours,avg_tx_value,std_dev_tx_value
30.349568201292694,0.0567308016996215,279,13,292,0xf70da97812cb96acdf810712aa562db8dfa3dbef,541.1308333333334,44.6293470790378,0.10413116096915177,0.4757862062565904
0.0723388007964675,0.097662300460611,40,8,48,0xb8e4abc5dc288e8b9f3993698b28812788182726,37.1975,18.994468085106384,0.0035416896095224683,0.011390454047412403
0.0385880986387505,0.0723388007964675,6,4,10,0xcc091d12f97abced13f2de8242680880da7b6fa0,35.66430555555556,95.10481481481482,0.011092689943521802,0.015534219371204245
0.0,0.0,0,5741,5741,0xa0b86991c6218b36c1d19d4a2e9eb0ce3606eb48,1915.7207175925926,8.009982094463803,0.0,0.0
0.0,0.658544837361494,0,54,54,0xb300000b72deaeb607a12d5f54773d1c19c7028d,102.05638888888889,46.21421383647799,0.012195274765953593,0.04131636807719795
0.0,0.0,0,2,2,0x391cf4b21f557c935c7f670218ef42c21bd8d686,10.084027777777777,242.01666666666668,0.0,0.0
0.0,0.0,0,10,10,0x643c4e15d7d62ad0abec4a9bd4b001aa3ef52d66,21.999166666666667,58.66444444444444,0.0,0.0
0.0,0.0,0,3,3,0x046eee2cc3188071c02bfc1745a6b17c656e3f3d,8.162083333333333,97.945,0.0,0.0
