eth_sent,eth_received,num_sent_txs,num_received_txs,total_txs,address
30.349568201292694,0.0567308016996215,279,13,292,0xf70da97812cb96acdf810712aa562db8dfa3dbef
0.0723388007964675,0.097662300460611,40,8,48,0xb8e4abc5dc288e8b9f3993698b28812788182726
0.0385880986387505,0.0723388007964675,6,4,10,0xcc091d12f97abced13f2de8242680880da7b6fa0
0.0,0.0,0,5741,5741,0xa0b86991c6218b36c1d19d4a2e9eb0ce3606eb48
0.0,0.658544837361494,0,54,54,0xb300000b72deaeb607a12d5f54773d1c19c7028d
0.0,0.0,0,2,2,0x391cf4b21f557c935c7f670218ef42c21bd8d686
0.0,0.0,0,10,10,0x643c4e15d7d62ad0abec4a9bd4b001aa3ef52d66
0.0,0.0,0,3,3,0x046eee2cc3188071c02bfc1745a6b17c656e3f3d
