eth_sent,eth_received,num_sent_txs,num_received_txs,total_txs,address
1.322093277,0.0,160,0,160,0xc1c88785e9b5c9c85b3f6c99255c3bef9e3b14a7
2.128422367000674,2.152451682,305,305,610,0xb8ca7d7c66d424abf31030812a0ded25ff70359e
0.867178405,0.0,146,0,146,0xbc1c65c2f6461477db73558d23fe24eca9144ef6
0.18238001,6.322001323623979,1,383,384,0x7bdb61d76ab2237102a7203da24816ef0a6408f6
