eth_sent,eth_received,num_sent_txs,num_received_txs,total_txs,address
0.01,0.0,1,0,1,0xb1745d144659048b813b6887908fa5442b0bd7cb
0.0,0.01,11,1,12,0xb9ca3362c415f1483ecb3269216c003d07c102a1
0.0,0.0,0,11205,11205,0xdac17f958d2ee523a2206206994597c13d831ec7
0.0,140.13276073902253,0,168,168,0xb685760ebd368a891f27ae547391f4e2a289895b
0.0,47.694851903352884,0,276,276,0x3c11f6265ddec22f4d049dde480615735f451646
0.0,6.095998262555355,0,47,47,0x69460570c93f9de5e2edbc3052bf10125f0ca22d
