eth_sent,eth_received,num_sent_txs,num_received_txs,total_txs,in_degree,out_degree,sent_received_ratio,address,account_age_days,avg_time_diff_hours,avg_tx_value,std_dev_tx_value
0.01,0.0,1,0,1,0,1,10000.0,0xb1745d144659048b813b6887908fa5442b0bd7cb,0.0,0.0,0.01,0.0
0.0,0.01,11,1,12,1,4,0.0,0xb9ca3362c415f1483ecb3269216c003d07c102a1,18.950416666666666,41.346363636363634,0.0008333333333333334,0.002886751345948129
0.0,0.0,0,11205,11205,394,0,0.0,0xdac17f958d2ee523a2206206994597c13d831ec7,1959.5113425925927,4.197453786346146,0.0,0.0
0.0,140.13276073902253,0,168,168,18,0,0.0,0xb685760ebd368a891f27ae547391f4e2a289895b,270.09319444444446,38.81578842315369,0.8341235758275152,1.340330386527655
0.0,47.694851903352884,0,276,276,26,0,0.0,0x3c11f6265ddec22f4d049dde480615735f451646,679.0563888888889,59.26310303030303,0.17280743443243796,0.5809900742604839
0.0,6.095998262555355,0,47,47,13,0,0.0,0x69460570c93f9de5e2edbc3052bf10125f0ca22d,518.3565277777777,270.44688405797103,0.12970209069266708,0.30018317003993106
