eth_sent,eth_received,num_sent_txs,num_received_txs,total_txs,address
1.0393756980937316,0.0,15,0,15,0xd2f22e13587445821300959ba13217620db6d4aa
0.9927325730456108,0.9935674264446127,13,16,29,0xb982c40a79e0f858d6dc7c2ae8e85769ecba1dc1
0.0,0.00125937550473,21,20,41,0xd2f1b72194ffc6bc5135b6b7af3374a935d2f4aa
0.0,0.9927325730456108,0,13,13,0xe50cc3b33a2c8804fcf916a6a9336e9a8499d01b
