eth_sent,eth_received,num_sent_txs,num_received_txs,total_txs,address,account_age_days,avg_time_diff_hours,avg_tx_value,std_dev_tx_value
0.7546350000000001,0.0,2,0,2,0x0dae7a4397f2b0ce1d38b4f0e5780367896aeadf,2.015972222222222,48.38333333333333,0.37731750000000003,0.17863992166506348
0.6969529072021706,0.7546350000000001,14,2,16,0xbbeafbfe155e435ffdcaba88480df67b8accd3f6,4.099444444444444,6.559111111111111,0.09072424420013567,0.12101070234122252
0.0,44.99722094325196,0,100,100,0x5c7bcd6e7de5423a257d81b442095a1a6ced35c5,260.5025,63.15212121212121,0.4499722094325196,1.6036029951979032
0.0,383.1798895123511,0,2075,2075,0x66a9893cc07d91d95644aedd05d03f95e1dba8af,180.97180555555556,2.094177113468338,0.18466500699390412,0.7855244123210863
