eth_sent,eth_received,num_sent_txs,num_received_txs,total_txs,address
0.7546350000000001,0.0,2,0,2,0x0dae7a4397f2b0ce1d38b4f0e5780367896aeadf
0.6969529072021706,0.7546350000000001,14,2,16,0xbbeafbfe155e435ffdcaba88480df67b8accd3f6
0.0,44.99722094325196,0,100,100,0x5c7bcd6e7de5423a257d81b442095a1a6ced35c5
0.0,383.1798895123511,0,2075,2075,0x66a9893cc07d91d95644aedd05d03f95e1dba8af
