eth_sent,eth_received,num_sent_txs,num_received_txs,total_txs,in_degree,out_degree,sent_received_ratio,address,account_age_days,avg_time_diff_hours,avg_tx_value,std_dev_tx_value
0.5762535473948471,0.0,4,0,4,0,1,576253.5473948471,0x0b76633be9a91339e74ab7202a89b1cb8993dc1c,19.653472222222224,157.2277777777778,0.14406338684871178,0.0973701542115469
0.573444340044,0.5762535473948471,3,4,7,1,1,0.9951233229072957,0xbd594296c71c1a7e8caf819a5b3dc8e6d56f5829,19.658194444444444,78.63277777777778,0.16424255534840673,0.07560504616092824
6.2380582906379995,4466.4088900013485,66,110,176,8,24,0.0013966608169722354,0x1ab4973a48dc892cd9971ece8e01dcc7688f8f23,560.7894444444445,76.90826666666666,25.412766751659024,46.3532283537195
