eth_sent,eth_received,num_sent_txs,num_received_txs,total_txs,address
0.5762535473948471,0.0,4,0,4,0x0b76633be9a91339e74ab7202a89b1cb8993dc1c
0.573444340044,0.5762535473948471,3,4,7,0xbd594296c71c1a7e8caf819a5b3dc8e6d56f5829
6.2380582906379995,4466.4088900013485,66,110,176,0x1ab4973a48dc892cd9971ece8e01dcc7688f8f23
