eth_sent,eth_received,num_sent_txs,num_received_txs,total_txs,address,account_age_days,avg_time_diff_hours,avg_tx_value,std_dev_tx_value
1.69687013223964,4.9997,997,62,1059,0x810099a63b9e777d2a6b54a48c601d21c42ebcaf,18.114305555555557,0.41091052299936986,0.006323484544135639,0.1538014496016386
0.00010986674144,0.0,4,0,4,0xd53e894801ba60fa923e02207e38c9c12c1fe995,0.7604166666666666,6.083333333333333,2.746668536e-05,3.3760107701355124e-06
0.0,0.00082771850192,3,4,7,0xbd64f4bd1bc35b80525e3ebb81f5f7f1d2f918dc,26.06277777777778,104.25111111111111,0.00011824550027428572,0.00018266597029777018
0.0,0.0,0,11205,11205,0xdac17f958d2ee523a2206206994597c13d831ec7,1959.5113425925927,4.197453786346146,0.0,0.0
