eth_sent,eth_received,num_sent_txs,num_received_txs,total_txs,address
1.69687013223964,4.9997,997,62,1059,0x810099a63b9e777d2a6b54a48c601d21c42ebcaf
0.00010986674144,0.0,4,0,4,0xd53e894801ba60fa923e02207e38c9c12c1fe995
0.0,0.00082771850192,3,4,7,0xbd64f4bd1bc35b80525e3ebb81f5f7f1d2f918dc
0.0,0.0,0,11205,11205,0xdac17f958d2ee523a2206206994597c13d831ec7
