eth_sent,eth_received,num_sent_txs,num_received_txs,total_txs,in_degree,out_degree,sent_received_ratio,address,account_age_days,avg_time_diff_hours,avg_tx_value,std_dev_tx_value
2.6,0.0,2,0,2,0,2,2600000.0,0xd87df9fd27b9a30fe27e7b294caaa4673f34b6b1,0.15458333333333332,3.71,1.3,0.0
0.0,1.3,922,1,923,1,1,0.0,0xbdc08c45c5c77a7831fa2b9082df3fecde8e5c94,87.9036111111111,2.2881634128705715,0.0014084507042253522,0.042790021213981164
0.0,0.0,0,1899,1899,3,0,0.0,0x0000000071727de22e5e9d8baf0edac6f37da032,85.90333333333334,1.0862381454162278,0.0,0.0
