eth_sent,eth_received,num_sent_txs,num_received_txs,total_txs,address
0.001368345411793584,0.0,11,0,11,0xe0fa8dc4f284f12e0361f8ad3e5d26a060b60e60
0.0,0.0005631660875430799,9,6,15,0xbdb1fabe5e1d2b78f2d12e46530bb0c56015dd8b
0.0,0.0,0,11205,11205,0xdac17f958d2ee523a2206206994597c13d831ec7
