eth_sent,eth_received,num_sent_txs,num_received_txs,total_txs,address
382.3806886357,0.9444430823469055,292,6,298,0x267be1c1d684f78cb4f6a176c4911b741e4ffdc0
0.0,0.05492213,6,1,7,0xbe8c079a5cd29520c16dc673f3d10109291fe612
0.0,0.0,0,11205,11205,0xdac17f958d2ee523a2206206994597c13d831ec7
0.0,370.9676023162886,0,581,581,0x111111125421ca6dc452d289314280a0f8842a65
