eth_sent,eth_received,num_sent_txs,num_received_txs,total_txs,address
380.81854021000004,0.0,320,0,320,0x21a31ee1afc51d94c2efccaa2092ad1028285549
0.854497810220084,0.21061663000000003,14,4,18,0xbea3c1623b1f5cfbc61ebb6924d589f1897b663c
261.08561597000005,0.0,308,0,308,0xdfd5293d8e347dfe59e90efd55b2956a1343963d
0.0,0.207957810220084,0,2,2,0x91d947cdfd581a6ad0c7bf09af6b0d2c45c08183
0.0,0.0,0,11205,11205,0xdac17f958d2ee523a2206206994597c13d831ec7
0.0,177.55017860338873,0,2004,2004,0x1111111254eeb25477b68fb85ed929f73a960582
0.0,0.658544837361494,0,54,54,0xb300000b72deaeb607a12d5f54773d1c19c7028d
