eth_sent,eth_received,num_sent_txs,num_received_txs,total_txs,in_degree,out_degree,sent_received_ratio,address,account_age_days,avg_time_diff_hours,avg_tx_value,std_dev_tx_value
382.3806886357,0.9444430823469055,292,6,298,3,52,404.87382554772256,0x267be1c1d684f78cb4f6a176c4911b741e4ffdc0,2954.578622685185,238.75382809577255,1.2863259453625733,7.159234666486514
0.0,0.05492213,6,1,7,1,2,0.0,0xbe8c079a5cd29520c16dc673f3d10109291fe612,0.026944444444444444,0.10777777777777778,0.007846018571428571,0.02075861392199427
0.0,0.0,0,11205,11205,394,0,0.0,0xdac17f958d2ee523a2206206994597c13d831ec7,1959.5113425925927,4.197453786346146,0.0,0.0
0.0,370.9676023162886,0,581,581,59,0,0.0,0x111111125421ca6dc452d289314280a0f8842a65,515.0973611111111,21.314373563218393,0.638498454933371,9.326392767410253
