eth_sent,eth_received,num_sent_txs,num_received_txs,total_txs,in_degree,out_degree,sent_received_ratio,address,account_age_days,avg_time_diff_hours,avg_tx_value,std_dev_tx_value
380.81854021000004,0.0,320,0,320,0,72,380818540.21000004,0x21a31ee1afc51d94c2efccaa2092ad1028285549,1532.7846412037038,115.31922065482411,1.1900579381562502,7.275906843913503
0.854497810220084,0.21061663000000003,14,4,18,3,5,4.057104859740773,0xbea3c1623b1f5cfbc61ebb6924d589f1897b663c,0.7094444444444444,1.1351111111111112,0.05917302445667134,0.09774484480977386
261.08561597000005,0.0,308,0,308,0,57,261085615.97000006,0xdfd5293d8e347dfe59e90efd55b2956a1343963d,1506.6719791666667,117.7854315960912,0.8476805713311688,4.911604496911626
0.0,0.207957810220084,0,2,2,1,0,0.0,0x91d947cdfd581a6ad0c7bf09af6b0d2c45c08183,0.0025,0.06,0.103978905110042,0.14563416424495343
0.0,0.0,0,11205,11205,394,0,0.0,0xdac17f958d2ee523a2206206994597c13d831ec7,1959.5113425925927,4.197453786346146,0.0,0.0
0.0,177.55017860338873,0,2004,2004,48,0,0.0,0x1111111254eeb25477b68fb85ed929f73a960582,982.2651388888889,11.769527375603262,0.08859789351466504,0.9910997821967806
0.0,0.658544837361494,0,54,54,7,0,0.0,0xb300000b72deaeb607a12d5f54773d1c19c7028d,102.05638888888889,46.21421383647799,0.012195274765953593,0.04131636807719795
