eth_sent,eth_received,num_sent_txs,num_received_txs,total_txs,address
1671.25585652,0.0993880881608027,42,1,43,0xa03400e098f4421b34a3a44a1b4e571419517687
1.16739,0.5906523432544816,7,2,9,0xbff3f958f4401952ed37dee92bed6ed7f2935a7b
0.0118425532544816,0.0,1,0,1,0x8f0e18fbe69a10770c4479560ae8126d6a3068d0
4.094481334645731,3.025615876749365,7,10,17,0xc048dc5bb9a6de5be392a5238e0216362a246bba
0.0,0.01215,0,1,1,0x9950e55cb87adec9ea0c8223a13df89666dbc700
