eth_sent,eth_received,num_sent_txs,num_received_txs,total_txs,address,account_age_days,avg_time_diff_hours,avg_tx_value,std_dev_tx_value
0.007,0.0,1,0,1,0x4624a46897b45056d52aa706bf5dd653c7abfeff,0.0,0.0,0.007,0.0
0.0051,0.007,12,11,23,0xbfa9654ad7ec2a5c3f76cfe0f753b7a3ec589e3b,456.8886111111111,913.7772222222222,0.0005260869565217391,0.001753494534637605
0.0,0.005,0,1,1,0xb297ffc679129a302feba874beab9706edd3f107,0.0,0.0,0.005,0.0
0.0,79.06316259879999,0,260,260,0xb2ecfe4e4d61f8790bbb9de2d1259b9e2410cea5,755.8331944444444,70.03859716859716,0.30408908691846154,1.3008649687041043
