eth_sent,eth_received,num_sent_txs,num_received_txs,total_txs,address
1.16739,0.5906523432544816,7,2,9,0xbff3f958f4401952ed37dee92bed6ed7f2935a7b
1.65149,0.0,1,0,1,0xd75f1e28be9be711807e5b3bdae9cb165205a473
4.094481334645731,3.025615876749365,7,10,17,0xc048dc5bb9a6de5be392a5238e0216362a246bba
0.0776554857960219,0.0,1,0,1,0xacc660c3f0fa071fcdd3f1871f7486677fc13a35
0.0132143633773331,0.0,1,0,1,0x72d09a717d492a09b7e973cb281243ea1ac80a58
0.12801602757601,0.0,1,0,1,0x140fa9ea7b8b1f68b68e6e7c4dd218f77a815ab4
0.0,4.932434236280173,0,7,7,0x0e87bf5286c4091e0eeb7814d802115dfbb4c4cd
0.0,0.0120470983655576,0,1,1,0xd616606bcc02c4a8b2f94956d18d827a002d1a08
