eth_sent,eth_received,num_sent_txs,num_received_txs,total_txs,in_degree,out_degree,sent_received_ratio,address,account_age_days,avg_time_diff_hours,avg_tx_value,std_dev_tx_value
1.16739,0.5906523432544816,7,2,9,2,2,1.9764384868588354,0xbff3f958f4401952ed37dee92bed6ed7f2935a7b,4.044305555555556,12.132916666666667,0.19533803813938685,0.2336063118983861
1.65149,0.0,1,0,1,0,1,1651490.0,0xd75f1e28be9be711807e5b3bdae9cb165205a473,0.0,0.0,1.65149,0.0
4.094481334645731,3.025615876749365,7,10,17,5,2,1.353271581114633,0xc048dc5bb9a6de5be392a5238e0216362a246bba,24.628055555555555,36.942083333333336,0.41882924772912333,0.6075024938698074
0.0776554857960219,0.0,1,0,1,0,1,77655.4857960219,0xacc660c3f0fa071fcdd3f1871f7486677fc13a35,0.0,0.0,0.0776554857960219,0.0
0.0132143633773331,0.0,1,0,1,0,1,13214.3633773331,0x72d09a717d492a09b7e973cb281243ea1ac80a58,0.0,0.0,0.0132143633773331,0.0
0.12801602757601,0.0,1,0,1,0,1,128016.02757601,0x140fa9ea7b8b1f68b68e6e7c4dd218f77a815ab4,0.0,0.0,0.12801602757601,0.0
0.0,4.932434236280173,0,7,7,2,0,0.0,0x0e87bf5286c4091e0eeb7814d802115dfbb4c4cd,241.1263888888889,964.5055555555556,0.7046334623257391,0.6998998266254769
0.0,0.0120470983655576,0,1,1,1,0,0.0,0xd616606bcc02c4a8b2f94956d18d827a002d1a08,0.0,0.0,0.0120470983655576,0.0
