eth_sent,eth_received,num_sent_txs,num_received_txs,total_txs,address,account_age_days,avg_time_diff_hours,avg_tx_value,std_dev_tx_value
0.0175997115687874,0.0,15,0,15,0xc066ac5d385419b1a8c43a0e146fa439837a8b8c,211.885,363.2314285714286,0.0011733141045858265,0.0011600383680675451
0.894872,0.8973000455973253,4,2,6,0xc10f78e89888099233828f356bbd032ea7306a0f,6.6025,31.692,0.2986953409328876,0.4467245624842315
174.90205128999995,0.0,95,0,95,0x0d0707963952f2fba59dd06f2b425ace40b492fe,2610.3147685185186,666.4633451536644,1.841074224105263,7.640386395053293
0.0,0.0,0,11205,11205,0xdac17f958d2ee523a2206206994597c13d831ec7,1959.5113425925927,4.197453786346146,0.0,0.0
0.0,1.1892690000000001,0,9,9,0x4c39ed0438d5e8913acf423db6d56cce78b2d367,76.55583333333334,229.6675,0.13214099999999998,0.27037432127885225
