eth_sent,eth_received,num_sent_txs,num_received_txs,total_txs,address
0.0175997115687874,0.0,15,0,15,0xc066ac5d385419b1a8c43a0e146fa439837a8b8c
0.894872,0.8973000455973253,4,2,6,0xc10f78e89888099233828f356bbd032ea7306a0f
174.90205128999995,0.0,95,0,95,0x0d0707963952f2fba59dd06f2b425ace40b492fe
0.0,0.0,0,11205,11205,0xdac17f958d2ee523a2206206994597c13d831ec7
0.0,1.1892690000000001,0,9,9,0x4c39ed0438d5e8913acf423db6d56cce78b2d367
