eth_sent,eth_received,num_sent_txs,num_received_txs,total_txs,address,account_age_days,avg_time_diff_hours,avg_tx_value,std_dev_tx_value
0.0,0.0,262,0,262,0xf24246e0d5399ea85dbdadcfdbc9e8f14490db58,79.83940972222223,7.3415549169859515,0.0,0.0
0.265,0.0,1,0,1,0xb5bf5b67da1f4c80527a8c4bb306ece43bf5b8d9,0.0,0.0,0.265,0.0
0.0,0.0,1,0,1,0xde8f8b79535624b838df6668564d4c3973d93884,0.0,0.0,0.0,0.0
0.8514272,0.0,6,0,6,0xf60c2ea62edbfe808163751dd0d8693dcb30019c,1568.0811574074073,7526.789555555555,0.14190453333333333,0.14667872473824178
1180.83604998,16032.761666857281,297,237,534,0x28c6c06298d514db089934071355e5743bf21d60,1532.6296527777777,69.01146654158849,32.23520171692374,74.22571340519141
0.0,0.0,1,0,1,0x1260ac436f19235b6a6be73a3d1e40d8a1235d03,0.0,0.0,0.0,0.0
0.0,1.36964738,0,7,7,0xc14777c94229582e5758c5a79b83dde876b9be98,1404.3584953703703,5617.433981481481,0.19566391142857142,0.38429185208544403
