eth_sent,eth_received,num_sent_txs,num_received_txs,total_txs,address
2.8058711294566585,0.0,1,0,1,0xb689270b05604abb992cadb1484b19d01f6b85ad
3.3242434172282236,2.8058711294566585,6,1,7,0xc4e720fec906132f7183ef748da6b99f0caccf6e
0.0,0.456823652955,0,1,1,0x0b192128300ad8eefb2fe29292dffe4b4ac8fae6
0.0,0.606052712921,0,1,1,0x5299389708c533e8d7f389dbded86bd013dad763
0.0,0.606232293462,0,1,1,0x7aae326bffee96e94fc28f74f2f1d9f670010ce6
0.0,0.617476835168,0,1,1,0xbd6bc438cedbdec25c9fb81ac02a6db0bc0a5599
0.5185160000000001,1.0376579227222231,10,2,12,0x8395728c2c21b919678da52f4d4360bebba8c833
