eth_sent,eth_received,num_sent_txs,num_received_txs,total_txs,address
12.255179730810031,0.0,62,0,62,0xc0d716d793c16dc1bb61fbc0eca5711d312fb013
12.240513663060437,12.255179730810031,237,62,299,0xc48f7857c76904621319f94429c8ed94fa605962
0.0,0.0,0,61,61,0x926759a8eaecfadb5d8bdc7a9c7b193c5085f507
0.0,342.2253157085877,0,1408,1408,0xc02aaa39b223fe8d0a0e5c4f27ead9083c756cc2
0.0,0.0,0,35,35,0x000000000022d473030f116ddee9f6b43ac78ba3
0.0,383.1798895123511,0,2075,2075,0x66a9893cc07d91d95644aedd05d03f95e1dba8af
0.0,12.240513663060439,0,62,62,0xac3d9880f60690a9a24ac8f737be28bdf49855d4
