eth_sent,eth_received,num_sent_txs,num_received_txs,total_txs,address,account_age_days,avg_time_diff_hours,avg_tx_value,std_dev_tx_value
12.255179730810031,0.0,62,0,62,0xc0d716d793c16dc1bb61fbc0eca5711d312fb013,33.672222222222224,13.248087431693989,0.1976641892066134,0.20448713520562226
12.240513663060437,12.255179730810031,237,62,299,0xc48f7857c76904621319f94429c8ed94fa605962,33.67458333333333,2.7120469798657716,0.08192539596612197,0.16316499272784546
0.0,0.0,0,61,61,0x926759a8eaecfadb5d8bdc7a9c7b193c5085f507,43.48222222222222,17.39288888888889,0.0,0.0
0.0,342.2253157085877,0,1408,1408,0xc02aaa39b223fe8d0a0e5c4f27ead9083c756cc2,2570.0885763888887,43.839463989575925,0.2430577526339401,1.0409589884521075
0.0,0.0,0,35,35,0x000000000022d473030f116ddee9f6b43ac78ba3,555.28875,391.96852941176473,0.0,0.0
0.0,383.1798895123511,0,2075,2075,0x66a9893cc07d91d95644aedd05d03f95e1dba8af,180.97180555555556,2.094177113468338,0.18466500699390412,0.7855244123210863
0.0,12.240513663060439,0,62,62,0xac3d9880f60690a9a24ac8f737be28bdf49855d4,33.67125,13.247704918032788,0.19742763972678126,0.20448568123597874
