eth_sent,eth_received,num_sent_txs,num_received_txs,total_txs,in_degree,out_degree,sent_received_ratio,address,account_age_days,avg_time_diff_hours,avg_tx_value,std_dev_tx_value
2.8058711294566585,0.0,1,0,1,0,1,2805871.129456659,0xb689270b05604abb992cadb1484b19d01f6b85ad,0.0,0.0,2.8058711294566585,0.0
3.3242434172282236,2.8058711294566585,6,1,7,1,5,1.1847451572470427,0xc4e720fec906132f7183ef748da6b99f0caccf6e,5.023194444444444,20.092777777777776,0.8757306495264118,0.8532031372145175
0.0,0.456823652955,0,1,1,1,0,0.0,0x0b192128300ad8eefb2fe29292dffe4b4ac8fae6,0.0,0.0,0.456823652955,0.0
0.0,0.606052712921,0,1,1,1,0,0.0,0x5299389708c533e8d7f389dbded86bd013dad763,0.0,0.0,0.606052712921,0.0
0.0,0.606232293462,0,1,1,1,0,0.0,0x7aae326bffee96e94fc28f74f2f1d9f670010ce6,0.0,0.0,0.606232293462,0.0
0.0,0.617476835168,0,1,1,1,0,0.0,0xbd6bc438cedbdec25c9fb81ac02a6db0bc0a5599,0.0,0.0,0.617476835168,0.0
0.5185160000000001,1.0376579227222231,10,2,12,1,8,0.4996979148405633,0x8395728c2c21b919678da52f4d4360bebba8c833,0.10791666666666666,0.23545454545454544,0.12968116022685194,0.20063525434132962
