eth_sent,eth_received,num_sent_txs,num_received_txs,total_txs,address,account_age_days,avg_time_diff_hours,avg_tx_value,std_dev_tx_value
0.006,0.0,1,0,1,0xaa40415d9b4c680381215dceb7995208e83490f2,0.0,0.0,0.006,0.0
0.0,0.006,23,1,24,0xc5b78633d8b8200d768d40d07cf2020dcf0af694,87.645,91.45565217391305,0.00025,0.001224744871391589
0.0,0.0,0,11205,11205,0xdac17f958d2ee523a2206206994597c13d831ec7,1959.5113425925927,4.197453786346146,0.0,0.0
