eth_sent,eth_received,num_sent_txs,num_received_txs,total_txs,address,account_age_days,avg_time_diff_hours,avg_tx_value,std_dev_tx_value
0.31214227944561845,0.4327484298434995,3,7,10,0x9e03a1ee4f4f0b78023a81fe38cc1f382c392b27,5.390555555555555,14.374814814814815,0.0744890709289118,0.06385067547575146
0.2277844458267261,0.0,1,0,1,0xad0577ba8bfb333391f97b507ac1fd12b26bff17,0.0,0.0,0.2277844458267261,0.0
0.0856177414801789,0.0,3,0,3,0xe46d70ce49c3c81939d6c87f3c514881ad2b2c1e,32.68388888888889,392.20666666666665,0.028539247160059632,0.014364051134366944
0.0182487017150222,0.0,1,0,1,0xe4c89ede9f04daecbd40eb059bad8d1c7386a3ca,0.0,0.0,0.0182487017150222,0.0
0.0,0.6401752923577686,0,7,7,0xc533057275158f5f132013007ecc9e94220ba44d,77.91694444444444,311.66777777777776,0.09145361319396694,0.08575371406289964
