eth_sent,eth_received,num_sent_txs,num_received_txs,total_txs,address
0.31214227944561845,0.4327484298434995,3,7,10,0x9e03a1ee4f4f0b78023a81fe38cc1f382c392b27
0.2277844458267261,0.0,1,0,1,0xad0577ba8bfb333391f97b507ac1fd12b26bff17
0.0856177414801789,0.0,3,0,3,0xe46d70ce49c3c81939d6c87f3c514881ad2b2c1e
0.0182487017150222,0.0,1,0,1,0xe4c89ede9f04daecbd40eb059bad8d1c7386a3ca
0.0,0.6401752923577686,0,7,7,0xc533057275158f5f132013007ecc9e94220ba44d
