eth_sent,eth_received,num_sent_txs,num_received_txs,total_txs,in_degree,out_degree,sent_received_ratio,address,account_age_days,avg_time_diff_hours,avg_tx_value,std_dev_tx_value
224.41814113,0.0,8,0,8,0,2,224418141.13000003,0x01f05d51b90510e2c01437d5144ba4fa74d3e8b5,113.07013888888889,387.6690476190476,28.05226764125,11.165873284726759
1.360905045932508,1.37901324,3,3,6,3,2,0.9868680151790951,0xc6ceb803e76e75ad644d349c116a8beac112a579,113.47763888888889,544.6926666666667,0.45665304765541803,0.32543759038999626
224.84189643,0.0,8,0,8,0,2,224841896.43,0xdca57e72d52f3127504e774324ce6d4a9c555ca3,112.09902777777778,384.3395238095238,28.10523705375,11.016053161629888
0.11897568,0.0,1,0,1,0,1,118975.68000000001,0x3561f5cc6a6d510b42a2ec55385e130a000ce4a7,0.0,0.0,0.11897568,0.0
2785.09719086,88.48972635484162,110,198,308,4,41,31.47367806538525,0xf89d7b9c864f589bbf53a82105107622b35eaa40,989.0069444444445,77.31650380021716,9.329827653294942,52.24859152435264
220.89019738,68.02912829920335,9,10,19,4,5,3.2469943339784404,0xa1abfa21f80ecf401bd41365adbb6fef6fefdf09,18.670555555555556,24.894074074074076,15.206280298905439,36.93143404936169
