eth_sent,eth_received,num_sent_txs,num_received_txs,total_txs,address
16.96,16.47478011786724,614,33,647,0x2458e701b1b51911540bf8259f112bcef43b3b0c
0.4152566896319207,0.0,15,0,15,0xeb981deaa6d17ac4db5e2fd75ecd525f49ef3c0b
0.0,1.6300000000000001,0,50,50,0xc629e95d7d08b62a092f27acaacb1e121c1cdc90
