eth_sent,eth_received,num_sent_txs,num_received_txs,total_txs,address
224.41814113,0.0,8,0,8,0x01f05d51b90510e2c01437d5144ba4fa74d3e8b5
1.360905045932508,1.37901324,3,3,6,0xc6ceb803e76e75ad644d349c116a8beac112a579
224.84189643,0.0,8,0,8,0xdca57e72d52f3127504e774324ce6d4a9c555ca3
0.11897568,0.0,1,0,1,0x3561f5cc6a6d510b42a2ec55385e130a000ce4a7
2785.09719086,88.48972635484162,110,198,308,0xf89d7b9c864f589bbf53a82105107622b35eaa40
220.89019738,68.02912829920335,9,10,19,0xa1abfa21f80ecf401bd41365adbb6fef6fefdf09
