eth_sent,eth_received,num_sent_txs,num_received_txs,total_txs,in_degree,out_degree,sent_received_ratio,address,account_age_days,avg_time_diff_hours,avg_tx_value,std_dev_tx_value
0.0022075241093655997,0.00178764,2,1,3,1,1,1.2341914020516145,0xf8a2f6357b2acaa20ba9cf4b01d9186e3ca34439,0.035,0.42,0.0013317213697885332,0.0006801865010453561
0.00178764,0.0022075241093655997,3,2,5,1,3,0.8094274327453463,0xc61e7e497fb032b3e310550925d002b4dd3a39c1,0.035,0.21,0.0007990328218731201,0.0008737112681702098
0.0,0.0,0,5741,5741,312,0,0.0,0xa0b86991c6218b36c1d19d4a2e9eb0ce3606eb48,1915.7207175925926,8.009982094463803,0.0,0.0
0.0,0.20996183372600102,0,27,27,3,0,0.0,0x22ce84a7f86662b78e49c6ec9e51d60fdde7b70a,188.01041666666666,173.5480769230769,0.007776364212074112,0.01884284897047982
