eth_sent,eth_received,num_sent_txs,num_received_txs,total_txs,address,account_age_days,avg_time_diff_hours,avg_tx_value,std_dev_tx_value
281.1563494699999,0.0,52,0,52,0xf7858da8a6617f7c6d0ff2bcafdb6d2eedf64840,760.8188888888889,358.0324183006536,5.406852874423077,27.840180811193758
0.6492229857180923,0.65,6,3,9,0xc63b585d7c685d2a59b318ddb7022776dc3b823e,439.3255555555556,1757.3022222222223,0.14435810952423248,0.28638865106135447
0.0,0.0,0,1,1,0x36e5913bf48ccbd361875d09c0a20a4c144da896,0.0,0.0,0.0,0.0
0.0,30.700020239009493,0,57,57,0x0439e60f02a8900a951603950d8d4527f400c3f1,676.9351388888889,290.1150595238095,0.5385968462984121,2.6703759747378006
0.0,0.0002229857180923,0,1,1,0x7f19ecff5369c69e314610de57ec9ca3a9ae5213,0.0,0.0,0.0002229857180923,0.0
0.0,0.0,0,5741,5741,0xa0b86991c6218b36c1d19d4a2e9eb0ce3606eb48,1915.7207175925926,8.009982094463803,0.0,0.0
