eth_sent,eth_received,num_sent_txs,num_received_txs,total_txs,address
0.0022075241093655997,0.00178764,2,1,3,0xf8a2f6357b2acaa20ba9cf4b01d9186e3ca34439
0.00178764,0.0022075241093655997,3,2,5,0xc61e7e497fb032b3e310550925d002b4dd3a39c1
0.0,0.0,0,5741,5741,0xa0b86991c6218b36c1d19d4a2e9eb0ce3606eb48
0.0,0.20996183372600102,0,27,27,0x22ce84a7f86662b78e49c6ec9e51d60fdde7b70a
