eth_sent,eth_received,num_sent_txs,num_received_txs,total_txs,in_degree,out_degree,sent_received_ratio,address,account_age_days,avg_time_diff_hours,avg_tx_value,std_dev_tx_value
16.96,16.47478011786724,614,33,647,24,71,1.0294522202547827,0x2458e701b1b51911540bf8259f112bcef43b3b0c,6.8675,0.2551393188854489,0.051676630784957094,0.14637019969119983
0.4152566896319207,0.0,15,0,15,0,2,415256.6896319207,0xeb981deaa6d17ac4db5e2fd75ecd525f49ef3c0b,2.999861111111111,5.142619047619048,0.02768377930879471,0.009587536650159049
0.0,1.6300000000000001,0,50,50,2,0,0.0,0xc629e95d7d08b62a092f27acaacb1e121c1cdc90,9.741111111111111,4.771156462585035,0.0326,0.007230886134196437
