eth_sent,eth_received,num_sent_txs,num_received_txs,total_txs,address
0.023291015447277547,0.0,3,0,3,0xc4d922ed6f6ddd599f41e2cf0555d4244e2abab1
0.023,0.023291015447277547,2,3,5,0xc6a61db08c9e2279cf0a56407a916718c0825666
0.0,0.01,0,1,1,0x2aa8723cf51e94ba2e586c09a73c9e92059ad173
0.0,0.013,0,1,1,0x74d23afbff91eafe41ec386ff3d027632b387a48
