eth_sent,eth_received,num_sent_txs,num_received_txs,total_txs,in_degree,out_degree,sent_received_ratio,address,account_age_days,avg_time_diff_hours,avg_tx_value,std_dev_tx_value
0.1725501394141178,0.0,2,0,2,0,1,172550.1394141178,0x7e02442e3aa7e9e5f4c1dc1d87622fe2ec39c97a,8.703472222222222,208.88333333333333,0.0862750697070589,0.11310820269101908
1.2479469898059095,2.135693032670334,29,53,82,4,1,0.5843285464657861,0xc76a924d0525e414359c4cb288d1cd106ef3e8fc,189.25125,56.074444444444445,0.04126390271312491,0.03145213712777634
0.055316734107808,0.0,1,0,1,0,1,55316.734107808,0xdee89d1fe9ff7971840fe4b6ea75bf89dcdb6819,0.0,0.0,0.055316734107808,0.0
2.28575207413006,1.3648184549622722,59,35,94,4,5,1.6747651609298355,0xcf9ae580289958bd115eb4a6d975ad26b2f6689f,120.48569444444445,31.093082437275985,0.038835856692471624,0.0277880558505575
2785.09719086,88.48972635484162,110,198,308,4,41,31.47367806538525,0xf89d7b9c864f589bbf53a82105107622b35eaa40,989.0069444444445,77.31650380021716,9.329827653294942,52.24859152435264
0.333304648753301,104.42126330067744,29,260,289,5,3,0.0031919231296947503,0xf78abd170cff445fefe7248336b55e2c18906f00,189.2913888888889,15.774282407407407,0.36247255345823787,0.6214180519704299
