eth_sent,eth_received,num_sent_txs,num_received_txs,total_txs,address
3.2451544202581024,0.0,1,0,1,0x07e0207abd9a3cbaf8adbedde24c4e7a0ca37d16
6.6084237513304815,3.4275344302581026,45,2,47,0xc7b6b8a5f5d4a6da7f57ecca4809c6bb86f43a58
0.18238001,6.322001323623979,1,383,384,0x7bdb61d76ab2237102a7203da24816ef0a6408f6
0.0,177.55017860338873,0,2004,2004,0x1111111254eeb25477b68fb85ed929f73a960582
0.0,0.0,0,11205,11205,0xdac17f958d2ee523a2206206994597c13d831ec7
0.0,0.0,0,5741,5741,0xa0b86991c6218b36c1d19d4a2e9eb0ce3606eb48
0.0,0.1,0,1,1,0xcd860f7d01d27995ac372285e1379ee3dbe81653
0.0,22.720984175063478,0,16,16,0x187fe1a8b76c60b85c00a2819152ff00ff642386
