eth_sent,eth_received,num_sent_txs,num_received_txs,total_txs,address,account_age_days,avg_time_diff_hours,avg_tx_value,std_dev_tx_value
3.2451544202581024,0.0,1,0,1,0x07e0207abd9a3cbaf8adbedde24c4e7a0ca37d16,0.0,0.0,3.2451544202581024,0.0
6.6084237513304815,3.4275344302581026,45,2,47,0xc7b6b8a5f5d4a6da7f57ecca4809c6bb86f43a58,262.81138888888887,137.11898550724638,0.21353102514018263,0.7996900254667004
0.18238001,6.322001323623979,1,383,384,0x7bdb61d76ab2237102a7203da24816ef0a6408f6,140.6875,8.815926892950392,0.016938493056312447,0.02867684505197028
0.0,177.55017860338873,0,2004,2004,0x1111111254eeb25477b68fb85ed929f73a960582,982.2651388888889,11.769527375603262,0.08859789351466504,0.9910997821967806
0.0,0.0,0,11205,11205,0xdac17f958d2ee523a2206206994597c13d831ec7,1959.5113425925927,4.197453786346146,0.0,0.0
0.0,0.0,0,5741,5741,0xa0b86991c6218b36c1d19d4a2e9eb0ce3606eb48,1915.7207175925926,8.009982094463803,0.0,0.0
0.0,0.1,0,1,1,0xcd860f7d01d27995ac372285e1379ee3dbe81653,0.0,0.0,0.1,0.0
0.0,22.720984175063478,0,16,16,0x187fe1a8b76c60b85c00a2819152ff00ff642386,511.69708333333335,818.7153333333334,1.4200615109414674,1.5254654681547313
