eth_sent,eth_received,num_sent_txs,num_received_txs,total_txs,address
0.1725501394141178,0.0,2,0,2,0x7e02442e3aa7e9e5f4c1dc1d87622fe2ec39c97a
1.2479469898059095,2.135693032670334,29,53,82,0xc76a924d0525e414359c4cb288d1cd106ef3e8fc
0.055316734107808,0.0,1,0,1,0xdee89d1fe9ff7971840fe4b6ea75bf89dcdb6819
2.28575207413006,1.3648184549622722,59,35,94,0xcf9ae580289958bd115eb4a6d975ad26b2f6689f
2785.09719086,88.48972635484162,110,198,308,0xf89d7b9c864f589bbf53a82105107622b35eaa40
0.333304648753301,104.42126330067744,29,260,289,0xf78abd170cff445fefe7248336b55e2c18906f00
