eth_sent,eth_received,num_sent_txs,num_received_txs,total_txs,in_degree,out_degree,sent_received_ratio,address,account_age_days,avg_time_diff_hours,avg_tx_value,std_dev_tx_value
0.0031360149178930007,0.0,8,0,8,0,1,3136.014917893001,0x268b32d31de59b1a4439475b2dcd11da61eabfa0,219.38791666666665,752.1871428571428,0.0003920018647366251,0.000423049650392072
0.0,0.0031360149178930007,20,8,28,1,1,0.0,0xc8ce70504a8b613e919cca6cac16192abbf4db60,220.53027777777777,196.0269135802469,0.00011200053278189286,0.0002809300295722743
0.0,0.0,0,11205,11205,394,0,0.0,0xdac17f958d2ee523a2206206994597c13d831ec7,1959.5113425925927,4.197453786346146,0.0,0.0
