eth_sent,eth_received,num_sent_txs,num_received_txs,total_txs,address
0.0031360149178930007,0.0,8,0,8,0x268b32d31de59b1a4439475b2dcd11da61eabfa0
0.0,0.0031360149178930007,20,8,28,0xc8ce70504a8b613e919cca6cac16192abbf4db60
0.0,0.0,0,11205,11205,0xdac17f958d2ee523a2206206994597c13d831ec7
