eth_sent,eth_received,num_sent_txs,num_received_txs,total_txs,address
12.128183714148646,1.123837535624023,69,12,81,0xc94ebb328ac25b95db0e0aa968371885fa516215
142.22605948547314,110.69800414405059,229,467,696,0x974caa59e49682cda0ad2bbe82983419a2ecc400
2.901090585314733,2.9484336299328664,8,17,25,0xc8d536b49f33b48d8b6a1c735356acba85d3b9b3
229.51728115407397,0.0,656,0,656,0x46340b20830761efd32832a74d7169b29feb9758
0.0,2.901090585314733,0,8,8,0xac6b155b674f85234e315f4f05f92c3281b6b0aa
