eth_sent,eth_received,num_sent_txs,num_received_txs,total_txs,address,account_age_days,avg_time_diff_hours,avg_tx_value,std_dev_tx_value
0.0008,0.0,1,0,1,0xc02d9d93c0cc346b948dbee765d11418ddb06b06,0.0,0.0,0.0008,0.0
0.0,0.0360135453414448,27,5,32,0xc895b1f01a76f9b59fcf703b648392534d0ba48a,68.19819444444444,56.439885057471265,0.0011254232919201501,0.004511077987463043
0.01257,0.0,1,0,1,0xf2c261e90ba0c1650efbedc0fc32f25a48c337e1,0.0,0.0,0.01257,0.0
0.0226435453414448,0.0,1,0,1,0x124f45f68a16a39304aa6dbcffaf0c37c5ac276f,0.0,0.0,0.0226435453414448,0.0
0.0,0.0,0,4,4,0x0e366594a5578d5f2fc9f4a6402170bb34133ecd,16.1175,128.94,0.0,0.0
0.0,0.0,0,9,9,0x46ea0c865da3b7b78f3ad7b9b6aa41ef9a14dd45,47.90277777777778,143.70833333333334,0.0,0.0
0.0,0.0,0,8,8,0xe1454d9d16aed283f3375f7f6abf4dcf686ac16b,47.9025,164.23714285714286,0.0,0.0
0.0,0.0,0,4,4,0xfcc1f65b416de2f592a57e9cd23718eb16f77cec,29.457916666666666,235.66333333333333,0.0,0.0
