eth_sent,eth_received,num_sent_txs,num_received_txs,total_txs,address,account_age_days,avg_time_diff_hours,avg_tx_value,std_dev_tx_value
12.128183714148646,1.123837535624023,69,12,81,0xc94ebb328ac25b95db0e0aa968371885fa516215,1149.6348148148147,344.8904444444445,0.16360520061447736,0.32958413410661874
142.22605948547314,110.69800414405059,229,467,696,0x974caa59e49682cda0ad2bbe82983419a2ecc400,1019.3675,35.201179856115104,0.3633966431458675,3.5368659070206996
2.901090585314733,2.9484336299328664,8,17,25,0xc8d536b49f33b48d8b6a1c735356acba85d3b9b3,174.8373611111111,174.8373611111111,0.233980968609904,0.2247037217102173
229.51728115407397,0.0,656,0,656,0x46340b20830761efd32832a74d7169b29feb9758,1742.6767708333334,63.85380534351145,0.3498739041982835,0.8540319028239794
0.0,2.901090585314733,0,8,8,0xac6b155b674f85234e315f4f05f92c3281b6b0aa,162.78986111111112,558.1366666666667,0.36263632316434163,0.25884348940608903
