eth_sent,eth_received,num_sent_txs,num_received_txs,total_txs,address,account_age_days,avg_time_diff_hours,avg_tx_value,std_dev_tx_value
2785.09719086,88.48972635484162,110,198,308,0xf89d7b9c864f589bbf53a82105107622b35eaa40,989.0069444444445,77.31650380021716,9.329827653294942,52.24859152435264
0.0,0.04835,4,1,5,0xc924ff0ae87d6f226aa1a10eb2086cd5fd67db6b,374.19625,2245.1775,0.00967,0.021622777342422964
0.0,0.0,0,5741,5741,0xa0b86991c6218b36c1d19d4a2e9eb0ce3606eb48,1915.7207175925926,8.009982094463803,0.0,0.0
