eth_sent,eth_received,num_sent_txs,num_received_txs,total_txs,address
2785.09719086,88.48972635484162,110,198,308,0xf89d7b9c864f589bbf53a82105107622b35eaa40
0.0,0.04835,4,1,5,0xc924ff0ae87d6f226aa1a10eb2086cd5fd67db6b
0.0,0.0,0,5741,5741,0xa0b86991c6218b36c1d19d4a2e9eb0ce3606eb48
