eth_sent,eth_received,num_sent_txs,num_received_txs,total_txs,address
0.0088544695914,0.0,16,0,16,0xc5267f13b9b4ba7bb73bdd53a2a3c944733a2961
2.4503202858,4.901695168504,8,4,12,0xcb26ac37e67b907ae8d84dbb1ee978582ff77aec
19.73836394330364,11.193085245513336,558,69,627,0x8a1b73a88e1854dd3eebee4354bd4dba23861e3a
0.0,0.0,0,19,19,0xf57e7e7c23978c3caec3c3548e3d615c346e79ff
0.0,0.0,0,5741,5741,0xa0b86991c6218b36c1d19d4a2e9eb0ce3606eb48
0.0,0.0,0,2,2,0x9d65ff81a3c488d585bbfb0bfe3c7707c7917f54
205.92814491000001,31.8585258015,25,18,43,0xa9ac43f5b5e38155a288d1a01d2cbc4478e14573
