eth_sent,eth_received,num_sent_txs,num_received_txs,total_txs,address
0.0087,0.0,1,0,1,0xfbef8728e82147cd486c6fd8a21958fd372e50ef
0.0019826561270242,0.0087,10,8,18,0xcb3595721210a1deba6699be1eb30e342d8d96d0
0.0,0.025231237051992754,0,24,24,0x391e7c679d29bd940d63be94ad22a25d25b5a604
