eth_sent,eth_received,num_sent_txs,num_received_txs,total_txs,address
587.31141325,1.5142898999780352,261,4,265,0x3f5ce5fbfe3e9af3971dd833d26ba9b5c936f0be
0.040112906,0.0669546,4,3,7,0xcbb294246d97d9f893cb4e8ffc10cb20a3be4d20
294.24562943,0.0,240,0,240,0x9696f59e4d72e237be84ffd425dcad154bf96976
0.0,0.0,0,5741,5741,0xa0b86991c6218b36c1d19d4a2e9eb0ce3606eb48
0.0,0.4110129570766443,0,12,12,0x5584197ce066aabc11919ace52b6df5948b1e930
