eth_sent,eth_received,num_sent_txs,num_received_txs,total_txs,address,account_age_days,avg_time_diff_hours,avg_tx_value,std_dev_tx_value
587.31141325,1.5142898999780352,261,4,265,0x3f5ce5fbfe3e9af3971dd833d26ba9b5c936f0be,1340.3507523148148,121.85006839225589,2.2219837854716147,7.594647674432683
0.040112906,0.0669546,4,3,7,0xcbb294246d97d9f893cb4e8ffc10cb20a3be4d20,1594.0469328703705,7651.425277777777,0.015295358,0.020353489850177566
294.24562943,0.0,240,0,240,0x9696f59e4d72e237be84ffd425dcad154bf96976,1470.2332175925926,147.63848210134822,1.2260234559583334,5.8064564647822365
0.0,0.0,0,5741,5741,0xa0b86991c6218b36c1d19d4a2e9eb0ce3606eb48,1915.7207175925926,8.009982094463803,0.0,0.0
0.0,0.4110129570766443,0,12,12,0x5584197ce066aabc11919ace52b6df5948b1e930,17.648888888888887,38.50666666666667,0.034251079756387026,0.027881662504825003
