eth_sent,eth_received,num_sent_txs,num_received_txs,total_txs,in_degree,out_degree,sent_received_ratio,address,account_age_days,avg_time_diff_hours,avg_tx_value,std_dev_tx_value
294.24562943,0.0,240,0,240,0,64,294245629.43,0x9696f59e4d72e237be84ffd425dcad154bf96976,1470.2332175925926,147.63848210134822,1.2260234559583334,5.8064564647822365
0.0,0.4438,1396,5,1401,3,1,0.0,0xcc631d10038dc2be89f8d54f68d26464858464d5,274.62694444444446,4.707890476190475,0.000316773733047823,0.005420138099009851
2785.09719086,88.48972635484162,110,198,308,4,41,31.47367806538525,0xf89d7b9c864f589bbf53a82105107622b35eaa40,989.0069444444445,77.31650380021716,9.329827653294942,52.24859152435264
220.89019738,68.02912829920335,9,10,19,4,5,3.2469943339784404,0xa1abfa21f80ecf401bd41365adbb6fef6fefdf09,18.670555555555556,24.894074074074076,15.206280298905439,36.93143404936169
0.0,0.0,0,5741,5741,312,0,0.0,0xa0b86991c6218b36c1d19d4a2e9eb0ce3606eb48,1915.7207175925926,8.009982094463803,0.0,0.0
