eth_sent,eth_received,num_sent_txs,num_received_txs,total_txs,address
294.24562943,0.0,240,0,240,0x9696f59e4d72e237be84ffd425dcad154bf96976
0.0,0.4438,1396,5,1401,0xcc631d10038dc2be89f8d54f68d26464858464d5
2785.09719086,88.48972635484162,110,198,308,0xf89d7b9c864f589bbf53a82105107622b35eaa40
220.89019738,68.02912829920335,9,10,19,0xa1abfa21f80ecf401bd41365adbb6fef6fefdf09
0.0,0.0,0,5741,5741,0xa0b86991c6218b36c1d19d4a2e9eb0ce3606eb48
