eth_sent,eth_received,num_sent_txs,num_received_txs,total_txs,address
0.137742,0.0,3,0,3,0x4c9af439b1a6761b8e549d8d226a468a6b2803a8
0.2362,0.2364613622385413,3,3,6,0xcdd141e2f63d2751de35d489c59e50e308edcd8b
16.562199999999997,0.0,69,0,69,0x8216874887415e2650d12d53ff53516f04a74fd7
7.363898808055493,0.0,52,0,52,0x8c8d7c46219d9205f056f28fee5950ad564d7465
0.0,0.0852,0,2,2,0x3c0aa1c46321e0c28fc033cc270c289e9e8ca6e7
0.0,0.151,0,1,1,0x5d615aad2547f7dd0ebedeba059366f8472431c7
