eth_sent,eth_received,num_sent_txs,num_received_txs,total_txs,address,account_age_days,avg_time_diff_hours,avg_tx_value,std_dev_tx_value
0.137742,0.0,3,0,3,0x4c9af439b1a6761b8e549d8d226a468a6b2803a8,818.8225,9825.87,0.045914,0.057324568092572664
0.2362,0.2364613622385413,3,3,6,0xcdd141e2f63d2751de35d489c59e50e308edcd8b,14.959583333333333,71.806,0.07877689370642355,0.0648395758760914
16.562199999999997,0.0,69,0,69,0x8216874887415e2650d12d53ff53516f04a74fd7,1076.0808796296296,379.7932516339869,0.24003188405797102,0.4516020210750226
7.363898808055493,0.0,52,0,52,0x8c8d7c46219d9205f056f28fee5950ad564d7465,820.7776388888889,386.24830065359475,0.14161343861645184,0.12223791512637314
0.0,0.0852,0,2,2,0x3c0aa1c46321e0c28fc033cc270c289e9e8ca6e7,0.008472222222222223,0.20333333333333334,0.0426,0.05317442994522837
0.0,0.151,0,1,1,0x5d615aad2547f7dd0ebedeba059366f8472431c7,0.0,0.0,0.151,0.0
