eth_sent,eth_received,num_sent_txs,num_received_txs,total_txs,address
2.0,0.0,1,0,1,0x26bb8903ae41f16634deb4fee357d9b3e1aa0f2b
0.176,0.0,1,0,1,0x4858445e665398eadde92933cc65038811465d99
1.0,0.0,1,0,1,0x2c59a88e8cd7d83e3ad5ee001a3fd6a4f9eab15d
0.2,0.0,1,0,1,0x142a2892fb922620594c5a60f62453a9b2a42cad
6.0,0.0,1,0,1,0xff07e073c7b3d169e3d923d2673b264bcd259af7
9.47558,9.476,2,6,8,0xcda5dd8e13fdae006b270769b1a18fa6c5524ce0
0.1,0.0,1,0,1,0xdcedec93e4cdf0a4b21cf73fd63ee8c22767d7cf
0.0,9.37579,0,1,1,0xd54cf2667b3aa040615d434fe705620b517190f8
0.0,0.09979,0,1,1,0xf01e22ec250796557029a17fd2977c912dde3aa4
