eth_sent,eth_received,num_sent_txs,num_received_txs,total_txs,address
2785.09719086,88.48972635484162,110,198,308,0xf89d7b9c864f589bbf53a82105107622b35eaa40
1.7614427369010244,0.7597414879482475,31,5,36,0xce642d0810505ec89fa36b02354e51ee443a2a64
2.76320952312e-07,0.0,1,0,1,0x633e6fcb105e05f63765e0b0fcb90efec4d07b83
3.31627295137e-07,0.0,1,0,1,0x9db34959ea6197ff8674ecc8e6110d87f507d66c
229.51728115407397,0.0,656,0,656,0x46340b20830761efd32832a74d7169b29feb9758
0.0,0.0,0,91,91,0x6c3ea9036406852006290770bedfcaba0e23a0e8
0.0,1.066706231456981,0,5,5,0x9db3d8a60826e7a64341fa864dd5d1a8270ed66c
0.0,0.27632095231253,0,1,1,0x633e048a53a7c2a01eaa960d60f8e980fcfa7b83
0.0,0.41841555313151335,0,2,2,0xd9b6579fd91c61738e2cfbeae862d0e08c281b8b
