eth_sent,eth_received,num_sent_txs,num_received_txs,total_txs,address,account_age_days,avg_time_diff_hours,avg_tx_value,std_dev_tx_value
2785.09719086,88.48972635484162,110,198,308,0xf89d7b9c864f589bbf53a82105107622b35eaa40,989.0069444444445,77.31650380021716,9.329827653294942,52.24859152435264
1.7614427369010244,0.7597414879482475,31,5,36,0xce642d0810505ec89fa36b02354e51ee443a2a64,127.72597222222223,87.58352380952381,0.070032895134702,0.14528954933172153
2.76320952312e-07,0.0,1,0,1,0x633e6fcb105e05f63765e0b0fcb90efec4d07b83,0.0,0.0,2.76320952312e-07,0.0
3.31627295137e-07,0.0,1,0,1,0x9db34959ea6197ff8674ecc8e6110d87f507d66c,0.0,0.0,3.31627295137e-07,0.0
229.51728115407397,0.0,656,0,656,0x46340b20830761efd32832a74d7169b29feb9758,1742.6767708333334,63.85380534351145,0.3498739041982835,0.8540319028239794
0.0,0.0,0,91,91,0x6c3ea9036406852006290770bedfcaba0e23a0e8,713.1154166666666,190.1641111111111,0.0,0.0
0.0,1.066706231456981,0,5,5,0x9db3d8a60826e7a64341fa864dd5d1a8270ed66c,65.95694444444445,395.7416666666667,0.21334124629139622,0.15337112834525743
0.0,0.27632095231253,0,1,1,0x633e048a53a7c2a01eaa960d60f8e980fcfa7b83,0.0,0.0,0.27632095231253,0.0
0.0,0.41841555313151335,0,2,2,0xd9b6579fd91c61738e2cfbeae862d0e08c281b8b,26.902916666666666,645.67,0.20920777656575668,0.21730874468219188
