eth_sent,eth_received,num_sent_txs,num_received_txs,total_txs,address
19.409499999999998,0.0,57,0,57,0x1d17a5c5387bc565a9db9d5c056043d4915a09c9
11.456,0.0,41,0,41,0xb91a89a0a3bb7714546a5a25e8edeaaaecbd3f83
7.4987,0.0,30,0,30,0xfa19ba3114f91a4fe8dcc7e73a71cbab4f400108
23.833,11.9300020003,102,9,111,0xdb336b67b3e2d09b7a2a86b411e4b02c813e06d3
2.7789,0.0,11,0,11,0xee9398fd10fd6671167bd44504531724f0c9fc46
1.796,0.0,9,0,9,0xf057783bdd4321e07744211a34957f8302855d67
0.0,66.7721,0,250,250,0xce03525b24bb7312584b5c6fe0a55a7739cd6162
