eth_sent,eth_received,num_sent_txs,num_received_txs,total_txs,address,account_age_days,avg_time_diff_hours,avg_tx_value,std_dev_tx_value
3.2700000000000005,3.354218,1489,5,1494,0x2c61206798f1ab3bce5833ecdd4a78aeba2e6b36,42.350138888888885,0.6807791917838802,0.004433880856760375,0.07538638871665079
0.0,0.0,0,1411,1411,0xceb550db4b2f889782936bbedfe42ab406e8243d,40.36236111111111,0.6870189125295508,0.0,0.0
