eth_sent,eth_received,num_sent_txs,num_received_txs,total_txs,address
38.0,0.0,1,0,1,0x0076c3d27f52ee938e37964c98d89e35b300afad
10.1,0.0,1,0,1,0xdee4e5856c571e61e6cd83e7d6ca9ac6d8bd3adf
0.5,0.0,1,0,1,0x269ee680133db82f018407ed086fd616d9d0d951
20.0,0.0,1,0,1,0x23afdacb2d3a5257d726808b507dc5599617ac55
68.59664000000001,68.6,4,4,8,0xce52d38539e1e557f184f1073a59f69c9ba95f28
0.0,19.0,0,1,1,0xedea2e5be24e0461fefde26af224499b3d5fe67d
0.0,19.0,0,1,1,0x670656da022dcf8b8f0bdb59b9a11baafe6567a9
0.0,19.0,0,1,1,0xa78344cbadc9cfcc35749347319ed2c7f00e13a1
0.0,11.59664,0,1,1,0x0871a6b99673c1fa624070cc40010829090cc6e6
