eth_sent,eth_received,num_sent_txs,num_received_txs,total_txs,address
0.0,0.0,262,0,262,0xf24246e0d5399ea85dbdadcfdbc9e8f14490db58
0.0,0.0,56,0,56,0xe955fcb527fce15b520df47e8a962a09db792535
0.0,0.0,1,0,1,0x860345175ac6b2913c2f31d69fbba27ec5b418d4
0.0,0.0,1,0,1,0x50fdd6b9d055b4813b0569c62a7ac81d11737200
0.0,0.0,146,0,146,0xaa00438e14965a642532f1ff659b87e07dde64fc
0.0,0.0,1,0,1,0x527bb71155d34969c1cdbe5ba9ae8fd0565e41fa
0.30000000000000004,0.0,4,0,4,0x9debb6d643929ff60570166b6a0017f1c9c0b5cc
0.0,0.0,4,0,4,0xf084f864a4bfb78df8acfe03d367e9376a0b0898
0.0,0.30000000000000004,0,17,17,0xcec962222291e09a07c0bd0a110d2211e0358b28
