eth_sent,eth_received,num_sent_txs,num_received_txs,total_txs,address,account_age_days,avg_time_diff_hours,avg_tx_value,std_dev_tx_value
19.409499999999998,0.0,57,0,57,0x1d17a5c5387bc565a9db9d5c056043d4915a09c9,115.45277777777778,49.47976190476191,0.3405175438596491,0.25096050708286394
11.456,0.0,41,0,41,0xb91a89a0a3bb7714546a5a25e8edeaaaecbd3f83,154.3659722222222,92.61958333333334,0.27941463414634143,0.1887247964113031
7.4987,0.0,30,0,30,0xfa19ba3114f91a4fe8dcc7e73a71cbab4f400108,0.01625,0.013448275862068966,0.2499566666666667,0.00023734644158557118
23.833,11.9300020003,102,9,111,0xdb336b67b3e2d09b7a2a86b411e4b02c813e06d3,1028.8980555555556,224.48684848484848,0.32218920720990996,0.5655886011941166
2.7789,0.0,11,0,11,0xee9398fd10fd6671167bd44504531724f0c9fc46,0.008194444444444445,0.019666666666666666,0.25262727272727276,0.008713677858297363
1.796,0.0,9,0,9,0xf057783bdd4321e07744211a34957f8302855d67,0.010555555555555556,0.03166666666666667,0.19955555555555557,0.06728133305589135
0.0,66.7721,0,250,250,0xce03525b24bb7312584b5c6fe0a55a7739cd6162,178.61805555555554,17.21619812583668,0.2670884,0.1486901467630511
