eth_sent,eth_received,num_sent_txs,num_received_txs,total_txs,in_degree,out_degree,sent_received_ratio,address,account_age_days,avg_time_diff_hours,avg_tx_value,std_dev_tx_value
38.0,0.0,1,0,1,0,1,38000000.0,0x0076c3d27f52ee938e37964c98d89e35b300afad,0.0,0.0,38.0,0.0
10.1,0.0,1,0,1,0,1,10100000.0,0xdee4e5856c571e61e6cd83e7d6ca9ac6d8bd3adf,0.0,0.0,10.1,0.0
0.5,0.0,1,0,1,0,1,500000.0,0x269ee680133db82f018407ed086fd616d9d0d951,0.0,0.0,0.5,0.0
20.0,0.0,1,0,1,0,1,20000000.0,0x23afdacb2d3a5257d726808b507dc5599617ac55,0.0,0.0,20.0,0.0
68.59664000000001,68.6,4,4,8,4,4,0.9999510058316182,0xce52d38539e1e557f184f1073a59f69c9ba95f28,3.241701388888889,11.114404761904762,17.14958,10.762881357958273
0.0,19.0,0,1,1,1,0,0.0,0xedea2e5be24e0461fefde26af224499b3d5fe67d,0.0,0.0,19.0,0.0
0.0,19.0,0,1,1,1,0,0.0,0x670656da022dcf8b8f0bdb59b9a11baafe6567a9,0.0,0.0,19.0,0.0
0.0,19.0,0,1,1,1,0,0.0,0xa78344cbadc9cfcc35749347319ed2c7f00e13a1,0.0,0.0,19.0,0.0
0.0,11.59664,0,1,1,1,0,0.0,0x0871a6b99673c1fa624070cc40010829090cc6e6,0.0,0.0,11.59664,0.0
