eth_sent,eth_received,num_sent_txs,num_received_txs,total_txs,address
3.2700000000000005,3.354218,1489,5,1494,0x2c61206798f1ab3bce5833ecdd4a78aeba2e6b36
0.0,0.0,0,1411,1411,0xceb550db4b2f889782936bbedfe42ab406e8243d
