eth_sent,eth_received,num_sent_txs,num_received_txs,total_txs,in_degree,out_degree,sent_received_ratio,address,account_age_days,avg_time_diff_hours,avg_tx_value,std_dev_tx_value
0.0,0.0,262,0,262,0,81,0.0,0xf24246e0d5399ea85dbdadcfdbc9e8f14490db58,79.83940972222223,7.3415549169859515,0.0,0.0
0.0,0.0,56,0,56,0,54,0.0,0xe955fcb527fce15b520df47e8a962a09db792535,27.891018518518518,12.170626262626262,0.0,0.0
0.0,0.0,1,0,1,0,1,0.0,0x860345175ac6b2913c2f31d69fbba27ec5b418d4,0.0,0.0,0.0,0.0
0.0,0.0,1,0,1,0,1,0.0,0x50fdd6b9d055b4813b0569c62a7ac81d11737200,0.0,0.0,0.0,0.0
0.0,0.0,146,0,146,0,77,0.0,0xaa00438e14965a642532f1ff659b87e07dde64fc,135.26697916666666,22.38901724137931,0.0,0.0
0.0,0.0,1,0,1,0,1,0.0,0x527bb71155d34969c1cdbe5ba9ae8fd0565e41fa,0.0,0.0,0.0,0.0
0.30000000000000004,0.0,4,0,4,0,1,300000.00000000006,0x9debb6d643929ff60570166b6a0017f1c9c0b5cc,16.447094907407408,131.57675925925926,0.07500000000000001,0.05
0.0,0.0,4,0,4,0,1,0.0,0xf084f864a4bfb78df8acfe03d367e9376a0b0898,26.983634259259258,215.86907407407406,0.0,0.0
0.0,0.30000000000000004,0,17,17,8,0,0.0,0xcec962222291e09a07c0bd0a110d2211e0358b28,317.7447569444444,476.61713541666666,0.017647058823529415,0.03929526239966879
