eth_sent,eth_received,num_sent_txs,num_received_txs,total_txs,in_degree,out_degree,sent_received_ratio,address,account_age_days,avg_time_diff_hours,avg_tx_value,std_dev_tx_value
0.0075528142492748,0.0,1,0,1,0,1,7552.8142492748,0x3a94c07d9620dba5acae9c24654bfe20b7af2229,0.0,0.0,0.0075528142492748,0.0
0.0013365583928427,0.0,1,0,1,0,1,1336.5583928427002,0x39ca79d7998f00e9b4758ada27f41687474e7e3b,0.0,0.0,0.0013365583928427,0.0
0.0223410433506435,0.0344822305010463,6,11,17,4,2,0.6478813912161049,0xcfc186d74af233e5e1052fffaea6f817d984406d,160.7302777777778,241.09541666666667,0.0033425455206876355,0.0034946817316188874
0.011792857858928802,0.0,5,0,5,0,1,11792.857858928803,0x764ce6cf88e5e1cbc578f933dbcb8ccda4ceb461,106.73819444444445,640.4291666666667,0.0023585715717857605,0.0016180903277526078
0.0208,0.0148809260312137,5,3,8,1,2,1.397668551528451,0x0450ddbcfc2f71f170177efd73cbb57842e39808,0.9484722222222223,3.251904761904762,0.0044601157539017125,0.002589655420405223
0.0,0.0,0,5,5,5,0,0.0,0xa0b73e1ff0b80914ab6fe0444e65848c4c34450b,1522.3825,9134.295,0.0,0.0
5.474328274967189,0.0223410433506435,28,5,33,1,4,245.02361709048947,0xd2674da94285660c9b2353131bef2d8211369a4b,405.04,303.78,0.1665657369187222,0.2852243295707698
