eth_sent,eth_received,num_sent_txs,num_received_txs,total_txs,address
0.0075528142492748,0.0,1,0,1,0x3a94c07d9620dba5acae9c24654bfe20b7af2229
0.0013365583928427,0.0,1,0,1,0x39ca79d7998f00e9b4758ada27f41687474e7e3b
0.0223410433506435,0.0344822305010463,6,11,17,0xcfc186d74af233e5e1052fffaea6f817d984406d
0.011792857858928802,0.0,5,0,5,0x764ce6cf88e5e1cbc578f933dbcb8ccda4ceb461
0.0208,0.0148809260312137,5,3,8,0x0450ddbcfc2f71f170177efd73cbb57842e39808
0.0,0.0,0,5,5,0xa0b73e1ff0b80914ab6fe0444e65848c4c34450b
5.474328274967189,0.0223410433506435,28,5,33,0xd2674da94285660c9b2353131bef2d8211369a4b
