eth_sent,eth_received,num_sent_txs,num_received_txs,total_txs,in_degree,out_degree,sent_received_ratio,address,account_age_days,avg_time_diff_hours,avg_tx_value,std_dev_tx_value
142.22605948547314,110.69800414405059,229,467,696,9,21,1.2848114046896808,0x974caa59e49682cda0ad2bbe82983419a2ecc400,1019.3675,35.201179856115104,0.3633966431458675,3.5368659070206996
0.0069703071031515,0.0080113808481,3,2,5,1,2,0.8699420603308429,0xd0f625f9db07a825006ece2653cdc8e42779a710,1.7893055555555555,10.735833333333334,0.0029963375902503,0.003723088048869413
0.0,0.0,0,5741,5741,312,0,0.0,0xa0b86991c6218b36c1d19d4a2e9eb0ce3606eb48,1915.7207175925926,8.009982094463803,0.0,0.0
