eth_sent,eth_received,num_sent_txs,num_received_txs,total_txs,address,account_age_days,avg_time_diff_hours,avg_tx_value,std_dev_tx_value
0.0114621931750461,0.0030799384699373,28,1,29,0xd03dd7dd658cea40147bc8564a128576182a4b96,17.314166666666665,14.840714285714286,0.0005014528153442552,0.0008145693796037946
3.6009347903905224,0.0,68,0,68,0x1c727a55ea3c11b0ab7d3a361fe0f3c47ce6de5d,530.3765277777778,189.98562189054726,0.05295492338809592,0.0669378777478911
0.0,71.69771557070139,0,931,931,0x0000000000001ff3684f28c67538d4d072c22734,301.1926388888889,7.772713261648746,0.07701150974296604,1.0450143511542198
0.0,0.0,0,4,4,0xff20817765cb7f73d4bde2e66e067e58d11095c2,61.279583333333335,490.2366666666667,0.0,0.0
0.0,0.0,0,5741,5741,0xa0b86991c6218b36c1d19d4a2e9eb0ce3606eb48,1915.7207175925926,8.009982094463803,0.0,0.0
0.0,129.6778677068854,0,469,469,0x1231deb6f5749ef6ce6943a275a1d3e7486f4eae,708.1729166666667,36.316559829059834,0.27649865182704775,1.3215193889971413
0.0,0.0,0,42,42,0xa35923162c49cf95e6bf26623385eb431ad920d3,429.50416666666666,251.4170731707317,0.0,0.0
0.0,342.2253157085877,0,1408,1408,0xc02aaa39b223fe8d0a0e5c4f27ead9083c756cc2,2570.0885763888887,43.839463989575925,0.2430577526339401,1.0409589884521075
