eth_sent,eth_received,num_sent_txs,num_received_txs,total_txs,address
142.22605948547314,110.69800414405059,229,467,696,0x974caa59e49682cda0ad2bbe82983419a2ecc400
0.0069703071031515,0.0080113808481,3,2,5,0xd0f625f9db07a825006ece2653cdc8e42779a710
0.0,0.0,0,5741,5741,0xa0b86991c6218b36c1d19d4a2e9eb0ce3606eb48
