eth_sent,eth_received,num_sent_txs,num_received_txs,total_txs,address
0.0114621931750461,0.0030799384699373,28,1,29,0xd03dd7dd658cea40147bc8564a128576182a4b96
3.6009347903905224,0.0,68,0,68,0x1c727a55ea3c11b0ab7d3a361fe0f3c47ce6de5d
0.0,71.69771557070139,0,931,931,0x0000000000001ff3684f28c67538d4d072c22734
0.0,0.0,0,4,4,0xff20817765cb7f73d4bde2e66e067e58d11095c2
0.0,0.0,0,5741,5741,0xa0b86991c6218b36c1d19d4a2e9eb0ce3606eb48
0.0,129.6778677068854,0,469,469,0x1231deb6f5749ef6ce6943a275a1d3e7486f4eae
0.0,0.0,0,42,42,0xa35923162c49cf95e6bf26623385eb431ad920d3
0.0,342.2253157085877,0,1408,1408,0xc02aaa39b223fe8d0a0e5c4f27ead9083c756cc2
