eth_sent,eth_received,num_sent_txs,num_received_txs,total_txs,address,account_age_days,avg_time_diff_hours,avg_tx_value,std_dev_tx_value
0.024177495993798197,0.0,3,0,3,0xf67781d262b8d693388499b5b97223ba605b62f7,1.2670833333333333,15.205,0.008059165331266065,0.008783774641144715
0.022082015038187897,0.024177495993798197,3,3,6,0xd283e15c554d8facfd2edaafc7e28ad13f7ab703,1.2694444444444444,6.093333333333334,0.007709918505331016,0.008085557539206693
0.0,0.4110129570766443,0,12,12,0x5584197ce066aabc11919ace52b6df5948b1e930,17.648888888888887,38.50666666666667,0.034251079756387026,0.027881662504825003
0.0,47.694851903352884,0,276,276,0x3c11f6265ddec22f4d049dde480615735f451646,679.0563888888889,59.26310303030303,0.17280743443243796,0.5809900742604839
