eth_sent,eth_received,num_sent_txs,num_received_txs,total_txs,address
0.024177495993798197,0.0,3,0,3,0xf67781d262b8d693388499b5b97223ba605b62f7
0.022082015038187897,0.024177495993798197,3,3,6,0xd283e15c554d8facfd2edaafc7e28ad13f7ab703
0.0,0.4110129570766443,0,12,12,0x5584197ce066aabc11919ace52b6df5948b1e930
0.0,47.694851903352884,0,276,276,0x3c11f6265ddec22f4d049dde480615735f451646
