eth_sent,eth_received,num_sent_txs,num_received_txs,total_txs,address,account_age_days,avg_time_diff_hours,avg_tx_value,std_dev_tx_value
0.0,0.0,6,1,7,0xd21f4085d4774e28f04acb230b8976bb4291779f,167.1976388888889,802.5486666666667,0.0,0.0
0.0,0.0,0,5741,5741,0xa0b86991c6218b36c1d19d4a2e9eb0ce3606eb48,1915.7207175925926,8.009982094463803,0.0,0.0
0.0,0.0,0,175,175,0x2260fac5e5542a773aa44fbcfedf7c193bc2c599,1034.01,142.62206896551726,0.0,0.0
0.0,0.0,0,207,207,0x6b175474e89094c44da98b954eedeac495271d0f,1840.8956365740742,214.47327804746493,0.0,0.0
0.0,0.0,0,11205,11205,0xdac17f958d2ee523a2206206994597c13d831ec7,1959.5113425925927,4.197453786346146,0.0,0.0
