eth_sent,eth_received,num_sent_txs,num_received_txs,total_txs,address,account_age_days,avg_time_diff_hours,avg_tx_value,std_dev_tx_value
0.5,0.0,1,0,1,0x4b01629a1baf82d8ab62726776b1332539e51cec,0.0,0.0,0.5,0.0
4.5,0.0,1,0,1,0x3ee4e74bbbe073fd4c01f34ef3bb9e4be7d50e44,0.0,0.0,4.5,0.0
0.16979,0.0,1,0,1,0xc548bcfcff81cf21c7cf67a17bd3573a90baa3cc,0.0,0.0,0.16979,0.0
10.0,0.0,1,0,1,0x4113c6ce4fb936d087e92a55d5b3bfdd275b1d3f,0.0,0.0,10.0,0.0
15.16958,15.169789999999999,1,4,5,0xd3d7c71e4c5b1ff2f42fbb9b4a21f3373aa8b3b0,46.08068287037037,276.4840972222222,6.067874,6.452703147153137
0.0,16.11275922,0,2,2,0x4ce59b9b7c1bf58d7c27f83302cf2eb599c44d92,0.015,0.36,8.05637961,10.05958446341559
