eth_sent,eth_received,num_sent_txs,num_received_txs,total_txs,address
0.00682,0.0,2,0,2,0x39ed671ab729138e72ad218f493295078990021c
0.001245,0.00682,9,2,11,0xd4161e709cedeb984eaafc7ad6da4eb0d84e6910
0.0,47.694851903352884,0,276,276,0x3c11f6265ddec22f4d049dde480615735f451646
0.0,0.0,0,1,1,0x617a415e16de346f5c1e88ecac5a2ea76a4c19e1
