eth_sent,eth_received,num_sent_txs,num_received_txs,total_txs,address
5.098616943216402,0.0,2,0,2,0x13b1e4dd60173f16e0bcb28e829777fb474d96fc
0.0,5.098616943216402,1301,2,1303,0xd43fecd45be0d98f688e8570de63ea064ee759da
0.0,0.0,0,52,52,0x5faa989af96af85384b8a938c2ede4a7378d9875
0.0,0.0,0,1251,1251,0x9c7beba8f6ef6643abd725e45a4e8387ef260649
