eth_sent,eth_received,num_sent_txs,num_received_txs,total_txs,address,account_age_days,avg_time_diff_hours,avg_tx_value,std_dev_tx_value
5.098616943216402,0.0,2,0,2,0x13b1e4dd60173f16e0bcb28e829777fb474d96fc,0.0019444444444444444,0.04666666666666667,2.549308471608201,3.4648239073534293
0.0,5.098616943216402,1301,2,1303,0xd43fecd45be0d98f688e8570de63ea064ee759da,386.29819444444445,7.120704045058884,0.003912983072307292,0.1385213810987608
0.0,0.0,0,52,52,0x5faa989af96af85384b8a938c2ede4a7378d9875,4.166388888888889,1.9606535947712418,0.0,0.0
0.0,0.0,0,1251,1251,0x9c7beba8f6ef6643abd725e45a4e8387ef260649,379.0363888888889,7.277498666666667,0.0,0.0
