eth_sent,eth_received,num_sent_txs,num_received_txs,total_txs,address,account_age_days,avg_time_diff_hours,avg_tx_value,std_dev_tx_value
30.349568201292694,0.0567308016996215,279,13,292,0xf70da97812cb96acdf810712aa562db8dfa3dbef,541.1308333333334,44.6293470790378,0.10413116096915177,0.4757862062565904
0.0016630248111164571,0.0020560804313636922,11,2,13,0xd5993ccd5e607d573ee41f7d5c4d3b7a3abea295,61.605,123.21,0.00028608501865231916,0.0006522610747212398
0.0,15.14599490211477,0,242,242,0xa5f565650890fba1824ee0f21ebbbf660a179934,412.8238888888889,41.11109266943292,0.06258675579386268,0.1670995156025629
0.0,0.0,0,51,51,0x26d85a13212433fe6a8381969c2b0db390a0b0ae,2.902361111111111,1.3931333333333333,0.0,0.0
0.0,0.002813024811116457,0,14,14,0x4cd00e387622c35bddb9b4c962c136462338bc31,9.094444444444445,16.78974358974359,0.00020093034365117548,0.0006624530207200976
