eth_sent,eth_received,num_sent_txs,num_received_txs,total_txs,in_degree,out_degree,sent_received_ratio,address,account_age_days,avg_time_diff_hours,avg_tx_value,std_dev_tx_value
0.5012082680804737,0.31079903999999997,8,3,11,3,5,1.6126390076412918,0x5d6bbf7012eeaeb0b2abee27c3408d160a2e5dbd,119.58791666666667,318.9011111111111,0.07381884618913398,0.11855406792367042
0.0780332102248219,0.0,2,0,2,0,1,78033.2102248219,0x97a0d3bdc00a2b0abeba3867c37d15ad8ead15af,24.995416666666667,599.89,0.03901660511241095,0.032596713182588916
0.089296857484,0.10617797727756711,3,4,7,2,2,0.8410031794765284,0xd667a0b33bc210dbced5dc17051da6204bb5f4d3,494.8525,1979.41,0.027924976394509585,0.027771210168645425
6.2380582906379995,4466.4088900013485,66,110,176,8,24,0.0013966608169722354,0x1ab4973a48dc892cd9971ece8e01dcc7688f8f23,560.7894444444445,76.90826666666666,25.412766751659024,46.3532283537195
0.0,0.0,0,58,58,24,0,0.0,0xec53bf9167f50cdeb3ae105f56099aaab9061f83,447.59791666666666,188.4622807017544,0.0,0.0
