eth_sent,eth_received,num_sent_txs,num_received_txs,total_txs,address
0.5012082680804737,0.31079903999999997,8,3,11,0x5d6bbf7012eeaeb0b2abee27c3408d160a2e5dbd
0.0780332102248219,0.0,2,0,2,0x97a0d3bdc00a2b0abeba3867c37d15ad8ead15af
0.089296857484,0.10617797727756711,3,4,7,0xd667a0b33bc210dbced5dc17051da6204bb5f4d3
6.2380582906379995,4466.4088900013485,66,110,176,0x1ab4973a48dc892cd9971ece8e01dcc7688f8f23
0.0,0.0,0,58,58,0xec53bf9167f50cdeb3ae105f56099aaab9061f83
