eth_sent,eth_received,num_sent_txs,num_received_txs,total_txs,address,account_age_days,avg_time_diff_hours,avg_tx_value,std_dev_tx_value
0.007,0.0,1,0,1,0xe074e40583e8f3f12d2a9b01763ffed2a049496d,0.0,0.0,0.007,0.0
0.0051,0.007,12,11,23,0xd7bf5981ac6c6e0467bfd4cdab48646f3da5a00f,456.8888888888889,913.7777777777778,0.0005260869565217391,0.001753494534637605
0.0,0.005,0,1,1,0x5700d00615eaaa4825e680ec27177b1f8e8cf385,0.0,0.0,0.005,0.0
0.0,79.06316259879999,0,260,260,0xb2ecfe4e4d61f8790bbb9de2d1259b9e2410cea5,755.8331944444444,70.03859716859716,0.30408908691846154,1.3008649687041043
