eth_sent,eth_received,num_sent_txs,num_received_txs,total_txs,in_degree,out_degree,sent_received_ratio,address,account_age_days,avg_time_diff_hours,avg_tx_value,std_dev_tx_value
0.0149254863407529,0.0,1,0,1,0,1,14925.486340752901,0xc5c62382c7bc23c7665820c1c49dff7830e6ec45,0.0,0.0,0.0149254863407529,0.0
0.0142206253407529,0.0242254863407529,4,3,7,3,2,0.586986702930647,0xd7e00fab046827935dba7117d9e2266c280aac18,441.40375,1765.615,0.005492301668786543,0.006684916906032774
0.539316476804537,8.560411640294056,30,3,33,2,9,0.06300122429448811,0xe8832a868c091263ed190a9f4be304a03895dd91,305.3543055555556,229.01572916666666,0.2757493368817755,0.8853324113268454
1180.83604998,16032.761666857281,297,237,534,8,72,0.07365144411441965,0x28c6c06298d514db089934071355e5743bf21d60,1532.6296527777777,69.01146654158849,32.23520171692374,74.22571340519141
0.0,0.0,0,11205,11205,394,0,0.0,0xdac17f958d2ee523a2206206994597c13d831ec7,1959.5113425925927,4.197453786346146,0.0,0.0
13.34171331333068,317.70315141139173,91,84,175,5,21,0.0419942742527609,0x75e89d5979e4f6fba9f97c104c2f0afb3f1dcb88,1523.5856134259259,210.14973978288634,1.8916849412841277,3.2961774997222135
