eth_sent,eth_received,num_sent_txs,num_received_txs,total_txs,address
382.3806886357,0.9444430823469055,292,6,298,0x267be1c1d684f78cb4f6a176c4911b741e4ffdc0
0.00066,0.001,5,1,6,0xd702e6e18d1429d958b0f09b2182255161557c58
0.0,0.0,0,11205,11205,0xdac17f958d2ee523a2206206994597c13d831ec7
0.0,0.00066,0,2,2,0x514e95f2bacd695340cc804e6f4407bcf32d8628
