eth_sent,eth_received,num_sent_txs,num_received_txs,total_txs,address
0.0149254863407529,0.0,1,0,1,0xc5c62382c7bc23c7665820c1c49dff7830e6ec45
0.0142206253407529,0.0242254863407529,4,3,7,0xd7e00fab046827935dba7117d9e2266c280aac18
0.539316476804537,8.560411640294056,30,3,33,0xe8832a868c091263ed190a9f4be304a03895dd91
1180.83604998,16032.761666857281,297,237,534,0x28c6c06298d514db089934071355e5743bf21d60
0.0,0.0,0,11205,11205,0xdac17f958d2ee523a2206206994597c13d831ec7
13.34171331333068,317.70315141139173,91,84,175,0x75e89d5979e4f6fba9f97c104c2f0afb3f1dcb88
