eth_sent,eth_received,num_sent_txs,num_received_txs,total_txs,address,account_age_days,avg_time_diff_hours,avg_tx_value,std_dev_tx_value
0.0,0.0,5,0,5,0x0f91014dbb4e8625e912b96c767d4b3cc0dd607a,0.0,0.0,0.0,0.0
0.0,0.0,1,0,1,0x9303fc38f3867d8bd383d5c61d4e59712ef6c6b6,0.0,0.0,0.0,0.0
0.0,0.0,2,0,2,0x82c26b69766dece2343989efbaf9a128fbf830c5,0.00125,0.03,0.0,0.0
0.0,0.0,4,0,4,0xec037053be6369358ff3dc78d6ff9d83f333c4b1,0.04763888888888889,0.3811111111111111,0.0,0.0
0.0,0.0,1,0,1,0x260250f404fe130dde634c4e4c4e052dd664a8a3,0.0,0.0,0.0,0.0
0.0,0.0,2,0,2,0x5071b0eedf477c3753c21b6631f57c4c18484e4f,0.018333333333333333,0.44,0.0,0.0
0.6721848504254774,0.116120132521688,80,9,89,0x1885aef3bdbce473da29d71fa2ff964c84db760a,1249.8525462962964,344.7869093231162,0.008857359358956913,0.03933713502424523
0.0,0.0,0,19,19,0xd7ce67efc35fd53a51043c6fd0d57064af2526d7,0.8143055555555555,1.0857407407407407,0.0,0.0
