eth_sent,eth_received,num_sent_txs,num_received_txs,total_txs,address
0.0,0.0,5,0,5,0x0f91014dbb4e8625e912b96c767d4b3cc0dd607a
0.0,0.0,1,0,1,0x9303fc38f3867d8bd383d5c61d4e59712ef6c6b6
0.0,0.0,2,0,2,0x82c26b69766dece2343989efbaf9a128fbf830c5
0.0,0.0,4,0,4,0xec037053be6369358ff3dc78d6ff9d83f333c4b1
0.0,0.0,1,0,1,0x260250f404fe130dde634c4e4c4e052dd664a8a3
0.0,0.0,2,0,2,0x5071b0eedf477c3753c21b6631f57c4c18484e4f
0.6721848504254774,0.116120132521688,80,9,89,0x1885aef3bdbce473da29d71fa2ff964c84db760a
0.0,0.0,0,19,19,0xd7ce67efc35fd53a51043c6fd0d57064af2526d7
