eth_sent,eth_received,num_sent_txs,num_received_txs,total_txs,address,account_age_days,avg_time_diff_hours,avg_tx_value,std_dev_tx_value
382.3806886357,0.9444430823469055,292,6,298,0x267be1c1d684f78cb4f6a176c4911b741e4ffdc0,2954.578622685185,238.75382809577255,1.2863259453625733,7.159234666486514
0.00066,0.001,5,1,6,0xd702e6e18d1429d958b0f09b2182255161557c58,5.198472222222223,24.95266666666667,0.00027666666666666665,0.0004040627014049511
0.0,0.0,0,11205,11205,0xdac17f958d2ee523a2206206994597c13d831ec7,1959.5113425925927,4.197453786346146,0.0,0.0
0.0,0.00066,0,2,2,0x514e95f2bacd695340cc804e6f4407bcf32d8628,0.01375,0.33,0.00033,0.00024041630560342616
