eth_sent,eth_received,num_sent_txs,num_received_txs,total_txs,in_degree,out_degree,sent_received_ratio,address,account_age_days,avg_time_diff_hours,avg_tx_value,std_dev_tx_value
0.03767806,0.0,1,0,1,0,1,37678.06,0xbfa5cd11cdab834a10846a08e37a028ec5ef88e4,0.0,0.0,0.03767806,0.0
0.0,0.03767806,9,9,18,2,2,0.0,0xd79f786887cfe1a6b2444d20c6bd849a55dd1da8,7.135277777777778,19.02740740740741,0.0020932255555555553,0.008880803909317869
0.0,0.0,0,11205,11205,394,0,0.0,0xdac17f958d2ee523a2206206994597c13d831ec7,1959.5113425925927,4.197453786346146,0.0,0.0
