eth_sent,eth_received,num_sent_txs,num_received_txs,total_txs,in_degree,out_degree,sent_received_ratio,address,account_age_days,avg_time_diff_hours,avg_tx_value,std_dev_tx_value
0.00162026,0.0,1,0,1,0,1,1620.2600000000002,0x8344f459ea7c04799867da59447f3e7282b9ecf1,0.0,0.0,0.00162026,0.0
0.0025064700000000002,0.00309704,6,2,8,2,3,0.8090502382151296,0xd88fbd81fe8d1e6a8948561989bae7546590dab6,45.06138888888889,154.49619047619046,0.00070043875,0.0007589660473195942
0.00147678,0.00153159,1,1,2,1,1,0.9635845203218083,0xa9707df680310237e494ab06270baa086a5b09bd,0.0009722222222222222,0.023333333333333334,0.001504185,3.8756522676834654e-05
0.0,0.0,0,5741,5741,312,0,0.0,0xa0b86991c6218b36c1d19d4a2e9eb0ce3606eb48,1915.7207175925926,8.009982094463803,0.0,0.0
0.0,0.00132325,0,1,1,1,0,0.0,0x360949fcd5db7852337890eed97a4574f66eb2d4,0.0,0.0,0.00132325,0.0
0.0037495688254407,0.00262078,3,3,6,2,1,1.4301615030401864,0xf8323469127666a468e3c79c23fd22f049eee042,11.051527777777778,53.047333333333334,0.001061724804240117,0.00031931367183659796
