eth_sent,eth_received,num_sent_txs,num_received_txs,total_txs,address,account_age_days,avg_time_diff_hours,avg_tx_value,std_dev_tx_value
0.003928,0.0,1,0,1,0xf0ea0b8741283a4047e2c01a797702a4e5673725,0.0,0.0,0.003928,0.0
0.0,0.003928,7,8,15,0xd8c84d4f9fbccef688617e721bfb62a20c364266,254.0690277777778,871.0938095238095,0.00026186666666666667,0.001014205238926849
