eth_sent,eth_received,num_sent_txs,num_received_txs,total_txs,address
0.00162026,0.0,1,0,1,0x8344f459ea7c04799867da59447f3e7282b9ecf1
0.0025064700000000002,0.00309704,6,2,8,0xd88fbd81fe8d1e6a8948561989bae7546590dab6
0.00147678,0.00153159,1,1,2,0xa9707df680310237e494ab06270baa086a5b09bd
0.0,0.0,0,5741,5741,0xa0b86991c6218b36c1d19d4a2e9eb0ce3606eb48
0.0,0.00132325,0,1,1,0x360949fcd5db7852337890eed97a4574f66eb2d4
0.0037495688254407,0.00262078,3,3,6,0xf8323469127666a468e3c79c23fd22f049eee042
