eth_sent,eth_received,num_sent_txs,num_received_txs,total_txs,address
0.003928,0.0,1,0,1,0xf0ea0b8741283a4047e2c01a797702a4e5673725
0.0,0.003928,7,8,15,0xd8c84d4f9fbccef688617e721bfb62a20c364266
