eth_sent,eth_received,num_sent_txs,num_received_txs,total_txs,address
263.71340714,1.1854973583232489,275,2,277,0xd924bd8c854bca29533899d02dbd94472bfeb648
0.02,0.0,1,0,1,0xa4f896f99038b3c815f40479477be82ec1ab7d23
1.1654973583232489,0.0,1,0,1,0xcbf424d6b508755555138519162e34bf789b533a
0.0,655.3170269863833,0,618,618,0xd37bbe5744d730a1d98d8dc97c42f0ca46ad7146
