eth_sent,eth_received,num_sent_txs,num_received_txs,total_txs,in_degree,out_degree,sent_received_ratio,address,account_age_days,avg_time_diff_hours,avg_tx_value,std_dev_tx_value
0.30000000000000004,0.0,2,0,2,0,1,300000.00000000006,0x7374e5a0aa341f8b9c1df17bbd3ea156a5bfb927,4.69875,112.77,0.15000000000000002,0.07071067811865477
0.0,0.0,1,0,1,0,1,0.0,0x7370250abbe92a1062bbf91826b2adff70803927,0.0,0.0,0.0,0.0
0.0,0.30000000000000004,176,179,355,3,1,0.0,0xd9a4fa21def68e139fa37010cf52a5a74e35cc08,7.788055555555555,1.0500749063670411,0.0008450704225352114,0.011854399034876362
