eth_sent,eth_received,num_sent_txs,num_received_txs,total_txs,address,account_age_days,avg_time_diff_hours,avg_tx_value,std_dev_tx_value
263.71340714,1.1854973583232489,275,2,277,0xd924bd8c854bca29533899d02dbd94472bfeb648,1.76125,0.15315217391304348,0.9563137346509867,3.738339199270254
0.02,0.0,1,0,1,0xa4f896f99038b3c815f40479477be82ec1ab7d23,0.0,0.0,0.02,0.0
1.1654973583232489,0.0,1,0,1,0xcbf424d6b508755555138519162e34bf789b533a,0.0,0.0,1.1654973583232489,0.0
0.0,655.3170269863833,0,618,618,0xd37bbe5744d730a1d98d8dc97c42f0ca46ad7146,617.4483333333334,24.01743922204214,1.060383538812918,4.524251850527372
