eth_sent,eth_received,num_sent_txs,num_received_txs,total_txs,address
0.30000000000000004,0.0,2,0,2,0x7374e5a0aa341f8b9c1df17bbd3ea156a5bfb927
0.0,0.0,1,0,1,0x7370250abbe92a1062bbf91826b2adff70803927
0.0,0.30000000000000004,176,179,355,0xd9a4fa21def68e139fa37010cf52a5a74e35cc08
