eth_sent,eth_received,num_sent_txs,num_received_txs,total_txs,address
0.877,1.729434880818895,1074,10,1084,0x9ac1dd501821da712fbece97df2ee87981ecc6f5
11.34,0.0,17,0,17,0x79672062c5a45e3808d6b784129cf3ecf59d4224
9.995868855477383,10.2,12,15,27,0xda6b47976bbddacd89f780b627029f9bd5b490af
0.0,2.079862686568232,0,5,5,0x1dae28d7007703196d6f456e810f67c33b51b25c
0.0,8.163432777074044,0,14,14,0x1fa57f879417e029ef57d7ce915b0aa56a507c31
