eth_sent,eth_received,num_sent_txs,num_received_txs,total_txs,in_degree,out_degree,sent_received_ratio,address,account_age_days,avg_time_diff_hours,avg_tx_value,std_dev_tx_value
0.05345854868853253,0.0213951169971289,144,5,149,5,5,2.4985163754575663,0xda739323ad6cf9af8321ceadc43455b1d6f1c8e3,268.08958333333334,43.76972789115646,0.0005023735952057814,0.003352834900919165
0.0049,0.0,1,0,1,0,1,4900.0,0xd85218ee949ecb46009eb0ffce6066266a58651c,0.0,0.0,0.0049,0.0
294.24562943,0.0,240,0,240,0,64,294245629.43,0x9696f59e4d72e237be84ffd425dcad154bf96976,1470.2332175925926,147.63848210134822,1.2260234559583334,5.8064564647822365
129.65836502,0.0,259,0,259,0,66,129658365.02,0x4976a4a02f38326660d17bf34b431dc6e2eb2327,1395.5531365740742,129.81889642549527,0.500611447953668,1.5680482408800984
754.93533307,0.0,221,0,221,0,63,754935333.0699999,0x56eddb7aa87536c09ccc2793473599fd21a8b17f,1513.7317476851852,165.1343724747475,3.415996982217195,31.648237211748274
0.0,0.04161423465789715,0,203,203,12,0,0.0,0xbddb58bf21b12d70eed91b939ae061572010b11d,176.0688888888889,20.91907590759076,0.00020499622984185794,0.0008319801646212358
0.0,0.0,0,30,30,8,0,0.0,0x576e2bed8f7b46d34016198911cdf9886f78bea7,510.5751388888889,422.54494252873565,0.0,0.0
0.0,1364.0997264756643,0,2377,2377,75,0,0.0,0x3fc91a3afd70395cd496c647d5a6cc9d4b2b7fad,699.3469444444445,7.064110549943883,0.5738745168176964,2.2593884408757283
0.0,129.6778677068854,0,469,469,53,0,0.0,0x1231deb6f5749ef6ce6943a275a1d3e7486f4eae,708.1729166666667,36.316559829059834,0.27649865182704775,1.3215193889971413
