eth_sent,eth_received,num_sent_txs,num_received_txs,total_txs,address,account_age_days,avg_time_diff_hours,avg_tx_value,std_dev_tx_value
0.877,1.729434880818895,1074,10,1084,0x9ac1dd501821da712fbece97df2ee87981ecc6f5,519.9193055555555,11.521757463835026,0.0024044602221576523,0.0267747828159437
11.34,0.0,17,0,17,0x79672062c5a45e3808d6b784129cf3ecf59d4224,507.92125,761.881875,0.6670588235294117,0.4845586226903092
9.995868855477383,10.2,12,15,27,0xda6b47976bbddacd89f780b627029f9bd5b490af,360.0597222222222,332.36282051282046,0.7479951427954588,0.49252566475392
0.0,2.079862686568232,0,5,5,0x1dae28d7007703196d6f456e810f67c33b51b25c,73.48972222222223,440.93833333333333,0.41597253731364636,0.35499288126196765
0.0,8.163432777074044,0,14,14,0x1fa57f879417e029ef57d7ce915b0aa56a507c31,272.72583333333336,503.49384615384616,0.5831023412195745,0.5836322401218575
