eth_sent,eth_received,num_sent_txs,num_received_txs,total_txs,address
0.05345854868853253,0.0213951169971289,144,5,149,0xda739323ad6cf9af8321ceadc43455b1d6f1c8e3
0.0049,0.0,1,0,1,0xd85218ee949ecb46009eb0ffce6066266a58651c
294.24562943,0.0,240,0,240,0x9696f59e4d72e237be84ffd425dcad154bf96976
129.65836502,0.0,259,0,259,0x4976a4a02f38326660d17bf34b431dc6e2eb2327
754.93533307,0.0,221,0,221,0x56eddb7aa87536c09ccc2793473599fd21a8b17f
0.0,0.04161423465789715,0,203,203,0xbddb58bf21b12d70eed91b939ae061572010b11d
0.0,0.0,0,30,30,0x576e2bed8f7b46d34016198911cdf9886f78bea7
0.0,1364.0997264756643,0,2377,2377,0x3fc91a3afd70395cd496c647d5a6cc9d4b2b7fad
0.0,129.6778677068854,0,469,469,0x1231deb6f5749ef6ce6943a275a1d3e7486f4eae
