eth_sent,eth_received,num_sent_txs,num_received_txs,total_txs,address
0.09382019532804209,0.0,3,0,3,0x389a20663316c8b27a6d65aa7cad3e40840586f9
0.85,1.0708986992510665,113,7,120,0xda653accd6bb367e7b4dbe26ffe7c85e9e3d23b5
0.9770785039230243,0.0,4,0,4,0xd4608359a8d4bf9e530db9d6fc861bb1b9a435d1
0.0,0.0,0,5741,5741,0xa0b86991c6218b36c1d19d4a2e9eb0ce3606eb48
0.0,0.0,0,55,55,0x3bae89b27cc92c8f3fc97617cdd0f196e992e4b2
0.0,0.0,0,11205,11205,0xdac17f958d2ee523a2206206994597c13d831ec7
0.0,4.932434236280173,0,7,7,0x0e87bf5286c4091e0eeb7814d802115dfbb4c4cd
