eth_sent,eth_received,num_sent_txs,num_received_txs,total_txs,address,account_age_days,avg_time_diff_hours,avg_tx_value,std_dev_tx_value
0.09382019532804209,0.0,3,0,3,0x389a20663316c8b27a6d65aa7cad3e40840586f9,92.30069444444445,1107.6083333333333,0.0312733984426807,0.02825399642420014
0.85,1.0708986992510665,113,7,120,0xda653accd6bb367e7b4dbe26ffe7c85e9e3d23b5,884.37125,178.3605882352941,0.016007489160425555,0.10942070733408472
0.9770785039230243,0.0,4,0,4,0xd4608359a8d4bf9e530db9d6fc861bb1b9a435d1,427.0177777777778,3416.1422222222222,0.24426962598075608,0.4040715957379176
0.0,0.0,0,5741,5741,0xa0b86991c6218b36c1d19d4a2e9eb0ce3606eb48,1915.7207175925926,8.009982094463803,0.0,0.0
0.0,0.0,0,55,55,0x3bae89b27cc92c8f3fc97617cdd0f196e992e4b2,884.3604166666667,393.0490740740741,0.0,0.0
0.0,0.0,0,11205,11205,0xdac17f958d2ee523a2206206994597c13d831ec7,1959.5113425925927,4.197453786346146,0.0,0.0
0.0,4.932434236280173,0,7,7,0x0e87bf5286c4091e0eeb7814d802115dfbb4c4cd,241.1263888888889,964.5055555555556,0.7046334623257391,0.6998998266254769
