eth_sent,eth_received,num_sent_txs,num_received_txs,total_txs,address,account_age_days,avg_time_diff_hours,avg_tx_value,std_dev_tx_value
23.833,11.9300020003,102,9,111,0xdb336b67b3e2d09b7a2a86b411e4b02c813e06d3,1028.8980555555556,224.48684848484848,0.32218920720990996,0.5655886011941166
11.93,0.0,4,0,4,0x29a0ac7892d7bdf17cc43fa487443255946d01b7,1028.8793055555554,8231.034444444444,2.9825,1.3569174624862046
3e-10,0.0,3,0,3,0xce0370e05c6e4f80cc9c1f0feca2441bdf466162,0.0075,0.09,1e-10,0.0
2e-06,0.0,2,0,2,0xce0331d2597fec7331ec4eabd9ff2e642f536162,0.005694444444444445,0.13666666666666666,1e-06,0.0
0.0,66.7721,0,250,250,0xce03525b24bb7312584b5c6fe0a55a7739cd6162,178.61805555555554,17.21619812583668,0.2670884,0.1486901467630511
