eth_sent,eth_received,num_sent_txs,num_received_txs,total_txs,in_degree,out_degree,sent_received_ratio,address,account_age_days,avg_time_diff_hours,avg_tx_value,std_dev_tx_value
4.007365,0.0,2,0,2,0,1,4007365.0000000005,0x54735d8666d9e84376c910f2e32a4af79ee48120,0.0412037037037037,0.9888888888888889,2.0036825,0.3448637553592723
7.0,0.0,1,0,1,0,1,7000000.0,0x1b1c368395f3db0a794abe201fd43a0effe25e19,0.0,0.0,7.0,0.0
15.0,0.0,1,0,1,0,1,15000000.0,0xdb48c7b32fa3f2088e1598d90d0229d9b7f3ed49,0.0,0.0,15.0,0.0
27.196105000000003,27.207365,2,5,7,4,2,0.9995861047335491,0xdb82af76f9ccddfe9e8f7996492f4c5bd5f9d53d,3.585798611111111,14.343194444444444,7.771924285714286,9.473668470047821
1.2,0.0,1,0,1,0,1,1200000.0,0xefe9ae63857d89ffa3226629c1db771668aca9c1,0.0,0.0,1.2,0.0
0.008,26.006105,8,1,9,1,1,0.0003076200643033601,0x3d215a3d71856a8dc31f5633fbe666dd0c1ed188,0.09835648148148148,0.29506944444444444,2.8904561111111113,8.668368333333333
0.0,1.19,0,1,1,1,0,0.0,0xa53ae248b50346636a9a5a4d5b9cd0f26ee37969,0.0,0.0,1.19,0.0
