eth_sent,eth_received,num_sent_txs,num_received_txs,total_txs,in_degree,out_degree,sent_received_ratio,address,account_age_days,avg_time_diff_hours,avg_tx_value,std_dev_tx_value
1.1,1.3795629999999999,1238,3,1241,3,4,0.7973533667158611,0xdb6919c067c2b68268b6185e4f9407bc0b709a83,36.454861111111114,0.7055779569892473,0.001998036261079774,0.04645841996486479
0.18,0.0,1,0,1,0,1,180000.0,0x4747493aa623f4a1c6e2f3973edce695a71cad5a,0.0,0.0,0.18,0.0
174.90205128999995,0.0,95,0,95,0,31,174902051.28999996,0x0d0707963952f2fba59dd06f2b425ace40b492fe,2610.3147685185186,666.4633451536644,1.841074224105263,7.640386395053293
0.0,0.0,1,0,1,0,1,0.0,0x01413d479ab5b392dff6e532f52b945f684832c0,0.0,0.0,0.0,0.0
0.0,0.0,0,0,0,0,0,0.0,0,0.0,0.0,0.0,0.0
0.0,0.0,0,1149,1149,1,0,0.0,0x8952cbc1ee61d818ce41016b59e3c617cf9a740d,32.477777777777774,0.6789779326364692,0.0,0.0
0.0,0.0,0,84,84,1,0,0.0,0x7960b0be4faadca2c9a1d97be5d143f1e0d82675,3.9386111111111113,1.1388755020080321,0.0,0.0
0.0,383.1798895123511,0,2075,2075,101,0,0.0,0x66a9893cc07d91d95644aedd05d03f95e1dba8af,180.97180555555556,2.094177113468338,0.18466500699390412,0.7855244123210863
0.0,0.0,0,2,2,1,0,0.0,0x903aed40b7fcbe8de84a699151c9055f4c0a6db3,0.0005555555555555556,0.013333333333333334,0.0,0.0
