eth_sent,eth_received,num_sent_txs,num_received_txs,total_txs,address
1.1,1.3795629999999999,1238,3,1241,0xdb6919c067c2b68268b6185e4f9407bc0b709a83
0.18,0.0,1,0,1,0x4747493aa623f4a1c6e2f3973edce695a71cad5a
174.90205128999995,0.0,95,0,95,0x0d0707963952f2fba59dd06f2b425ace40b492fe
0.0,0.0,1,0,1,0x01413d479ab5b392dff6e532f52b945f684832c0
0.0,0.0,0,0,0,
0.0,0.0,0,1149,1149,0x8952cbc1ee61d818ce41016b59e3c617cf9a740d
0.0,0.0,0,84,84,0x7960b0be4faadca2c9a1d97be5d143f1e0d82675
0.0,383.1798895123511,0,2075,2075,0x66a9893cc07d91d95644aedd05d03f95e1dba8af
0.0,0.0,0,2,2,0x903aed40b7fcbe8de84a699151c9055f4c0a6db3
