eth_sent,eth_received,num_sent_txs,num_received_txs,total_txs,in_degree,out_degree,sent_received_ratio,address,account_age_days,avg_time_diff_hours,avg_tx_value,std_dev_tx_value
0.0,0.0,262,0,262,0,81,0.0,0xf24246e0d5399ea85dbdadcfdbc9e8f14490db58,79.83940972222223,7.3415549169859515,0.0,0.0
0.0,0.0,146,0,146,0,77,0.0,0xaa00438e14965a642532f1ff659b87e07dde64fc,135.26697916666666,22.38901724137931,0.0,0.0
0.0,0.0,45,0,45,0,45,0.0,0x351b322d862f611c2791b7b24edbbe334b3c4128,19.077395833333334,10.405852272727273,0.0,0.0
0.0,0.0,24,0,24,0,1,0.0,0xb8fd65fc6919c5b97453eaba6b895144597985b2,53.8756712962963,56.21809178743962,0.0,0.0
0.0,0.0,0,29,29,4,0,0.0,0xdef05b512d405f4fb930e252c6c11f054832c93b,643.4059722222222,551.4908333333333,0.0,0.0
