eth_sent,eth_received,num_sent_txs,num_received_txs,total_txs,address
1.7705354906350257,0.0,64,0,64,0x935c8e162419b7d71703d0a0278e4529b914c0e9
1.761127018505512,1.7708166694780674,64,65,129,0xdfd245a600a0bb58b85a65e35afaec4ed15c380a
0.0002811788430417,0.0,1,0,1,0x1724f6f94b159116d89e55ac54a5d6e0061b0efd
0.0,1.761127018505512,0,64,64,0x2d0c7266ac66690b42bd910535c52d4f48c8232b
