eth_sent,eth_received,num_sent_txs,num_received_txs,total_txs,address,account_age_days,avg_time_diff_hours,avg_tx_value,std_dev_tx_value
7.363898808055493,0.0,52,0,52,0x8c8d7c46219d9205f056f28fee5950ad564d7465,820.7776388888889,386.24830065359475,0.14161343861645184,0.12223791512637314
1.53273631956614,1.533311553369626,8,7,15,0xdff5ef3cde3e8feb981d209e9ec5b54639c209d2,61.07958333333333,104.70785714285715,0.20440319152905106,0.2225306947772105
0.0764,0.0,1,0,1,0x6f6489a8a0c86e64f1111987c80be3c07026f6bb,0.0,0.0,0.0764,0.0
1.06985221,0.0,6,0,6,0xd40e9c8ce75615c91e6d3c56f9a16c65a6bd3b35,1.1494444444444445,5.517333333333334,0.17830870166666668,0.1450584049437262
0.0,0.0097380418154484,0,1,1,0x982cc26c7ca99fd6949b9d267dd7a4f2193cf9a3,0.0,0.0,0.0097380418154484,0.0
0.0,0.076356199082252,0,1,1,0x080c67646f39624fdac74277c12424a5941bd232,0.0,0.0,0.076356199082252,0.0
0.0,0.0794411874448639,0,1,1,0xba8647e3f0e9ed81e74e8a215b5922a905730017,0.0,0.0,0.0794411874448639,0.0
0.0,0.0,0,11205,11205,0xdac17f958d2ee523a2206206994597c13d831ec7,1959.5113425925927,4.197453786346146,0.0,0.0
0.0,1.3672008912235758,0,3,3,0x6612c0586dab8a931d4e4ca95390177ef17cf3f7,0.2222222222222222,2.6666666666666665,0.4557336304078586,0.12387656922921358
