eth_sent,eth_received,num_sent_txs,num_received_txs,total_txs,address,account_age_days,avg_time_diff_hours,avg_tx_value,std_dev_tx_value
1.7705354906350257,0.0,64,0,64,0x935c8e162419b7d71703d0a0278e4529b914c0e9,293.15805555555556,111.67925925925925,0.027664617041172276,0.030453100758618405
1.761127018505512,1.7708166694780674,64,65,129,0xdfd245a600a0bb58b85a65e35afaec4ed15c380a,293.1827777777778,54.97177083333333,0.027379408433981237,0.030333301151853172
0.0002811788430417,0.0,1,0,1,0x1724f6f94b159116d89e55ac54a5d6e0061b0efd,0.0,0.0,0.0002811788430417,0.0
0.0,1.761127018505512,0,64,64,0x2d0c7266ac66690b42bd910535c52d4f48c8232b,293.15930555555553,111.67973544973546,0.027517609664148623,0.030500474912580663
