eth_sent,eth_received,num_sent_txs,num_received_txs,total_txs,address
0.0009756460958412,0.0009530332592228,10,1,11,0xe1e3e5716d8b630f423c8edaae681866b9228aa3
30.349568201292694,0.0567308016996215,279,13,292,0xf70da97812cb96acdf810712aa562db8dfa3dbef
0.0,383.1798895123511,0,2075,2075,0x66a9893cc07d91d95644aedd05d03f95e1dba8af
0.0,0.0,0,5741,5741,0xa0b86991c6218b36c1d19d4a2e9eb0ce3606eb48
0.0,0.0,0,207,207,0x6b175474e89094c44da98b954eedeac495271d0f
0.0,0.0,0,11205,11205,0xdac17f958d2ee523a2206206994597c13d831ec7
