eth_sent,eth_received,num_sent_txs,num_received_txs,total_txs,address
0.009545702175966262,0.007436025191256,11,8,19,0xe1be482699ea4ed3b3c8da168c28daba475b0265
0.007436025191256,0.0,1,0,1,0xaaee8e93da01cdf21717a186a9e7982f86333f11
0.0,0.001969642843184,0,1,1,0x3e07694a69ec4be0a89b609abf0a11182ace67fc
0.0,0.00425,0,27,27,0xfe5fc40c15c67983694642f9a8711241157fdb0a
0.0,0.00108075907411042,0,25,25,0x565e79f526245cae4a8c130ad95c7a2778f3ab4b
0.0,0.007385994759336,0,1,1,0xf39a6e8ab6cc60ce9d3ce0806cdbeb497440a966
