eth_sent,eth_received,num_sent_txs,num_received_txs,total_txs,address,account_age_days,avg_time_diff_hours,avg_tx_value,std_dev_tx_value
0.0,0.0,262,0,262,0xf24246e0d5399ea85dbdadcfdbc9e8f14490db58,79.83940972222223,7.3415549169859515,0.0,0.0
0.0,0.0,146,0,146,0xaa00438e14965a642532f1ff659b87e07dde64fc,135.26697916666666,22.38901724137931,0.0,0.0
0.0,0.0,45,0,45,0x351b322d862f611c2791b7b24edbbe334b3c4128,19.077395833333334,10.405852272727273,0.0,0.0
0.0,0.0,0,5,5,0xe1358ae1a9130bc458c8021fcbb7ef8aedd51487,114.14533564814815,684.8720138888889,0.0,0.0
