eth_sent,eth_received,num_sent_txs,num_received_txs,total_txs,address,account_age_days,avg_time_diff_hours,avg_tx_value,std_dev_tx_value
0.009545702175966262,0.007436025191256,11,8,19,0xe1be482699ea4ed3b3c8da168c28daba475b0265,46.39611111111111,101.2278787878788,0.0008937751245906454,0.0023401465034418563
0.007436025191256,0.0,1,0,1,0xaaee8e93da01cdf21717a186a9e7982f86333f11,0.0,0.0,0.007436025191256,0.0
0.0,0.001969642843184,0,1,1,0x3e07694a69ec4be0a89b609abf0a11182ace67fc,0.0,0.0,0.001969642843184,0.0
0.0,0.00425,0,27,27,0xfe5fc40c15c67983694642f9a8711241157fdb0a,9.8925,9.131538461538462,0.00015740740740740743,3.849001794597505e-05
0.0,0.00108075907411042,0,25,25,0x565e79f526245cae4a8c130ad95c7a2778f3ab4b,0.018472222222222223,0.018472222222222223,4.323036296441681e-05,3.3743733084283035e-06
0.0,0.007385994759336,0,1,1,0xf39a6e8ab6cc60ce9d3ce0806cdbeb497440a966,0.0,0.0,0.007385994759336,0.0
