eth_sent,eth_received,num_sent_txs,num_received_txs,total_txs,address
0.0113378684807256,0.0,1,0,1,0x5236b524172e6c7da83e9648967a6e013e626792
0.0,0.0,1,0,1,0x52302b8f0577523a2f1ea712dfcfb37b9a452792
3.4373497315653383,0.0113378684807256,21,2,23,0xe2d002688ad967112cae602b7d391ecd3cd6d1bb
0.0,0.0,0,11205,11205,0xdac17f958d2ee523a2206206994597c13d831ec7
0.0,177.55017860338873,0,2004,2004,0x1111111254eeb25477b68fb85ed929f73a960582
0.0,0.0,0,5741,5741,0xa0b86991c6218b36c1d19d4a2e9eb0ce3606eb48
0.0,71.69771557070139,0,931,931,0x0000000000001ff3684f28c67538d4d072c22734
0.0,3.4373497315653383,0,5,5,0xee1b0532b665610072e33180ff6feaf530693e61
