eth_sent,eth_received,num_sent_txs,num_received_txs,total_txs,in_degree,out_degree,sent_received_ratio,address,account_age_days,avg_time_diff_hours,avg_tx_value,std_dev_tx_value
0.0113378684807256,0.0,1,0,1,0,1,11337.8684807256,0x5236b524172e6c7da83e9648967a6e013e626792,0.0,0.0,0.0113378684807256,0.0
0.0,0.0,1,0,1,0,1,0.0,0x52302b8f0577523a2f1ea712dfcfb37b9a452792,0.0,0.0,0.0,0.0
3.4373497315653383,0.0113378684807256,21,2,23,2,5,303.14750871379493,0xe2d002688ad967112cae602b7d391ecd3cd6d1bb,45.80722222222222,49.971515151515156,0.14994293913243756,0.3303378507301162
0.0,0.0,0,11205,11205,394,0,0.0,0xdac17f958d2ee523a2206206994597c13d831ec7,1959.5113425925927,4.197453786346146,0.0,0.0
0.0,177.55017860338873,0,2004,2004,48,0,0.0,0x1111111254eeb25477b68fb85ed929f73a960582,982.2651388888889,11.769527375603262,0.08859789351466504,0.9910997821967806
0.0,0.0,0,5741,5741,312,0,0.0,0xa0b86991c6218b36c1d19d4a2e9eb0ce3606eb48,1915.7207175925926,8.009982094463803,0.0,0.0
0.0,71.69771557070139,0,931,931,67,0,0.0,0x0000000000001ff3684f28c67538d4d072c22734,301.1926388888889,7.772713261648746,0.07701150974296604,1.0450143511542198
0.0,3.4373497315653383,0,5,5,1,0,0.0,0xee1b0532b665610072e33180ff6feaf530693e61,30.830555555555556,184.98333333333332,0.6874699463130677,0.3723611405511414
