eth_sent,eth_received,num_sent_txs,num_received_txs,total_txs,in_degree,out_degree,sent_received_ratio,address,account_age_days,avg_time_diff_hours,avg_tx_value,std_dev_tx_value
0.0030758320126959,0.0,4,0,4,0,1,3075.8320126959,0x5f5fc9312b035000a96b667c0e8dd81cb7fb5f0d,110.305,882.44,0.000768958003173975,0.0008318115279531903
0.0003,0.0073172481513316,15,8,23,5,2,0.04099341724910122,0xe2633548d20dc274e694f5c80fedb92b3a66a0c3,399.07166666666666,435.3509090909091,0.0003311847022318087,0.0009060718404972279
1.3e-06,0.0,1,0,1,0,1,1.3,0x760027a0408ba7d604bfec33259034faa6f2a198,0.0,0.0,1.3e-06,0.0
1e-05,0.0,1,0,1,0,1,10.000000000000002,0x76007e0e4c59c6dedb2eb1ec5b2d88640a98a198,0.0,0.0,1e-05,0.0
0.0002301161386357,0.0,1,0,1,0,1,230.1161386357,0xf8fdcd77f410c60d76789aea40b6bc7cf357880b,0.0,0.0,0.0002301161386357,0.0
0.004,0.0,1,0,1,0,1,4000.0000000000005,0xf9cb9c8aac6a2675208186ff8018028c57086bca,0.0,0.0,0.004,0.0
0.0,0.0,0,11205,11205,394,0,0.0,0xdac17f958d2ee523a2206206994597c13d831ec7,1959.5113425925927,4.197453786346146,0.0,0.0
0.0,0.0003,0,1,1,1,0,0.0,0xfb197b3f7731c0dcc47006e449746d53f09c6841,0.0,0.0,0.0003,0.0
