eth_sent,eth_received,num_sent_txs,num_received_txs,total_txs,address
0.0030758320126959,0.0,4,0,4,0x5f5fc9312b035000a96b667c0e8dd81cb7fb5f0d
0.0003,0.0073172481513316,15,8,23,0xe2633548d20dc274e694f5c80fedb92b3a66a0c3
1.3e-06,0.0,1,0,1,0x760027a0408ba7d604bfec33259034faa6f2a198
1e-05,0.0,1,0,1,0x76007e0e4c59c6dedb2eb1ec5b2d88640a98a198
0.0002301161386357,0.0,1,0,1,0xf8fdcd77f410c60d76789aea40b6bc7cf357880b
0.004,0.0,1,0,1,0xf9cb9c8aac6a2675208186ff8018028c57086bca
0.0,0.0,0,11205,11205,0xdac17f958d2ee523a2206206994597c13d831ec7
0.0,0.0003,0,1,1,0xfb197b3f7731c0dcc47006e449746d53f09c6841
