eth_sent,eth_received,num_sent_txs,num_received_txs,total_txs,address
205.92814491000001,31.8585258015,25,18,43,0xa9ac43f5b5e38155a288d1a01d2cbc4478e14573
0.247404189489014,0.216612655271404,8,7,15,0xe3087f2e83ae6b03ae7040fb85505ba238d6f418
0.185558655271404,0.247404189489014,6,8,14,0x5b2d998f714b95b138c9da243c540e60f4c7355a
