eth_sent,eth_received,num_sent_txs,num_received_txs,total_txs,address,account_age_days,avg_time_diff_hours,avg_tx_value,std_dev_tx_value
205.92814491000001,31.8585258015,25,18,43,0xa9ac43f5b5e38155a288d1a01d2cbc4478e14573,116.25638888888889,66.43222222222222,5.529922574686046,18.67260873527586
0.247404189489014,0.216612655271404,8,7,15,0xe3087f2e83ae6b03ae7040fb85505ba238d6f418,0.9006944444444445,1.5440476190476191,0.030934456317361202,4.014293927024735e-05
0.185558655271404,0.247404189489014,6,8,14,0x5b2d998f714b95b138c9da243c540e60f4c7355a,0.8830555555555556,1.6302564102564103,0.030925917482887002,2.3613754544971296e-05
