eth_sent,eth_received,num_sent_txs,num_received_txs,total_txs,address,account_age_days,avg_time_diff_hours,avg_tx_value,std_dev_tx_value
0.6843369046897564,0.0,29,0,29,0x5babe600b9fcd5fb7b66c0611bf4896d967b23a1,333.17875,285.5817857142857,0.02359782429964677,0.050514569252679324
0.00551,0.0068690453057694,12,8,20,0xe44751e0c16196a405a01738a285fe6f438554c8,156.15666666666667,288.28923076923076,0.00061895226528847,0.0012959727579917495
30.349568201292694,0.0567308016996215,279,13,292,0xf70da97812cb96acdf810712aa562db8dfa3dbef,541.1308333333334,44.6293470790378,0.10413116096915177,0.4757862062565904
0.0,111.88569603223301,0,972,972,0x0000000000000068f116a894984e2db1123eb395,491.39694444444444,12.145753518709235,0.11510874077390226,0.5899076453301908
0.0,15.14599490211477,0,242,242,0xa5f565650890fba1824ee0f21ebbbf660a179934,412.8238888888889,41.11109266943292,0.06258675579386268,0.1670995156025629
0.0,0.0,0,5741,5741,0xa0b86991c6218b36c1d19d4a2e9eb0ce3606eb48,1915.7207175925926,8.009982094463803,0.0,0.0
0.0,2.0726999999999998,0,39,39,0xcf5540fffcdc3d510b18bfca6d2b9987b0772559,347.99847222222223,219.78850877192983,0.05314615384615385,0.16120998376774545
0.0,0.0,0,11205,11205,0xdac17f958d2ee523a2206206994597c13d831ec7,1959.5113425925927,4.197453786346146,0.0,0.0
