eth_sent,eth_received,num_sent_txs,num_received_txs,total_txs,address
1.3864669503808458,0.0,91,0,91,0x87cbc48075d7aa1760ac71c41e8bc289b6a31f56
1.8175880906435213,1.534169503807612,106,111,217,0xe473a1a68227a4224c4df0170754ff190b646c6f
0.333304648753301,104.42126330067744,29,260,289,0xf78abd170cff445fefe7248336b55e2c18906f00
0.37516138584319625,0.0,31,0,31,0x85ac393addd65bcf6ab0999f2a5c064e867f255f
0.0,0.0,1,0,1,0x85a010c42c259aa81c96babf4f0867180451455f
