eth_sent,eth_received,num_sent_txs,num_received_txs,total_txs,address,account_age_days,avg_time_diff_hours,avg_tx_value,std_dev_tx_value
0.026,0.0,1,0,1,0x16005113fac604cae183a814b15a23cdd042b204,0.0,0.0,0.026,0.0
0.0026,0.026,70,2,72,0xe4d581ddef1d49ebb146e2d73c208f0b39df5321,247.975,83.8225352112676,0.0003972222222222222,0.0030696135565477086
0.0,0.0,1,0,1,0x12328ee478247c2f20bf79feaa9442257ae35cb9,0.0,0.0,0.0,0.0
0.0,0.0,0,11205,11205,0xdac17f958d2ee523a2206206994597c13d831ec7,1959.5113425925927,4.197453786346146,0.0,0.0
0.0,0.002,0,1,1,0xa705f163ed1170fee3191b1183e45e09f5e97141,0.0,0.0,0.002,0.0
0.0,0.0006,0,1,1,0x123c46bee9971c135953965242183fef6abddcb9,0.0,0.0,0.0006,0.0
