eth_sent,eth_received,num_sent_txs,num_received_txs,total_txs,address
0.6843369046897564,0.0,29,0,29,0x5babe600b9fcd5fb7b66c0611bf4896d967b23a1
0.00551,0.0068690453057694,12,8,20,0xe44751e0c16196a405a01738a285fe6f438554c8
30.349568201292694,0.0567308016996215,279,13,292,0xf70da97812cb96acdf810712aa562db8dfa3dbef
0.0,111.88569603223301,0,972,972,0x0000000000000068f116a894984e2db1123eb395
0.0,15.14599490211477,0,242,242,0xa5f565650890fba1824ee0f21ebbbf660a179934
0.0,0.0,0,5741,5741,0xa0b86991c6218b36c1d19d4a2e9eb0ce3606eb48
0.0,2.0726999999999998,0,39,39,0xcf5540fffcdc3d510b18bfca6d2b9987b0772559
0.0,0.0,0,11205,11205,0xdac17f958d2ee523a2206206994597c13d831ec7
