eth_sent,eth_received,num_sent_txs,num_received_txs,total_txs,address
587.31141325,1.5142898999780352,261,4,265,0x3f5ce5fbfe3e9af3971dd833d26ba9b5c936f0be
1.4128544900000002,1.4183144900000002,6,6,12,0xe4faeef4002c200d9d4f1d381ccb5fb679d1c437
215.30480013,0.0,48,0,48,0xd551234ae421e3bcba99a0da6d736074f22192ff
0.30000000000000004,0.0,2,0,2,0x7372a525f09c8d71dfb05be60629b1f9edea371b
0.024,11.24716713,1,11,12,0x6aa36553f97d5965566697bafcfda5d69a5bc6d7
0.0,17.366486755,0,15,15,0x87ad3f8573e96308eaef597dde8d9dcfb19202d2
0.0,3.5964594383183672,0,9,9,0xaa28552dedd0223d0ff59eaa389c2547f34081a0
0.0,5.1945178161856,0,8,8,0xcc83dc5a37d49de4562019560307ce724a975d5c
