eth_sent,eth_received,num_sent_txs,num_received_txs,total_txs,address,account_age_days,avg_time_diff_hours,avg_tx_value,std_dev_tx_value
587.31141325,1.5142898999780352,261,4,265,0x3f5ce5fbfe3e9af3971dd833d26ba9b5c936f0be,1340.3507523148148,121.85006839225589,2.2219837854716147,7.594647674432683
1.4128544900000002,1.4183144900000002,6,6,12,0xe4faeef4002c200d9d4f1d381ccb5fb679d1c437,12.488287037037036,27.247171717171717,0.23593074833333338,0.1709358799757699
215.30480013,0.0,48,0,48,0xd551234ae421e3bcba99a0da6d736074f22192ff,1091.6117939814815,557.4187884160757,4.4855166693749995,13.148344492734527
0.30000000000000004,0.0,2,0,2,0x7372a525f09c8d71dfb05be60629b1f9edea371b,1.0651388888888889,25.563333333333333,0.15000000000000002,0.07071067811865477
0.024,11.24716713,1,11,12,0x6aa36553f97d5965566697bafcfda5d69a5bc6d7,108.86976851851851,237.53404040404038,0.9392639275,1.5115316028360293
0.0,17.366486755,0,15,15,0x87ad3f8573e96308eaef597dde8d9dcfb19202d2,114.95668981481481,197.06861111111112,1.1577657836666664,2.0954507599666403
0.0,3.5964594383183672,0,9,9,0xaa28552dedd0223d0ff59eaa389c2547f34081a0,113.18445601851852,339.55336805555555,0.3996066042575964,0.6186894811050321
0.0,5.1945178161856,0,8,8,0xcc83dc5a37d49de4562019560307ce724a975d5c,123.80774305555556,424.4836904761905,0.6493147270232,0.7140407221671902
