eth_sent,eth_received,num_sent_txs,num_received_txs,total_txs,in_degree,out_degree,sent_received_ratio,address,account_age_days,avg_time_diff_hours,avg_tx_value,std_dev_tx_value
1.3864669503808458,0.0,91,0,91,0,4,1386466.950380846,0x87cbc48075d7aa1760ac71c41e8bc289b6a31f56,1136.156273148148,302.9750061728395,0.015235900553635669,0.012036999353559638
1.8175880906435213,1.534169503807612,106,111,217,4,1,1.1847366939544879,0xe473a1a68227a4224c4df0170754ff190b646c6f,146.87041666666667,16.318935185185186,0.015445887532032871,0.008401377624199813
0.333304648753301,104.42126330067744,29,260,289,5,3,0.0031919231296947503,0xf78abd170cff445fefe7248336b55e2c18906f00,189.2913888888889,15.774282407407407,0.36247255345823787,0.6214180519704299
0.37516138584319625,0.0,31,0,31,0,2,375161.38584319624,0x85ac393addd65bcf6ab0999f2a5c064e867f255f,25.97652777777778,20.78122222222222,0.012101980188490201,0.007072157142038594
0.0,0.0,1,0,1,0,1,0.0,0x85a010c42c259aa81c96babf4f0867180451455f,0.0,0.0,0.0,0.0
