eth_sent,eth_received,num_sent_txs,num_received_txs,total_txs,address
0.04926525204334102,0.0,156,0,156,0x2703983059c7b60515b4fab6fb8b301f7781f5c6
0.0,0.001805192528896586,7,7,14,0xe626f273f30b75e005c86994eb4be7e8f1cd0098
0.0,0.0,0,11205,11205,0xdac17f958d2ee523a2206206994597c13d831ec7
