eth_sent,eth_received,num_sent_txs,num_received_txs,total_txs,in_degree,out_degree,sent_received_ratio,address,account_age_days,avg_time_diff_hours,avg_tx_value,std_dev_tx_value
0.02,0.02,1,1,2,1,1,0.999950002499875,0x4924cf2c7d5b5d34b46df58d42ef55ed832a6894,0.004722222222222222,0.11333333333333333,0.02,0.0
0.03,0.07,200,2,202,2,4,0.42856530620991123,0xe7bf2c1fde3ab0c028eb714dd3a9be8869dc9af4,480.7438888888889,57.40225538971808,0.0004950495049504951,0.004082784539934371
55.8,0.0,10,0,10,0,2,55800000.0,0x321faa2671ba119677dfba3734d56cb1c7e7aae7,253.84791666666666,676.9277777777778,5.58,12.967185079611108
0.0,0.0,0,2,2,1,0,0.0,0x40a2accbd92bca938b02010e17a5b8929b49130d,0.9780555555555556,23.473333333333333,0.0,0.0
0.0,55.75001614038126,0,235,235,8,0,0.0,0x2b0e8cb57bb3e50e4c152fa0e6230a37ce888b85,494.015,50.66820512820513,0.23723411123566499,2.782321092204645
0.0,0.01,5,1,6,1,1,0.0,0x406826a0373ed21901b8fea3c3cca2883eeaf075,426.93361111111113,2049.2813333333334,0.0016666666666666668,0.004082482904638631
