eth_sent,eth_received,num_sent_txs,num_received_txs,total_txs,address
142.22605948547314,110.69800414405059,229,467,696,0x974caa59e49682cda0ad2bbe82983419a2ecc400
0.09984791329903081,0.1039518918648,48,25,73,0xe8a81d350b886de981d5e4cb706f45809b02c4e6
0.0,0.0,0,5741,5741,0xa0b86991c6218b36c1d19d4a2e9eb0ce3606eb48
