eth_sent,eth_received,num_sent_txs,num_received_txs,total_txs,in_degree,out_degree,sent_received_ratio,address,account_age_days,avg_time_diff_hours,avg_tx_value,std_dev_tx_value
0.003362,0.0,1,0,1,0,1,3362.0,0x741f14dd7738fe96bd424950819dc6291f023efe,0.0,0.0,0.003362,0.0
0.0,0.003362,7,8,15,2,1,0.0,0xe96b92e554bcefd92b36ddd82a230a68403bb6e3,396.12680555555556,1358.1490476190477,0.00022413333333333332,0.0008680646673299559
