eth_sent,eth_received,num_sent_txs,num_received_txs,total_txs,address
3.5970545806251017,1.7986,8,4,12,0x0c3d484a0d4a2b8e21ae08919f8dc5ca372882c8
229.51728115407397,0.0,656,0,656,0x46340b20830761efd32832a74d7169b29feb9758
0.1162882389867989,0.0,1,0,1,0xf0fa2cca8f25246532b321e4a65b0a6017329085
0.07225428894333599,0.0,2,0,2,0x16e0b260af77823b1bb04ab76c83eeee6f4ee536
0.114183978252713,0.0,1,0,1,0xe8e43026459fa8f4d71638436e7ef5129b7f336f
0.141940105240037,0.0,1,0,1,0xd02828f4530d3597a93d7aaea2c687ef82382130
2.349542328e-06,0.0,1,0,1,0xe8404e74c6d07e26102332f85d33b9ece72139b9
0.1949645207615043,0.0,2,0,2,0x68e935b513886809ec5ac6e8de5f29d894df4cfa
0.0,4.581485062351819,0,19,19,0xe9ac1e26a1dff13e1d51f593ab634e46f47a6fbc
