eth_sent,eth_received,num_sent_txs,num_received_txs,total_txs,address
0.003362,0.0,1,0,1,0x741f14dd7738fe96bd424950819dc6291f023efe
0.0,0.003362,7,8,15,0xe96b92e554bcefd92b36ddd82a230a68403bb6e3
