eth_sent,eth_received,num_sent_txs,num_received_txs,total_txs,in_degree,out_degree,sent_received_ratio,address,account_age_days,avg_time_diff_hours,avg_tx_value,std_dev_tx_value
3.5970545806251017,1.7986,8,4,12,2,1,1.9999180366435367,0x0c3d484a0d4a2b8e21ae08919f8dc5ca372882c8,0.16930555555555554,0.3693939393939394,0.44963788171875846,0.12660529566282958
229.51728115407397,0.0,656,0,656,0,42,229517281.15407398,0x46340b20830761efd32832a74d7169b29feb9758,1742.6767708333334,63.85380534351145,0.3498739041982835,0.8540319028239794
0.1162882389867989,0.0,1,0,1,0,1,116288.2389867989,0xf0fa2cca8f25246532b321e4a65b0a6017329085,0.0,0.0,0.1162882389867989,0.0
0.07225428894333599,0.0,2,0,2,0,1,72254.288943336,0x16e0b260af77823b1bb04ab76c83eeee6f4ee536,0.49277777777777776,11.826666666666666,0.036127144471667996,0.012801128094315333
0.114183978252713,0.0,1,0,1,0,1,114183.978252713,0xe8e43026459fa8f4d71638436e7ef5129b7f336f,0.0,0.0,0.114183978252713,0.0
0.141940105240037,0.0,1,0,1,0,1,141940.105240037,0xd02828f4530d3597a93d7aaea2c687ef82382130,0.0,0.0,0.141940105240037,0.0
2.349542328e-06,0.0,1,0,1,0,1,2.349542328,0xe8404e74c6d07e26102332f85d33b9ece72139b9,0.0,0.0,2.349542328e-06,0.0
0.1949645207615043,0.0,2,0,2,0,1,194964.5207615043,0x68e935b513886809ec5ac6e8de5f29d894df4cfa,0.04875,1.17,0.09748226038075215,0.022480625051800127
0.0,4.581485062351819,0,19,19,8,0,0.0,0xe9ac1e26a1dff13e1d51f593ab634e46f47a6fbc,1.0134722222222223,1.3512962962962964,0.24113079275535887,0.2069462474116886
