eth_sent,eth_received,num_sent_txs,num_received_txs,total_txs,address
2.016544000000001,5.328454000000153,8,17,25,0x3bdb03ad7363152dfbc185ee23ebc93f0cf93fd1
0.2972724749552853,0.23531742832446,10,4,14,0xeb5ee38238965b9ec74df77785c9e355f4d8fc35
1.94138112748276,391.76333283389295,5,23,28,0xbea9f7fd27f4ee20066f18def0bc586ec221055a
0.0,0.174,0,3,3,0xf97f5c15815eb024112318ec966a51ed0046d199
0.0,129.6778677068854,0,469,469,0x1231deb6f5749ef6ce6943a275a1d3e7486f4eae
0.0,0.052,0,1,1,0x4796e75a54ef6ddb66b5c8e17890e65e0dfa8739
0.0,383.1798895123511,0,2075,2075,0x66a9893cc07d91d95644aedd05d03f95e1dba8af
0.0,2.0507535713664744,0,59,59,0x6131b5fae19ea4f9d964eac0408e4408b66337b5
0.0,0.0,0,11205,11205,0xdac17f958d2ee523a2206206994597c13d831ec7
