eth_sent,eth_received,num_sent_txs,num_received_txs,total_txs,in_degree,out_degree,sent_received_ratio,address,account_age_days,avg_time_diff_hours,avg_tx_value,std_dev_tx_value
2.016544000000001,5.328454000000153,8,17,25,7,5,0.3784481618029885,0x3bdb03ad7363152dfbc185ee23ebc93f0cf93fd1,226.02138888888888,226.02138888888888,0.2937999200000061,0.6053523491234205
0.2972724749552853,0.23531742832446,10,4,14,2,7,1.2632774962503246,0xeb5ee38238965b9ec74df77785c9e355f4d8fc35,71.14041666666667,131.33615384615385,0.038042135948553234,0.028271135903166364
1.94138112748276,391.76333283389295,5,23,28,4,3,0.004955494707694882,0xbea9f7fd27f4ee20066f18def0bc586ec221055a,124.20416666666667,110.4037037037037,14.0608826414777,38.54180685026655
0.0,0.174,0,3,3,1,0,0.0,0xf97f5c15815eb024112318ec966a51ed0046d199,10.924166666666666,131.09,0.057999999999999996,0.007211102550927977
0.0,129.6778677068854,0,469,469,53,0,0.0,0x1231deb6f5749ef6ce6943a275a1d3e7486f4eae,708.1729166666667,36.316559829059834,0.27649865182704775,1.3215193889971413
0.0,0.052,0,1,1,1,0,0.0,0x4796e75a54ef6ddb66b5c8e17890e65e0dfa8739,0.0,0.0,0.052,0.0
0.0,383.1798895123511,0,2075,2075,101,0,0.0,0x66a9893cc07d91d95644aedd05d03f95e1dba8af,180.97180555555556,2.094177113468338,0.18466500699390412,0.7855244123210863
0.0,2.0507535713664744,0,59,59,24,0,0.0,0x6131b5fae19ea4f9d964eac0408e4408b66337b5,818.1318055555555,338.5372988505747,0.034758535107906344,0.18294636579592943
0.0,0.0,0,11205,11205,394,0,0.0,0xdac17f958d2ee523a2206206994597c13d831ec7,1959.5113425925927,4.197453786346146,0.0,0.0
