eth_sent,eth_received,num_sent_txs,num_received_txs,total_txs,address
84.71805304545217,35.87577831232505,31,19,50,0x848ad05cc8061637c632ef4730d00f6dbbfa5a7a
37.3937245608211,74.78805304545216,11,23,34,0xec2cf9aa323ea9b656849b912c3854bdcd557c60
0.0,0.0,1,0,1,0x8481a2c4b4bcf9a1452b88b8d0ed7a6c35f15a7a
1.94138112748276,391.76333283389295,5,23,28,0xbea9f7fd27f4ee20066f18def0bc586ec221055a
