eth_sent,eth_received,num_sent_txs,num_received_txs,total_txs,address
229.51728115407397,0.0,656,0,656,0x46340b20830761efd32832a74d7169b29feb9758
1.2320127032272343,1.2339376349875526,20,20,40,0xecd5b49097496a81151fd24c2bc7c2cebcf800a9
0.0,1.2320127032272343,0,20,20,0xfb183eb452cee258c7e429610cb7d9e2a5fa68ff
