eth_sent,eth_received,num_sent_txs,num_received_txs,total_txs,address
30.349568201292694,0.0567308016996215,279,13,292,0xf70da97812cb96acdf810712aa562db8dfa3dbef
0.0,0.0048711015509543,4,1,5,0xece0a0e638a38c2e7fc31179c284c8ae1138d8c9
0.0,0.0,0,11205,11205,0xdac17f958d2ee523a2206206994597c13d831ec7
0.0,3.2501189762083e-05,0,126,126,0x6307119078556fc8ad77781dfc67df20d75fb4f9
0.0,0.0,0,69,69,0x89c6340b1a1f4b25d36cd8b063d49045caf3f818
