eth_sent,eth_received,num_sent_txs,num_received_txs,total_txs,in_degree,out_degree,sent_received_ratio,address,account_age_days,avg_time_diff_hours,avg_tx_value,std_dev_tx_value
30.349568201292694,0.0567308016996215,279,13,292,7,80,534.9657033983319,0xf70da97812cb96acdf810712aa562db8dfa3dbef,541.1308333333334,44.6293470790378,0.10413116096915177,0.4757862062565904
0.0,0.0048711015509543,4,1,5,1,3,0.0,0xece0a0e638a38c2e7fc31179c284c8ae1138d8c9,28.774305555555557,172.64583333333334,0.0009742203101908599,0.002178422838647694
0.0,0.0,0,11205,11205,394,0,0.0,0xdac17f958d2ee523a2206206994597c13d831ec7,1959.5113425925927,4.197453786346146,0.0,0.0
0.0,3.2501189762083e-05,0,126,126,16,0,0.0,0x6307119078556fc8ad77781dfc67df20d75fb4f9,110.75805555555556,21.265546666666665,2.579459504927222e-07,2.1333226798688315e-06
0.0,0.0,0,69,69,15,0,0.0,0x89c6340b1a1f4b25d36cd8b063d49045caf3f818,17.248055555555556,6.087549019607843,0.0,0.0
