eth_sent,eth_received,num_sent_txs,num_received_txs,total_txs,in_degree,out_degree,sent_received_ratio,address,account_age_days,avg_time_diff_hours,avg_tx_value,std_dev_tx_value
84.71805304545217,35.87577831232505,31,19,50,3,4,2.3614275332646906,0x848ad05cc8061637c632ef4730d00f6dbbfa5a7a,71.49444444444444,35.01768707482993,2.4118766271555443,2.8277486372613576
37.3937245608211,74.78805304545216,11,23,34,2,1,0.49999595574575595,0xec2cf9aa323ea9b656849b912c3854bdcd557c60,6.279166666666667,4.566666666666666,3.2994640472433314,2.0697612334939404
0.0,0.0,1,0,1,0,1,0.0,0x8481a2c4b4bcf9a1452b88b8d0ed7a6c35f15a7a,0.0,0.0,0.0,0.0
1.94138112748276,391.76333283389295,5,23,28,4,3,0.004955494707694882,0xbea9f7fd27f4ee20066f18def0bc586ec221055a,124.20416666666667,110.4037037037037,14.0608826414777,38.54180685026655
