eth_sent,eth_received,num_sent_txs,num_received_txs,total_txs,in_degree,out_degree,sent_received_ratio,address,account_age_days,avg_time_diff_hours,avg_tx_value,std_dev_tx_value
229.51728115407397,0.0,656,0,656,0,42,229517281.15407398,0x46340b20830761efd32832a74d7169b29feb9758,1742.6767708333334,63.85380534351145,0.3498739041982835,0.8540319028239794
1.2320127032272343,1.2339376349875526,20,20,40,1,1,0.9984391997254081,0xecd5b49097496a81151fd24c2bc7c2cebcf800a9,91.37819444444445,56.232735042735044,0.06164875845536968,0.032502779282378394
0.0,1.2320127032272343,0,20,20,1,0,0.0,0xfb183eb452cee258c7e429610cb7d9e2a5fa68ff,91.37541666666667,115.42157894736842,0.061600635161361716,0.032925421170328845
