eth_sent,eth_received,num_sent_txs,num_received_txs,total_txs,address
0.022436279999999996,0.0,20,0,20,0x77134cbc06cb00b66f4c7e623d5fdbf6777635ec
0.0,0.022436279999999996,170,20,190,0xed72ed7cad34dbd73648edffe05ae08511cf4434
0.0,0.0,0,11205,11205,0xdac17f958d2ee523a2206206994597c13d831ec7
