eth_sent,eth_received,num_sent_txs,num_received_txs,total_txs,address,account_age_days,avg_time_diff_hours,avg_tx_value,std_dev_tx_value
3.0000000000000002e-18,1.3399999999999999,1486,2,1488,0xd58fab416bb2e2e6ab6fce17f7ebad5cafd84c85,65.2448611111111,1.0530441605021297,0.000900537634408602,0.02457976707118343
0.0,0.0,0,412,412,0xeed5d9dd9ee7242d18552a6ab661690b13704a65,33.12722222222222,1.9344363341443633,0.0,0.0
