eth_sent,eth_received,num_sent_txs,num_received_txs,total_txs,address
3.0000000000000002e-18,1.3399999999999999,1486,2,1488,0xd58fab416bb2e2e6ab6fce17f7ebad5cafd84c85
0.0,0.0,0,412,412,0xeed5d9dd9ee7242d18552a6ab661690b13704a65
