eth_sent,eth_received,num_sent_txs,num_received_txs,total_txs,in_degree,out_degree,sent_received_ratio,address,account_age_days,avg_time_diff_hours,avg_tx_value,std_dev_tx_value
130020.0,0.22322353251426302,20,112,132,41,11,582462.8616556396,0xb3764761e297d6f121e79c32a65829cd1ddb4d32,2909.5662152777777,533.0502989821883,985.0016910873675,2990.9918958607864
0.0,0.0,8,0,8,0,7,0.0,0xd690758a425ed7b2e3a225c2b40bc65300c67d4f,0.01615740740740741,0.055396825396825396,0.0,0.0
0.0,0.0,187,0,187,0,6,0.0,0x290ca4da2c963dea5ae736469a5b8a53d64d4e6a,19.91486111111111,2.5696594982078853,0.0,0.0
0.0,20000.0,0,24,24,3,0,0.0,0xef0683bef79b7ad85573415c781edfde8bec65b1,2864.959097222222,2989.5225362318843,833.3333333333334,2823.2985128663995
