eth_sent,eth_received,num_sent_txs,num_received_txs,total_txs,address,account_age_days,avg_time_diff_hours,avg_tx_value,std_dev_tx_value
0.508321973931644,0.0,9,0,9,0xefb73a03aab56cfb651a1bdb0c3171124ca9f6b5,0.2125,0.6375,0.056480219325738226,0.08565485998612923
0.0,103.22197141190841,0,299,299,0x3328f7f4a1d1c57c35df56bbf0c9dcafca309c49,413.6423611111111,33.313478747203575,0.3452239846552121,0.6693289652437994
0.0,0.0,0,4,4,0xbe051cc355f98abf9924e7befd107e86f76821a1,0.0,0.0,0.0,0.0
0.0,1091.941335759052,0,5480,5480,0x7a250d5630b4cf539739df2c5dacb4c659f2488d,1854.3875925925927,8.122887793798544,0.19925936783924303,3.4350150712954384
0.0,0.761755284225289,0,4,4,0xbd806cebc6e59ebfbe9e8b50ed536959165996ce,0.0,0.0,0.19043882105632226,0.04002546905647671
0.0,0.0,0,4,4,0xe709be62603f59ebe1f2cbbd311ef2d7d85a9e61,0.004583333333333333,0.03666666666666667,0.0,0.0
