eth_sent,eth_received,num_sent_txs,num_received_txs,total_txs,address,account_age_days,avg_time_diff_hours,avg_tx_value,std_dev_tx_value
0.009338621546183,0.007438630907124,11,10,21,0xef40f8408333304ccdbc24f9da8372b8e702dde6,46.39875,101.23363636363635,0.0007989167834908094,0.0022371931558384556
0.007438630907124,0.0,1,0,1,0x12b761e2c7b41346c317b2bd0b2355af2d86946f,0.0,0.0,0.007438630907124,0.0
0.0,0.001970594695715,0,1,1,0xb63f9ccd091b260c648640a20fcfd6bbfdcb0ffe,0.0,0.0,0.001970594695715,0.0
0.0,0.007368026850468,0,1,1,0xf22eb48b8ef52de1cc215ae657642817ef7760c3,0.0,0.0,0.007368026850468,0.0
