eth_sent,eth_received,num_sent_txs,num_received_txs,total_txs,address
19.420469909999998,1.6007927544993488,49,6,55,0x3cd751e6b0078be393132286c442345e5dc49699
27.995641959999997,0.6574451851763823,54,5,59,0xeb2629a2734e272bcc07bda959863f316f4bd4cf
31.678159,24.76478993,16,9,25,0xf1aeb405a9bd3f5c81642f06197bea005a98d8c0
7.02065313,0.4482963874061273,46,2,48,0xddfabcdc4d8ffc6d5beaf154f18b778f892a0740
3.3747821800000004,0.0,34,0,34,0x6dfc34609a05bc22319fa4cce1d1e2929548c0d7
0.0,285.76097099438874,0,879,879,0x881d40237659c251811cec9c364ef91dc08d300c
0.0,0.007,0,1,1,0xea183f36208e7c9e154c2da350a55e05813f60be
0.0,0.0,0,5741,5741,0xa0b86991c6218b36c1d19d4a2e9eb0ce3606eb48
