eth_sent,eth_received,num_sent_txs,num_received_txs,total_txs,address,account_age_days,avg_time_diff_hours,avg_tx_value,std_dev_tx_value
19.420469909999998,1.6007927544993488,49,6,55,0x3cd751e6b0078be393132286c442345e5dc49699,1140.826701388889,507.03408950617285,0.3822047757181699,1.050403831805026
27.995641959999997,0.6574451851763823,54,5,59,0xeb2629a2734e272bcc07bda959863f316f4bd4cf,1174.8065162037037,486.1268342911878,0.4856455448334981,1.563539518640148
31.678159,24.76478993,16,9,25,0xf1aeb405a9bd3f5c81642f06197bea005a98d8c0,1423.8415046296295,1423.8415046296298,2.2577179572,3.6149524574837995
7.02065313,0.4482963874061273,46,2,48,0xddfabcdc4d8ffc6d5beaf154f18b778f892a0740,889.2559259259259,454.0881323877069,0.155603114945961,0.2655072201198803
3.3747821800000004,0.0,34,0,34,0x6dfc34609a05bc22319fa4cce1d1e2929548c0d7,655.3707986111111,476.6333080808081,0.09925829941176471,0.065998317238946
0.0,285.76097099438874,0,879,879,0x881d40237659c251811cec9c364ef91dc08d300c,1672.187210648148,45.708989812705646,0.3250978054543672,3.087918266149857
0.0,0.007,0,1,1,0xea183f36208e7c9e154c2da350a55e05813f60be,0.0,0.0,0.007,0.0
0.0,0.0,0,5741,5741,0xa0b86991c6218b36c1d19d4a2e9eb0ce3606eb48,1915.7207175925926,8.009982094463803,0.0,0.0
