eth_sent,eth_received,num_sent_txs,num_received_txs,total_txs,address,account_age_days,avg_time_diff_hours,avg_tx_value,std_dev_tx_value
0.027930057575,0.0,1,0,1,0x6370cfc0373d8b7a5c4c6b4330e22072a3886f3c,0.0,0.0,0.027930057575,0.0
0.0,0.027930057575,33,1,34,0xf23b04476bd8a62f4de7cdbb34787652f279e5f7,205.94166666666666,149.77575757575758,0.000821472281617647,0.004789965357061312
0.0,0.0,0,11205,11205,0xdac17f958d2ee523a2206206994597c13d831ec7,1959.5113425925927,4.197453786346146,0.0,0.0
0.0,0.0,0,5741,5741,0xa0b86991c6218b36c1d19d4a2e9eb0ce3606eb48,1915.7207175925926,8.009982094463803,0.0,0.0
0.0,0.0,0,207,207,0x6b175474e89094c44da98b954eedeac495271d0f,1840.8956365740742,214.47327804746493,0.0,0.0
