eth_sent,eth_received,num_sent_txs,num_received_txs,total_txs,address
0.0004457401725012,0.0,1,0,1,0x98aeadf55528533cd29e94523fd8d3e3544a852a
0.0001616995211347,0.0,1,0,1,0x550a7a09b022bc5efca9f7d8cd9b715bb5f0fd42
0.002401,0.0,1,0,1,0x0a43fd949a49c299df06e08b4cec0b56552cbce6
0.042588144695,0.0483110804600649,3,5,8,0xf38e54742f86a9c5b2f5d6b53c8efef0ebb8dd0d
0.04282018,0.0,1,0,1,0xa299c04eb002e667bcb6c0d38a024eb5022a5e1a
0.002482460766429,0.0,1,0,1,0xe2cec078c68fd98dacc87be3751b7608bfe26584
0.0,0.0,0,11205,11205,0xdac17f958d2ee523a2206206994597c13d831ec7
6.2380582906379995,4466.4088900013485,66,110,176,0x1ab4973a48dc892cd9971ece8e01dcc7688f8f23
0.0,0.0,0,181,181,0x6982508145454ce325ddbe47a25d4ec3d2311933
