eth_sent,eth_received,num_sent_txs,num_received_txs,total_txs,in_degree,out_degree,sent_received_ratio,address,account_age_days,avg_time_diff_hours,avg_tx_value,std_dev_tx_value
0.0004457401725012,0.0,1,0,1,0,1,445.7401725012,0x98aeadf55528533cd29e94523fd8d3e3544a852a,0.0,0.0,0.0004457401725012,0.0
0.0001616995211347,0.0,1,0,1,0,1,161.6995211347,0x550a7a09b022bc5efca9f7d8cd9b715bb5f0fd42,0.0,0.0,0.0001616995211347,0.0
0.002401,0.0,1,0,1,0,1,2401.0,0x0a43fd949a49c299df06e08b4cec0b56552cbce6,0.0,0.0,0.002401,0.0
0.042588144695,0.0483110804600649,3,5,8,5,3,0.8815216461274868,0xf38e54742f86a9c5b2f5d6b53c8efef0ebb8dd0d,308.97277777777776,1059.335238095238,0.011362403144383113,0.01937095205848229
0.04282018,0.0,1,0,1,0,1,42820.18,0xa299c04eb002e667bcb6c0d38a024eb5022a5e1a,0.0,0.0,0.04282018,0.0
0.002482460766429,0.0,1,0,1,0,1,2482.460766429,0xe2cec078c68fd98dacc87be3751b7608bfe26584,0.0,0.0,0.002482460766429,0.0
0.0,0.0,0,11205,11205,394,0,0.0,0xdac17f958d2ee523a2206206994597c13d831ec7,1959.5113425925927,4.197453786346146,0.0,0.0
6.2380582906379995,4466.4088900013485,66,110,176,8,24,0.0013966608169722354,0x1ab4973a48dc892cd9971ece8e01dcc7688f8f23,560.7894444444445,76.90826666666666,25.412766751659024,46.3532283537195
0.0,0.0,0,181,181,38,0,0.0,0x6982508145454ce325ddbe47a25d4ec3d2311933,834.1009722222223,111.21346296296296,0.0,0.0
