eth_sent,eth_received,num_sent_txs,num_received_txs,total_txs,address,account_age_days,avg_time_diff_hours,avg_tx_value,std_dev_tx_value
0.3676506399780352,0.37,20,5,25,0xf4c87c851d772b0f9e72cca0690327f2bc505015,194.08960648148147,194.0896064814815,0.029506025599121407,0.0838902692037488
0.01,0.0,1,0,1,0x3f3670386d6647d8f81a15421e0716d9a0db4747,0.0,0.0,0.01,0.0
0.03,0.0,1,0,1,0x0db5640ea1d4dec52eb9887733a741c6404389c7,0.0,0.0,0.03,0.0
63.237576887328586,0.139895,56,3,59,0x7ed1e469fcb3ee19c0366d829e291451be638e59,590.3576736111111,244.285933908046,1.0741944387682811,4.945374174921218
0.01,0.0,1,0,1,0xc17ad74a813f00c95b29aa6851672b406a2534ab,0.0,0.0,0.01,0.0
0.0,0.0,0,95,95,0xf230b790e05390fc8295f4d3f60332c93bed42e2,190.73542824074073,48.69840721040189,0.0,0.0
0.0,0.0,0,25,25,0xd850942ef8811f2a866692a623011bde52a462c1,247.2656597222222,247.2656597222222,0.0,0.0
0.0,0.0,0,97,97,0xd26114cd6ee289accf82350c8d8487fedb8a0c07,2943.4415162037035,735.860379050926,0.0,0.0
587.31141325,1.5142898999780352,261,4,265,0x3f5ce5fbfe3e9af3971dd833d26ba9b5c936f0be,1340.3507523148148,121.85006839225589,2.2219837854716147,7.594647674432683
