eth_sent,eth_received,num_sent_txs,num_received_txs,total_txs,address
0.3676506399780352,0.37,20,5,25,0xf4c87c851d772b0f9e72cca0690327f2bc505015
0.01,0.0,1,0,1,0x3f3670386d6647d8f81a15421e0716d9a0db4747
0.03,0.0,1,0,1,0x0db5640ea1d4dec52eb9887733a741c6404389c7
63.237576887328586,0.139895,56,3,59,0x7ed1e469fcb3ee19c0366d829e291451be638e59
0.01,0.0,1,0,1,0xc17ad74a813f00c95b29aa6851672b406a2534ab
0.0,0.0,0,95,95,0xf230b790e05390fc8295f4d3f60332c93bed42e2
0.0,0.0,0,25,25,0xd850942ef8811f2a866692a623011bde52a462c1
0.0,0.0,0,97,97,0xd26114cd6ee289accf82350c8d8487fedb8a0c07
587.31141325,1.5142898999780352,261,4,265,0x3f5ce5fbfe3e9af3971dd833d26ba9b5c936f0be
