eth_sent,eth_received,num_sent_txs,num_received_txs,total_txs,address
0.0091344154,0.0,13,9,22,0xf42e96581b652402e6dda8d67787bf945d36a0c7
0.007367328,0.054161489358078,11,41,52,0x596a6192146f5e8d13e0b1754f6fa6551a0023cb
0.0,0.0,0,14,14,0x932261f9fc8da46c4a22e31b45c4de60623848bf
0.0,9.328300539671984,0,41,41,0x6774bcbd5cecef1336b5300fb5186a12ddd8b367
