eth_sent,eth_received,num_sent_txs,num_received_txs,total_txs,address
7.203053489999999,171.90780760772694,17,152,169,0x45300136662dd4e58fc0df61e6290dffd992b785
0.026000000000000002,0.00219034,5,1,6,0xf5ce46fa0a5da0baf687a7b3283e60612b93c8fc
0.0,0.0,0,2,2,0xe9a95d175a5f4c9369f3b74222402eb1b837693b
0.0,8.158131801420689,0,1057,1057,0x6088d94c5a40cecd3ae2d4e0710ca687b91c61d0
0.0,0.026000000000000002,0,2,2,0xe30fb5c1bbf86e0624b8bc34ad666e9418299260
