eth_sent,eth_received,num_sent_txs,num_received_txs,total_txs,in_degree,out_degree,sent_received_ratio,address,account_age_days,avg_time_diff_hours,avg_tx_value,std_dev_tx_value
0.007819296692360535,0.0,62,0,62,0,3,7819.296692360535,0xf03e8a4619d2286947af3385c9a474d253392d36,166.72625,65.5972131147541,0.00012611768858646026,0.00020391349310168577
0.000136860600963434,0.00037601646365865293,8,10,18,1,2,0.3630096140505584,0xf665a183085c59a54e4b963f6ab8283967fc7049,8.580416666666666,12.113529411764707,2.849317025678261e-05,3.311064485152142e-05
0.0,0.0,0,11205,11205,394,0,0.0,0xdac17f958d2ee523a2206206994597c13d831ec7,1959.5113425925927,4.197453786346146,0.0,0.0
0.0,0.029789110974362844,0,19,19,3,0,0.0,0x3563015e9f5694afe5d8cd86233f77557da704cc,67.40972222222223,89.87962962962963,0.001567847946019097,0.005635832192212964
