eth_sent,eth_received,num_sent_txs,num_received_txs,total_txs,address
129.65836502,0.0,259,0,259,0x4976a4a02f38326660d17bf34b431dc6e2eb2327
3.067924745530955,3.070812794121305,42,43,85,0xf604413df7a7433a25059703fdec2b06bb035b5f
0.565495044121305,0.0,7,0,7,0x1cca4746c0500b7881294cc4c6eca939972281e8
261.08561597000005,0.0,308,0,308,0xdfd5293d8e347dfe59e90efd55b2956a1343963d
754.93533307,0.0,221,0,221,0x56eddb7aa87536c09ccc2793473599fd21a8b17f
380.81854021000004,0.0,320,0,320,0x21a31ee1afc51d94c2efccaa2092ad1028285549
1180.83604998,16032.761666857281,297,237,534,0x28c6c06298d514db089934071355e5743bf21d60
294.24562943,0.0,240,0,240,0x9696f59e4d72e237be84ffd425dcad154bf96976
0.18238001,6.322001323623979,1,383,384,0x7bdb61d76ab2237102a7203da24816ef0a6408f6
