eth_sent,eth_received,num_sent_txs,num_received_txs,total_txs,address
0.007819296692360535,0.0,62,0,62,0xf03e8a4619d2286947af3385c9a474d253392d36
0.000136860600963434,0.00037601646365865293,8,10,18,0xf665a183085c59a54e4b963f6ab8283967fc7049
0.0,0.0,0,11205,11205,0xdac17f958d2ee523a2206206994597c13d831ec7
0.0,0.029789110974362844,0,19,19,0x3563015e9f5694afe5d8cd86233f77557da704cc
