eth_sent,eth_received,num_sent_txs,num_received_txs,total_txs,in_degree,out_degree,sent_received_ratio,address,account_age_days,avg_time_diff_hours,avg_tx_value,std_dev_tx_value
129.65836502,0.0,259,0,259,0,66,129658365.02,0x4976a4a02f38326660d17bf34b431dc6e2eb2327,1395.5531365740742,129.81889642549527,0.500611447953668,1.5680482408800984
3.067924745530955,3.070812794121305,42,43,85,7,1,0.9990591912163868,0xf604413df7a7433a25059703fdec2b06bb035b5f,103.3176388888889,29.519325396825398,0.07222044164296777,0.045971222378224444
0.565495044121305,0.0,7,0,7,0,1,565495.044121305,0x1cca4746c0500b7881294cc4c6eca939972281e8,75.94375,303.775,0.08078500630304357,0.02865036781053195
261.08561597000005,0.0,308,0,308,0,57,261085615.97000006,0xdfd5293d8e347dfe59e90efd55b2956a1343963d,1506.6719791666667,117.7854315960912,0.8476805713311688,4.911604496911626
754.93533307,0.0,221,0,221,0,63,754935333.0699999,0x56eddb7aa87536c09ccc2793473599fd21a8b17f,1513.7317476851852,165.1343724747475,3.415996982217195,31.648237211748274
380.81854021000004,0.0,320,0,320,0,72,380818540.21000004,0x21a31ee1afc51d94c2efccaa2092ad1028285549,1532.7846412037038,115.31922065482411,1.1900579381562502,7.275906843913503
1180.83604998,16032.761666857281,297,237,534,8,72,0.07365144411441965,0x28c6c06298d514db089934071355e5743bf21d60,1532.6296527777777,69.01146654158849,32.23520171692374,74.22571340519141
294.24562943,0.0,240,0,240,0,64,294245629.43,0x9696f59e4d72e237be84ffd425dcad154bf96976,1470.2332175925926,147.63848210134822,1.2260234559583334,5.8064564647822365
0.18238001,6.322001323623979,1,383,384,5,1,0.028848456654070605,0x7bdb61d76ab2237102a7203da24816ef0a6408f6,140.6875,8.815926892950392,0.016938493056312447,0.02867684505197028
