eth_sent,eth_received,num_sent_txs,num_received_txs,total_txs,address
1.751,0.0,32,0,32,0xa7ceed38c2b0dd44937a0bf62be8787486ecb5d1
0.5401218167745171,0.4843,20,12,32,0xf7a70394cc8579232ff1dd0ad4d4fb8787a86ed5
2.2546000000000004,0.0,39,0,39,0x0e9e39190df7a2d38872736910cddfa519e419ca
0.0,71.69771557070139,0,931,931,0x0000000000001ff3684f28c67538d4d072c22734
0.0,0.0,0,3,3,0x9cdf242ef7975d8c68d5c1f5b6905801699b1940
0.0,0.0,0,5741,5741,0xa0b86991c6218b36c1d19d4a2e9eb0ce3606eb48
