eth_sent,eth_received,num_sent_txs,num_received_txs,total_txs,address,account_age_days,avg_time_diff_hours,avg_tx_value,std_dev_tx_value
1.751,0.0,32,0,32,0xa7ceed38c2b0dd44937a0bf62be8787486ecb5d1,396.5701388888889,307.02204301075267,0.05471875,0.06672717412066116
0.5401218167745171,0.4843,20,12,32,0xf7a70394cc8579232ff1dd0ad4d4fb8787a86ed5,146.77069444444444,113.62892473118279,0.03201318177420366,0.025846580550976595
2.2546000000000004,0.0,39,0,39,0x0e9e39190df7a2d38872736910cddfa519e419ca,428.0702777777778,270.3601754385965,0.05781025641025639,0.10936310306995872
0.0,71.69771557070139,0,931,931,0x0000000000001ff3684f28c67538d4d072c22734,301.1926388888889,7.772713261648746,0.07701150974296604,1.0450143511542198
0.0,0.0,0,3,3,0x9cdf242ef7975d8c68d5c1f5b6905801699b1940,26.30763888888889,315.69166666666666,0.0,0.0
0.0,0.0,0,5741,5741,0xa0b86991c6218b36c1d19d4a2e9eb0ce3606eb48,1915.7207175925926,8.009982094463803,0.0,0.0
