eth_sent,eth_received,num_sent_txs,num_received_txs,total_txs,in_degree,out_degree,sent_received_ratio,address,account_age_days,avg_time_diff_hours,avg_tx_value,std_dev_tx_value
3.150484538006012,1.05,8,1,9,1,4,3.0004586071880044,0x0ae4aef7d2da932d14a5fbeff1cfc2f4b1eb9035,0.011527777777777777,0.034583333333333334,0.4667205042228902,0.7718995633050577
0.0,0.0,1,0,1,0,1,0.0,0x59463f5df94227acef8282e5d9837158ee15d197,0.0,0.0,0.0,0.0
1.05,2.150484538006012,3,1,4,1,2,0.4882618280584153,0xecf152babe1a116ae742c2d48835d94793bec004,0.011527777777777777,0.09222222222222222,0.8001211345015029,1.0273442183122854
0.0,0.0,1,0,1,0,1,0.0,0x0fb90768be88028f21940d867bf0a219ae5c583f,0.0,0.0,0.0,0.0
0.0,0.0,1,0,1,0,1,0.0,0xf123aec52c29acf8d56dae62267987615eedd50d,0.0,0.0,0.0,0.0
0.0,0.0,0,7,7,5,0,0.0,0xf7022cac823be8599576326ddda9ed8bbfe8287d,0.006388888888888889,0.025555555555555557,0.0,0.0
