eth_sent,eth_received,num_sent_txs,num_received_txs,total_txs,address
43.501999999999995,35.000000003,8,8,16,0xf7dfe2600af1daa1f163757d8c47d110db0528df
35.0,0.0,1,0,1,0xf44e5793841355012f57024d6ffc481f3f0d2ecd
2e-09,0.0,3,0,3,0x3247bfd27937bf05190acbf1016d6cf62989c903
0.0,0.0,2,0,2,0x32470a3f65d49adbe5dce87d96ee6865f659c903
1e-09,0.0,1,0,1,0x8eb96050d5c58ce65ce457855b739815b0ace069
0.0,0.000915966206177,1,7,8,0x187ff27498c25a3ed8bad735f5e0f9832c162386
20.0008079506,40.001999999999995,3,6,9,0x3247ac00f923eae3da840458d6641ea7228dc903
0.0,3.0,0,1,1,0x8eb98590c49bfaed4f9215843888e16df001e069
0.0,22.720984175063478,0,16,16,0x187fe1a8b76c60b85c00a2819152ff00ff642386
