eth_sent,eth_received,num_sent_txs,num_received_txs,total_txs,address
0.009544738028417345,0.007437928339839,11,8,19,0xf79426d815a768c5f86af18e4382ed664f2bb072
0.007437928339839,0.0,1,0,1,0xa959d05dbe75d627255c8e7d671d33c41b1dbb23
0.0,0.001971116152658,0,1,1,0xd8c28f0ba2c85f483dab4158f8004cff50f1a5b0
0.0,0.00425,0,27,27,0xfe5fc40c15c67983694642f9a8711241157fdb0a
0.0,0.00108075907411042,0,25,25,0x565e79f526245cae4a8c130ad95c7a2778f3ab4b
0.0,0.007384618131363,0,1,1,0xcbd04e908214bf9532d4f729a61276a6a075be54
