eth_sent,eth_received,num_sent_txs,num_received_txs,total_txs,address
3.150484538006012,1.05,8,1,9,0x0ae4aef7d2da932d14a5fbeff1cfc2f4b1eb9035
0.0,0.0,1,0,1,0x59463f5df94227acef8282e5d9837158ee15d197
1.05,2.150484538006012,3,1,4,0xecf152babe1a116ae742c2d48835d94793bec004
0.0,0.0,1,0,1,0x0fb90768be88028f21940d867bf0a219ae5c583f
0.0,0.0,1,0,1,0xf123aec52c29acf8d56dae62267987615eedd50d
0.0,0.0,0,7,7,0xf7022cac823be8599576326ddda9ed8bbfe8287d
