eth_sent,eth_received,num_sent_txs,num_received_txs,total_txs,address,account_age_days,avg_time_diff_hours,avg_tx_value,std_dev_tx_value
43.501999999999995,35.000000003,8,8,16,0xf7dfe2600af1daa1f163757d8c47d110db0528df,1.5315277777777778,2.4504444444444444,4.9063750001875,9.483634154762127
35.0,0.0,1,0,1,0xf44e5793841355012f57024d6ffc481f3f0d2ecd,0.0,0.0,35.0,0.0
2e-09,0.0,3,0,3,0x3247bfd27937bf05190acbf1016d6cf62989c903,0.5847222222222223,7.016666666666667,6.666666666666667e-10,5.773502691896258e-10
0.0,0.0,2,0,2,0x32470a3f65d49adbe5dce87d96ee6865f659c903,0.5623611111111111,13.496666666666666,0.0,0.0
1e-09,0.0,1,0,1,0x8eb96050d5c58ce65ce457855b739815b0ace069,0.0,0.0,1e-09,0.0
0.0,0.000915966206177,1,7,8,0x187ff27498c25a3ed8bad735f5e0f9832c162386,15.424305555555556,52.88333333333333,0.000114495775772125,7.788309252984648e-05
20.0008079506,40.001999999999995,3,6,9,0x3247ac00f923eae3da840458d6641ea7228dc903,0.6209722222222223,1.8629166666666668,6.666978661177778,6.614075863170303
0.0,3.0,0,1,1,0x8eb98590c49bfaed4f9215843888e16df001e069,0.0,0.0,3.0,0.0
0.0,22.720984175063478,0,16,16,0x187fe1a8b76c60b85c00a2819152ff00ff642386,511.69708333333335,818.7153333333334,1.4200615109414674,1.5254654681547313
