eth_sent,eth_received,num_sent_txs,num_received_txs,total_txs,address
0.07956698999999999,0.0,3,0,3,0x96d0471a061593e20f0ebc8c5b8b2d056862aeff
0.10195989816899999,0.11144818554778689,6,10,16,0xf88a188fe6468ce399ef2441dc46ad3ba0e28dce
0.011676223252487499,0.0,3,0,3,0xe81d2e1b2c5da7c818d351657fc689e7e8057242
0.0168223292870023,0.0,1,0,1,0x9a44c06533d23c27c5d8f8b06b4cdd33c65605bd
0.0033826430082971003,0.0,2,0,2,0x7df951ecf6c111e048608d0a0df93ce68f48471d
0.0,0.0,1,0,1,0x7df545298891fc45cd112adfecde226ad907c71d
6.2380582906379995,4466.4088900013485,66,110,176,0x1ab4973a48dc892cd9971ece8e01dcc7688f8f23
