eth_sent,eth_received,num_sent_txs,num_received_txs,total_txs,address,account_age_days,avg_time_diff_hours,avg_tx_value,std_dev_tx_value
0.07956698999999999,0.0,3,0,3,0x96d0471a061593e20f0ebc8c5b8b2d056862aeff,15.915833333333333,190.99,0.026522329999999997,0.01750660329672492
0.10195989816899999,0.11144818554778689,6,10,16,0xf88a188fe6468ce399ef2441dc46ad3ba0e28dce,32.852916666666665,52.56466666666666,0.01333800523229918,0.013812686529006992
0.011676223252487499,0.0,3,0,3,0xe81d2e1b2c5da7c818d351657fc689e7e8057242,14.015833333333333,168.19,0.003892074417495833,0.0017103939964501983
0.0168223292870023,0.0,1,0,1,0x9a44c06533d23c27c5d8f8b06b4cdd33c65605bd,0.0,0.0,0.0168223292870023,0.0
0.0033826430082971003,0.0,2,0,2,0x7df951ecf6c111e048608d0a0df93ce68f48471d,0.005833333333333334,0.14,0.0016913215041485501,0.001612083649535557
0.0,0.0,1,0,1,0x7df545298891fc45cd112adfecde226ad907c71d,0.0,0.0,0.0,0.0
6.2380582906379995,4466.4088900013485,66,110,176,0x1ab4973a48dc892cd9971ece8e01dcc7688f8f23,560.7894444444445,76.90826666666666,25.412766751659024,46.3532283537195
