eth_sent,eth_received,num_sent_txs,num_received_txs,total_txs,in_degree,out_degree,sent_received_ratio,address,account_age_days,avg_time_diff_hours,avg_tx_value,std_dev_tx_value
0.0008,0.0,1,0,1,0,1,800.0000000000001,0x30ff286e1ae7e67d207fc740ce962f28bb90a181,0.0,0.0,0.0008,0.0
0.0008,0.0,1,0,1,0,1,800.0000000000001,0x7c554fb40ebf5c0b82160777f76e9f7487e3498a,0.0,0.0,0.0008,0.0
0.0002,0.0,1,0,1,0,1,200.00000000000003,0x0edc49f09e8b99eaf09b3418a889432cecdbcad9,0.0,0.0,0.0002,0.0
6.4e-05,0.0,1,0,1,0,1,64.0,0x9ff435e95d7e53a80643050215198b9d1e93b059,0.0,0.0,6.4e-05,0.0
0.0015290432516039002,0.0018640000000000002,4,4,8,4,4,0.8198623332996783,0xf80e20d6c996afd945cb011ce878a3febce0f998,184.12333333333333,631.28,0.0004241304064504875,0.0003308486334440565
0.0,0.0,0,11205,11205,394,0,0.0,0xdac17f958d2ee523a2206206994597c13d831ec7,1959.5113425925927,4.197453786346146,0.0,0.0
0.0,0.00064,0,1,1,1,0,0.0,0x7a555aca45593d07a01133713a5f2156a406c0bb,0.0,0.0,0.00064,0.0
0.0,0.00064,0,1,1,1,0,0.0,0x8ffb486b7abead809aa55852480e0dfe15d1a14c,0.0,0.0,0.00064,0.0
0.0,0.0054501793455968015,0,22,22,22,0,0.0,0xc4cbab6f25aacd8cadc432abb91b85698bf9b43e,0.004583333333333333,0.005238095238095238,0.0002477354247998545,1.216885152517588e-05
