eth_sent,eth_received,num_sent_txs,num_received_txs,total_txs,in_degree,out_degree,sent_received_ratio,address,account_age_days,avg_time_diff_hours,avg_tx_value,std_dev_tx_value
0.009569346589016666,0.007446883185102,11,8,19,2,5,1.2848411221269191,0xf93e48c2c2ca68313e0b17c04db8273514545238,46.39611111111111,101.2278787878788,0.0008955910407430877,0.0023432492048555934
0.007446883185102,0.0,1,0,1,0,1,7446.883185102,0x2b08b14247a3258e53f8784c03202b20b95746f3,0.0,0.0,0.007446883185102,0.0
0.0,0.001969642843184,0,1,1,1,0,0.0,0x669582dc6029e58fae50c78b9565d8a390d488d3,0.0,0.0,0.001969642843184,0.0
0.0,0.00425,0,27,27,27,0,0.0,0xfe5fc40c15c67983694642f9a8711241157fdb0a,9.8925,9.131538461538462,0.00015740740740740743,3.849001794597505e-05
0.0,0.00108075907411042,0,25,25,25,0,0.0,0x565e79f526245cae4a8c130ad95c7a2778f3ab4b,0.018472222222222223,0.018472222222222223,4.323036296441681e-05,3.3743733084283035e-06
0.0,0.007396852753182,0,1,1,1,0,0.0,0xd0016f2a7fea11e5dccd905b0bb7f76323582798,0.0,0.0,0.007396852753182,0.0
