eth_sent,eth_received,num_sent_txs,num_received_txs,total_txs,address
0.009569346589016666,0.007446883185102,11,8,19,0xf93e48c2c2ca68313e0b17c04db8273514545238
0.007446883185102,0.0,1,0,1,0x2b08b14247a3258e53f8784c03202b20b95746f3
0.0,0.001969642843184,0,1,1,0x669582dc6029e58fae50c78b9565d8a390d488d3
0.0,0.00425,0,27,27,0xfe5fc40c15c67983694642f9a8711241157fdb0a
0.0,0.00108075907411042,0,25,25,0x565e79f526245cae4a8c130ad95c7a2778f3ab4b
0.0,0.007396852753182,0,1,1,0xd0016f2a7fea11e5dccd905b0bb7f76323582798
