eth_sent,eth_received,num_sent_txs,num_received_txs,total_txs,address,account_age_days,avg_time_diff_hours,avg_tx_value,std_dev_tx_value
754.93533307,0.0,221,0,221,0x56eddb7aa87536c09ccc2793473599fd21a8b17f,1513.7317476851852,165.1343724747475,3.415996982217195,31.648237211748274
0.0,0.0062,5,1,6,0xf9ae692ca67555d2538ce6a4cff7e95c5247b6b7,125.89583333333333,604.3,0.0010333333333333334,0.0025311394008759504
0.0,0.0,0,5741,5741,0xa0b86991c6218b36c1d19d4a2e9eb0ce3606eb48,1915.7207175925926,8.009982094463803,0.0,0.0
