eth_sent,eth_received,num_sent_txs,num_received_txs,total_txs,address
2.3699296800000003,0.0,38,0,38,0x60f9e80d0d40b2958ac39006635de782096866c3
0.196713088690191,0.1969224,3,3,6,0xfa75a6c6efed78dce96080005b5e9fb566c9bf9a
1.3291159499999998,0.0,40,0,40,0xdf1553a2130cbafa70a35e68efc6ccf67f0a278c
3.2672992500000007,0.0,38,0,38,0x32143a02fb6484d18c79fa0401c9bf760dd3de68
0.18238001,6.322001323623979,1,383,384,0x7bdb61d76ab2237102a7203da24816ef0a6408f6
