eth_sent,eth_received,num_sent_txs,num_received_txs,total_txs,in_degree,out_degree,sent_received_ratio,address,account_age_days,avg_time_diff_hours,avg_tx_value,std_dev_tx_value
2.3699296800000003,0.0,38,0,38,0,8,2369929.68,0x60f9e80d0d40b2958ac39006635de782096866c3,490.9509722222222,318.4546846846847,0.06236657052631577,0.17512565178587014
0.196713088690191,0.1969224,3,3,6,3,1,0.9989320146320396,0xfa75a6c6efed78dce96080005b5e9fb566c9bf9a,1.8284722222222223,8.776666666666667,0.06560591478169851,0.030130437058951364
1.3291159499999998,0.0,40,0,40,0,7,1329115.95,0xdf1553a2130cbafa70a35e68efc6ccf67f0a278c,492.76472222222225,303.23982905982905,0.03322789875,0.02100522870831319
3.2672992500000007,0.0,38,0,38,0,7,3267299.250000001,0x32143a02fb6484d18c79fa0401c9bf760dd3de68,483.2084722222222,313.43252252252256,0.08598155921052633,0.22066229801549647
0.18238001,6.322001323623979,1,383,384,5,1,0.028848456654070605,0x7bdb61d76ab2237102a7203da24816ef0a6408f6,140.6875,8.815926892950392,0.016938493056312447,0.02867684505197028
