eth_sent,eth_received,num_sent_txs,num_received_txs,total_txs,address
39.283481600474786,0.10398376396671251,255,71,326,0x264bd8291fae1d75db2c5f573b07faa6715997b5
29.899596000000003,30.58133529,5,171,176,0xfcdf4235e372b7470cb3d1757ac0132e77117a0d
0.0,140.13276073902253,0,168,168,0xb685760ebd368a891f27ae547391f4e2a289895b
