eth_sent,eth_received,num_sent_txs,num_received_txs,total_txs,address,account_age_days,avg_time_diff_hours,avg_tx_value,std_dev_tx_value
39.283481600474786,0.10398376396671251,255,71,326,0x264bd8291fae1d75db2c5f573b07faa6715997b5,629.8727777777777,46.51368205128205,0.12082044590319477,0.21504466562163646
29.899596000000003,30.58133529,5,171,176,0xfcdf4235e372b7470cb3d1757ac0132e77117a0d,1.9523611111111112,0.26775238095238096,0.3436416550568182,1.1744270119699876
0.0,140.13276073902253,0,168,168,0xb685760ebd368a891f27ae547391f4e2a289895b,270.09319444444446,38.81578842315369,0.8341235758275152,1.340330386527655
