eth_sent,eth_received,num_sent_txs,num_received_txs,total_txs,address
0.7578021853709027,0.0,11,0,11,0x65aa138d2df13724fba9d629e3ffbce6925fe970
0.9784462729264077,0.7665888109613027,17,16,33,0xfe8aefb03d312057a3d2af577f1193a2beb6d27c
142.22605948547314,110.69800414405059,229,467,696,0x974caa59e49682cda0ad2bbe82983419a2ecc400
0.0,0.0,0,11205,11205,0xdac17f958d2ee523a2206206994597c13d831ec7
0.0,0.0,0,5741,5741,0xa0b86991c6218b36c1d19d4a2e9eb0ce3606eb48
