eth_sent,eth_received,num_sent_txs,num_received_txs,total_txs,address
0.6405455999999581,0.0,2,0,2,0xc385dd585bd2a9b11a10366ddd34bb663f47df3b
0.57075,0.6405455999999581,214,2,216,0xfed0dde15fd37ddaf13e628bd17973e29f5068fe
0.0,0.0,0,5741,5741,0xa0b86991c6218b36c1d19d4a2e9eb0ce3606eb48
0.0,47.694851903352884,0,276,276,0x3c11f6265ddec22f4d049dde480615735f451646
0.0,0.0,0,11205,11205,0xdac17f958d2ee523a2206206994597c13d831ec7
0.0,140.13276073902253,0,168,168,0xb685760ebd368a891f27ae547391f4e2a289895b
