eth_sent,eth_received,num_sent_txs,num_received_txs,total_txs,address,account_age_days,avg_time_diff_hours,avg_tx_value,std_dev_tx_value
581.58344609,0.0,197,0,197,0x0681d8db095565fe8a346fa0277bffde9c0edbbf,1175.8008333333332,143.97561224489797,2.9522002339593905,8.57527506691134
9.976088650000001,9.98369809210315,49,49,98,0xfe039799ea9137b042cd14a58d340812a07b6649,1681.3296875,415.9990979381443,0.20367129328676678,1.0719579715715122
288.00369294210316,0.0,56,0,56,0x012259c7510e65b3acad37cbb4fd67eaac24937c,90.30944444444444,39.40775757575758,5.142923088251842,11.858881718274441
0.0,6.9857845,0,1,1,0x9d2db5a96cc64ecfbd10ababb3526b970295b882,0.0,0.0,6.9857845,0.0
0.0,2.99030415,0,1,1,0x215e8aa9cae5f213f1de7ad9e937dd2b347414f1,0.0,0.0,2.99030415,0.0
0.0,0.0,0,11205,11205,0xdac17f958d2ee523a2206206994597c13d831ec7,1959.5113425925927,4.197453786346146,0.0,0.0
