eth_sent,eth_received,num_sent_txs,num_received_txs,total_txs,address
6.2380582906379995,4466.4088900013485,66,110,176,0x1ab4973a48dc892cd9971ece8e01dcc7688f8f23
0.0,0.0006695770060000001,6,4,10,0xfe0551beca7c5b0624199495412e524cd9021cf5
0.0,0.0,0,11205,11205,0xdac17f958d2ee523a2206206994597c13d831ec7
0.0,0.0,0,5741,5741,0xa0b86991c6218b36c1d19d4a2e9eb0ce3606eb48
