eth_sent,eth_received,num_sent_txs,num_received_txs,total_txs,in_degree,out_degree,sent_received_ratio,address,account_age_days,avg_time_diff_hours,avg_tx_value,std_dev_tx_value
0.6405455999999581,0.0,2,0,2,0,1,640545.5999999581,0xc385dd585bd2a9b11a10366ddd34bb663f47df3b,5.769583333333333,138.47,0.32027279999997904,0.3505248522494518
0.57075,0.6405455999999581,214,2,216,1,4,0.8910358746733451,0xfed0dde15fd37ddaf13e628bd17973e29f5068fe,146.76236111111112,16.382775193798448,0.005607849999999805,0.05177005524673252
0.0,0.0,0,5741,5741,312,0,0.0,0xa0b86991c6218b36c1d19d4a2e9eb0ce3606eb48,1915.7207175925926,8.009982094463803,0.0,0.0
0.0,47.694851903352884,0,276,276,26,0,0.0,0x3c11f6265ddec22f4d049dde480615735f451646,679.0563888888889,59.26310303030303,0.17280743443243796,0.5809900742604839
0.0,0.0,0,11205,11205,394,0,0.0,0xdac17f958d2ee523a2206206994597c13d831ec7,1959.5113425925927,4.197453786346146,0.0,0.0
0.0,140.13276073902253,0,168,168,18,0,0.0,0xb685760ebd368a891f27ae547391f4e2a289895b,270.09319444444446,38.81578842315369,0.8341235758275152,1.340330386527655
