eth_sent,eth_received,num_sent_txs,num_received_txs,total_txs,address
0.016472174680603,0.0,1,0,1,0x5b61bffd2af595ec308ef1a8c5d05624d0b00f0c
0.0343519015718793,0.018272174680603,4,2,6,0xff4e9e981707b658613dbd5e6095cfa5a8f26b8b
261.08561597000005,0.0,308,0,308,0xdfd5293d8e347dfe59e90efd55b2956a1343963d
0.0,0.01635856,0,2,2,0xa2e3356610840701bdf5611a53974510ae27e2e1
0.0,0.658544837361494,0,54,54,0xb300000b72deaeb607a12d5f54773d1c19c7028d
0.0,0.0179933415718793,0,1,1,0x63d3acf3ee560389c0ee3ae0c00ff4c97ad9ade1
